{
  "AAPL": {
    "kappa": 0.8920185971738038,
    "theta": 0.7127634037981572,
    "sigma": 0.6461168104575346,
    "rho": -0.2970887153683406,
    "v0": 0.6275529601670259,
    "ticker": "AAPL",
    "S0_ref": 278.34,
    "rf_rate": 0.036872,
    "dividend_yield": 0.37
  }
}