{
  "AAPL": {
    "kappa": 0.00030829105060159646,
    "theta": 0.8085431003064979,
    "sigma": 3.7531623974834964,
    "rho": -0.9986607998634146,
    "v0": 3.3629502130978826,
    "ticker": "AAPL",
    "S0_ref": 278.34,
    "rf_rate": 0.036872,
    "dividend_yield": 0.37
  },
  "SPY": {
    "kappa": 0.5111593459326738,
    "theta": 1.7684749258958932,
    "sigma": 0.45464563920672113,
    "rho": 0.48403232842964183,
    "v0": 1.8466699426591473,
    "ticker": "SPY",
    "S0_ref": 683.39,
    "rf_rate": 0.036903,
    "dividend_yield": 1.09
  }
}