{
  "AAPL": {
    "kappa": 0.5900362611318639,
    "theta": 0.7210748776726255,
    "sigma": 0.8128700401458544,
    "rho": -0.5259572807577537,
    "v0": 0.730283486267285,
    "ticker": "AAPL",
    "S0_ref": 278.34,
    "rf_rate": 0.036872,
    "dividend_yield": 0.37
  }
}