{
  "AAPL": {
    "kappa": 0.00030829105060159646,
    "theta": 0.8085431003064979,
    "sigma": 3.7531623974834964,
    "rho": -0.9986607998634146,
    "v0": 3.3629502130978826,
    "ticker": "AAPL",
    "S0_ref": 278.34,
    "rf_rate": 0.036872,
    "dividend_yield": 0.37
  }
}