{
  "kappa": 0.7166929728201503,
  "theta": 0.6442549788527995,
  "sigma": 0.6872443275013232,
  "rho": -0.26148679481413584,
  "v0": 0.6423841991237049,
  "ticker": "AAPL",
  "S0_ref": 278.34,
  "rf_rate": 0.036874,
  "dividend_yield": 0.37,
  "calib_band_T": 0.02,
  "calib_target_T": 1.05,
  "span_mc": 25.0
}