K,T,S0,iv,type
500.0,0.00821917808219178,689.17,1.474612001953125,call
585.0,0.00821917808219178,689.17,0.8359391406249999,call
590.0,0.00821917808219178,689.17,0.7993184130859375,call
610.0,0.00821917808219178,689.17,0.657229990234375,call
620.0,0.00821917808219178,689.17,0.5839885351562499,call
625.0,0.00821917808219178,689.17,0.549076774902344,call
640.0,0.00821917808219178,689.17,0.6137733935546876,call
650.0,0.00821917808219178,689.17,0.5208788146972656,call
652.0,0.00821917808219178,689.17,0.5025684509277344,call
655.0,0.00821917808219178,689.17,0.47412635253906255,call
656.0,0.00821917808219178,689.17,0.4644828942871094,call
660.0,0.00821917808219178,689.17,0.42578699218750005,call
661.0,0.00821917808219178,689.17,0.41602146484374997,call
662.0,0.00821917808219178,689.17,0.4067442138671875,call
664.0,0.00821917808219178,689.17,0.3869690209960937,call
665.0,0.00821917808219178,689.17,0.37744763183593744,call
666.0,0.00821917808219178,689.17,0.36743796630859377,call
667.0,0.00821917808219178,689.17,0.3573062316894531,call
668.0,0.00821917808219178,689.17,0.347113462524414,call
669.0,0.00821917808219178,689.17,0.33685965881347657,call
670.0,0.00821917808219178,689.17,0.3270330969238281,call
671.0,0.00821917808219178,689.17,0.3170844659423828,call
672.0,0.00821917808219178,689.17,0.3070137658691406,call
673.0,0.00821917808219178,689.17,0.2973703076171874,call
674.0,0.00821917808219178,689.17,0.28748271118164054,call
675.0,0.00821917808219178,689.17,0.2775340802001953,call
676.0,0.00821917808219178,689.17,0.26782958740234375,call
677.0,0.00821917808219178,689.17,0.25794199096679693,call
678.0,0.00821917808219178,689.17,0.24872577453613282,call
679.0,0.00821917808219178,689.17,0.23670196899414062,call
680.0,0.00821917808219178,689.17,0.2302933416748047,call
681.0,0.00821917808219178,689.17,0.22095505615234373,call
682.0,0.00821917808219178,689.17,0.21253228881835937,call
683.0,0.00821917808219178,689.17,0.20392641784667967,call
684.0,0.00821917808219178,689.17,0.12427633544921876,call
685.0,0.00821917808219178,689.17,0.11988184814453123,call
686.0,0.00821917808219178,689.17,0.11438873901367189,call
687.0,0.00821917808219178,689.17,0.10877356079101563,call
688.0,0.00821917808219178,689.17,0.1056607989501953,call
689.0,0.00821917808219178,689.17,0.09986251708984376,call
690.0,0.00821917808219178,689.17,0.09528492614746095,call
691.0,0.00821917808219178,689.17,0.09137871520996094,call
692.0,0.00821917808219178,689.17,0.08802181518554689,call
693.0,0.00821917808219178,689.17,0.08503112243652346,call
694.0,0.00821917808219178,689.17,0.08216249877929688,call
695.0,0.00821917808219178,689.17,0.07959904785156251,call
696.0,0.00821917808219178,689.17,0.07789008056640626,call
697.0,0.00821917808219178,689.17,0.07666938964843752,call
698.0,0.00821917808219178,689.17,0.07740180419921877,call
699.0,0.00821917808219178,689.17,0.08301698242187502,call
700.0,0.00821917808219178,689.17,0.07569283691406252,call
701.0,0.00821917808219178,689.17,0.081063876953125,call
702.0,0.00821917808219178,689.17,0.0937590625,call
703.0,0.00821917808219178,689.17,0.10376872802734374,call
704.0,0.00821917808219178,689.17,0.0981535498046875,call
705.0,0.00821917808219178,689.17,0.10352458984374999,call
706.0,0.00821917808219178,689.17,0.117196328125,call
707.0,0.00821917808219178,689.17,0.1206142626953125,call
708.0,0.00821917808219178,689.17,0.12305564453125001,call
709.0,0.00821917808219178,689.17,0.12549702636718751,call
710.0,0.00821917808219178,689.17,0.116219775390625,call
711.0,0.00821917808219178,689.17,0.12696185546875,call
712.0,0.00821917808219178,689.17,0.125985302734375,call
713.0,0.00821917808219178,689.17,0.13086806640624998,call
714.0,0.00821917808219178,689.17,0.141610146484375,call
715.0,0.00821917808219178,689.17,0.15235222656250003,call
720.0,0.00821917808219178,689.17,0.16407085937500002,call
725.0,0.00821917808219178,689.17,0.18555501953124998,call
730.0,0.00821917808219178,689.17,0.21778125976562498,call
740.0,0.00821917808219178,689.17,0.28516339843749994,call
750.0,0.00821917808219178,689.17,0.30664755859375,call
755.0,0.00821917808219178,689.17,0.36035795898437495,call
780.0,0.00821917808219178,689.17,0.42969320312500003,call
500.0,0.010958904109589041,689.17,1.3369173779296872,call
615.0,0.010958904109589041,689.17,0.5654340332031251,call
630.0,0.010958904109589041,689.17,0.6355016918945313,call
640.0,0.010958904109589041,689.17,0.5539595385742189,call
645.0,0.010958904109589041,689.17,0.5124560473632812,call
655.0,0.010958904109589041,689.17,0.4288387194824219,call
658.0,0.010958904109589041,689.17,0.4033873138427735,call
660.0,0.010958904109589041,689.17,0.38635867553710934,call
662.0,0.010958904109589041,689.17,0.3692079681396484,call
665.0,0.010958904109589041,689.17,0.34326828613281246,call
666.0,0.010958904109589041,689.17,0.3347234497070312,call
667.0,0.010958904109589041,689.17,0.3259955096435546,call
668.0,0.010958904109589041,689.17,0.3176948114013671,call
669.0,0.010958904109589041,689.17,0.30933307861328124,call
670.0,0.010958904109589041,689.17,0.3007882421875,call
671.0,0.010958904109589041,689.17,0.2926096130371093,call
672.0,0.010958904109589041,689.17,0.28436994934082027,call
673.0,0.010958904109589041,689.17,0.27637442382812494,call
675.0,0.010958904109589041,689.17,0.2602613037109375,call
676.0,0.010958904109589041,689.17,0.25250991638183595,call
677.0,0.010958904109589041,689.17,0.2449416326904297,call
678.0,0.010958904109589041,689.17,0.2375564526367187,call
679.0,0.010958904109589041,689.17,0.2301712725830078,call
680.0,0.010958904109589041,689.17,0.22327436889648436,call
681.0,0.010958904109589041,689.17,0.21637746520996093,call
682.0,0.010958904109589041,689.17,0.14490601196289063,call
683.0,0.010958904109589041,689.17,0.14038945556640625,call
684.0,0.010958904109589041,689.17,0.1355066918945313,call
685.0,0.010958904109589041,689.17,0.13190565368652346,call
686.0,0.010958904109589041,689.17,0.12806047729492187,call
687.0,0.010958904109589041,689.17,0.12391012817382813,call
688.0,0.010958904109589041,689.17,0.11994288269042967,call
689.0,0.010958904109589041,689.17,0.11542632629394532,call
690.0,0.010958904109589041,689.17,0.11176425354003905,call
691.0,0.010958904109589041,689.17,0.1088956298828125,call
692.0,0.010958904109589041,689.17,0.10572183349609374,call
693.0,0.010958904109589041,689.17,0.10218182983398436,call
694.0,0.010958904109589041,689.17,0.09986251708984376,call
695.0,0.010958904109589041,689.17,0.09681078979492189,call
696.0,0.010958904109589041,689.17,0.09443044250488282,call
697.0,0.010958904109589041,689.17,0.092782509765625,call
698.0,0.010958904109589041,689.17,0.09046319702148437,call
699.0,0.010958904109589041,689.17,0.08826595336914064,call
700.0,0.010958904109589041,689.17,0.08765560791015625,call
701.0,0.010958904109589041,689.17,0.08594664062500001,call
702.0,0.010958904109589041,689.17,0.08741146972656251,call
703.0,0.010958904109589041,689.17,0.10132734619140624,call
704.0,0.010958904109589041,689.17,0.10572183349609374,call
705.0,0.010958904109589041,689.17,0.09961837890625,call
706.0,0.010958904109589041,689.17,0.1049894189453125,call
707.0,0.010958904109589041,689.17,0.1054776953125,call
708.0,0.010958904109589041,689.17,0.10743080078125,call
709.0,0.010958904109589041,689.17,0.1176846044921875,call
710.0,0.010958904109589041,689.17,0.12256736816406251,call
711.0,0.010958904109589041,689.17,0.12500875,call
712.0,0.010958904109589041,689.17,0.118172880859375,call
713.0,0.010958904109589041,689.17,0.13086806640624998,call
714.0,0.010958904109589041,689.17,0.131844619140625,call
715.0,0.010958904109589041,689.17,0.12500875,call
720.0,0.010958904109589041,689.17,0.15332877929687502,call
725.0,0.010958904109589041,689.17,0.16602396484375004,call
730.0,0.010958904109589041,689.17,0.20117986328124998,call
740.0,0.010958904109589041,689.17,0.249030947265625,call
750.0,0.010958904109589041,689.17,0.295905478515625,call
755.0,0.010958904109589041,689.17,0.32227240234374993,call
765.0,0.010958904109589041,689.17,0.362311064453125,call
770.0,0.010958904109589041,689.17,0.34961587890624996,call
775.0,0.010958904109589041,689.17,0.367193828125,call
780.0,0.010958904109589041,689.17,0.42188078125,call
785.0,0.010958904109589041,689.17,0.4023497265625,call
790.0,0.010958904109589041,689.17,0.41992767578125,call
865.0,0.010958904109589041,689.17,0.6250037500000001,call
870.0,0.010958904109589041,689.17,0.6875031250000001,call
650.0,0.0136986301369863,689.17,0.43506424316406256,call
657.0,0.0136986301369863,689.17,0.3813538427734374,call
659.0,0.0136986301369863,689.17,0.366217275390625,call
660.0,0.0136986301369863,689.17,0.35864899169921877,call
664.0,0.0136986301369863,689.17,1.0000000000000003e-05,call
665.0,0.0136986301369863,689.17,0.32019722778320303,call
666.0,0.0136986301369863,689.17,0.31262894409179687,call
667.0,0.0136986301369863,689.17,1.0000000000000003e-05,call
668.0,0.0136986301369863,689.17,0.297736514892578,call
670.0,0.0136986301369863,689.17,0.28284408569335934,call
671.0,0.0136986301369863,689.17,0.2756420092773437,call
672.0,0.0136986301369863,689.17,0.26868407104492187,call
673.0,0.0136986301369863,689.17,1.0000000000000003e-05,call
675.0,0.0136986301369863,689.17,0.24793232543945312,call
676.0,0.0136986301369863,689.17,0.2389602471923828,call
677.0,0.0136986301369863,689.17,0.23462679443359374,call
678.0,0.0136986301369863,689.17,0.22827920166015625,call
679.0,0.0136986301369863,689.17,0.22199264343261715,call
680.0,0.0136986301369863,689.17,0.21576711975097657,call
681.0,0.0136986301369863,689.17,0.1506432592773438,call
682.0,0.0136986301369863,689.17,0.17414155944824222,call
683.0,0.0136986301369863,689.17,0.14984981018066407,call
684.0,0.0136986301369863,689.17,0.1381922119140625,call
685.0,0.0136986301369863,689.17,0.13471324279785157,call
686.0,0.0136986301369863,689.17,0.13141737731933595,call
687.0,0.0136986301369863,689.17,0.12787737365722657,call
688.0,0.0136986301369863,689.17,0.1243373699951172,call
689.0,0.0136986301369863,689.17,0.12043115905761718,call
690.0,0.0136986301369863,689.17,0.11713529357910156,call
691.0,0.0136986301369863,689.17,0.11353425537109374,call
692.0,0.0136986301369863,689.17,0.11634184448242188,call
693.0,0.0136986301369863,689.17,0.10816321533203124,call
694.0,0.0136986301369863,689.17,0.10535562622070313,call
695.0,0.0136986301369863,689.17,0.10303631347656249,call
696.0,0.0136986301369863,689.17,0.10083906982421875,call
697.0,0.0136986301369863,689.17,0.09858079162597656,call
698.0,0.0136986301369863,689.17,0.09668872070312501,call
699.0,0.0136986301369863,689.17,0.09546802978515626,call
700.0,0.0136986301369863,689.17,0.0942473388671875,call
701.0,0.0136986301369863,689.17,0.09839768798828125,call
702.0,0.0136986301369863,689.17,0.0913176806640625,call
703.0,0.0136986301369863,689.17,0.09668872070312501,call
704.0,0.0136986301369863,689.17,0.09107354248046876,call
705.0,0.0136986301369863,689.17,0.10523355712890625,call
706.0,0.0136986301369863,689.17,0.09937424072265624,call
707.0,0.0136986301369863,689.17,0.10254803710937499,call
708.0,0.0136986301369863,689.17,0.1069425244140625,call
709.0,0.0136986301369863,689.17,0.1098721826171875,call
710.0,0.0136986301369863,689.17,0.11182528808593749,call
711.0,0.0136986301369863,689.17,0.1137783935546875,call
712.0,0.0136986301369863,689.17,0.12549702636718751,call
713.0,0.0136986301369863,689.17,0.127938408203125,call
714.0,0.0136986301369863,689.17,0.129891513671875,call
715.0,0.0136986301369863,689.17,0.124032197265625,call
720.0,0.0136986301369863,689.17,0.132821171875,call
725.0,0.0136986301369863,689.17,0.159188095703125,call
730.0,0.0136986301369863,689.17,0.16993017578125003,call
735.0,0.0136986301369863,689.17,0.20313296874999998,call
740.0,0.0136986301369863,689.17,0.20508607421874997,call
750.0,0.0136986301369863,689.17,0.264655791015625,call
780.0,0.0136986301369863,689.17,0.35156898437499995,call
785.0,0.0136986301369863,689.17,0.367193828125,call
790.0,0.0136986301369863,689.17,0.418951123046875,call
810.0,0.0136986301369863,689.17,0.445318046875,call
830.0,0.0136986301369863,689.17,0.50586431640625,call
845.0,0.0136986301369863,689.17,0.5585981640625001,call
500.0,0.01643835616438356,689.17,1.1667522131347656,call
610.0,0.01643835616438356,689.17,0.5290574438476563,call
615.0,0.01643835616438356,689.17,0.5012256909179689,call
625.0,0.01643835616438356,689.17,0.5819133605957032,call
630.0,0.01643835616438356,689.17,0.5477340148925782,call
640.0,0.01643835616438356,689.17,0.36597313720703123,call
645.0,0.01643835616438356,689.17,0.44434149414062496,call
650.0,0.01643835616438356,689.17,0.4096738720703125,call
651.0,0.01643835616438356,689.17,0.402899037475586,call
660.0,0.01643835616438356,689.17,0.2644116528320312,call
662.0,0.01643835616438356,689.17,0.3262396478271484,call
665.0,0.01643835616438356,689.17,0.3064644549560547,call
668.0,0.01643835616438356,689.17,0.2866892620849609,call
669.0,0.01643835616438356,689.17,0.13160048095703125,call
670.0,0.01643835616438356,689.17,0.2739330419921875,call
675.0,0.01643835616438356,689.17,0.24353783813476562,call
676.0,0.01643835616438356,689.17,0.23780059082031246,call
677.0,0.01643835616438356,689.17,0.22382367980957027,call
678.0,0.01643835616438356,689.17,0.22666178619384764,call
679.0,0.01643835616438356,689.17,0.16736672485351564,call
680.0,0.01643835616438356,689.17,0.16254499572753905,call
681.0,0.01643835616438356,689.17,0.16004257934570312,call
682.0,0.01643835616438356,689.17,0.1555870574951172,call
683.0,0.01643835616438356,689.17,0.15241326110839848,call
684.0,0.01643835616438356,689.17,0.148446015625,call
685.0,0.01643835616438356,689.17,0.14447877014160154,call
686.0,0.01643835616438356,689.17,0.1412439392089844,call
687.0,0.01643835616438356,689.17,0.13922979919433598,call
688.0,0.01643835616438356,689.17,0.13599496826171875,call
689.0,0.01643835616438356,689.17,0.13355358642578125,call
690.0,0.01643835616438356,689.17,0.12659564819335936,call
691.0,0.01643835616438356,689.17,0.12427633544921876,call
692.0,0.01643835616438356,689.17,0.12156029815673827,call
693.0,0.01643835616438356,689.17,0.11917995086669922,call
694.0,0.01643835616438356,689.17,0.11628080993652344,call
695.0,0.01643835616438356,689.17,0.11396149719238281,call
696.0,0.01643835616438356,689.17,0.11200839172363279,call
697.0,0.01643835616438356,689.17,0.10981114807128906,call
698.0,0.01643835616438356,689.17,0.10804114624023436,call
699.0,0.01643835616438356,689.17,0.10651528259277344,call
700.0,0.01643835616438356,689.17,0.10486734985351562,call
701.0,0.01643835616438356,689.17,0.10382976257324218,call
702.0,0.01643835616438356,689.17,0.10254803710937499,call
703.0,0.01643835616438356,689.17,0.10157148437499999,call
704.0,0.01643835616438356,689.17,0.10083906982421875,call
705.0,0.01643835616438356,689.17,0.10254803710937499,call
706.0,0.01643835616438356,689.17,0.10352458984374999,call
707.0,0.01643835616438356,689.17,0.10596597167968749,call
708.0,0.01643835616438356,689.17,0.1069425244140625,call
709.0,0.01643835616438356,689.17,0.1128018408203125,call
710.0,0.01643835616438356,689.17,0.11133701171874999,call
711.0,0.01643835616438356,689.17,0.1137783935546875,call
712.0,0.01643835616438356,689.17,0.13062392822265623,call
713.0,0.01643835616438356,689.17,0.1206142626953125,call
714.0,0.01643835616438356,689.17,0.13697152099609378,call
715.0,0.01643835616438356,689.17,0.13477427734375003,call
720.0,0.01643835616438356,689.17,0.14405152832031248,call
730.0,0.01643835616438356,689.17,0.16993017578125003,call
735.0,0.01643835616438356,689.17,0.187508125,call
745.0,0.01643835616438356,689.17,0.20703917968749996,call
750.0,0.01643835616438356,689.17,0.22266402343749997,call
765.0,0.01643835616438356,689.17,0.2880930566406249,call
840.0,0.01643835616438356,689.17,0.49609878906250005,call
845.0,0.01643835616438356,689.17,0.507817421875,call
850.0,0.01643835616438356,689.17,0.523442265625,call
855.0,0.01643835616438356,689.17,0.5039112109375,call
865.0,0.01643835616438356,689.17,0.570316796875,call
80.0,0.019178082191780823,689.17,6.042971196289063,call
100.0,0.019178082191780823,689.17,5.417971977539061,call
150.0,0.019178082191780823,689.17,4.322270222167968,call
155.0,0.019178082191780823,689.17,4.2304734619140625,call
160.0,0.019178082191780823,689.17,4.148442314453126,call
165.0,0.019178082191780823,689.17,4.066411166992188,call
170.0,0.019178082191780823,689.17,1.0000000000000003e-05,call
175.0,0.019178082191780823,689.17,1.0000000000000003e-05,call
180.0,0.019178082191780823,689.17,3.8339847900390627,call
185.0,0.019178082191780823,689.17,3.7587896655273436,call
190.0,0.019178082191780823,689.17,1.0000000000000003e-05,call
195.0,0.019178082191780823,689.17,3.621094697265625,call
200.0,0.019178082191780823,689.17,3.551758933105469,call
205.0,0.019178082191780823,689.17,3.491212209472656,call
210.0,0.019178082191780823,689.17,3.4248061254882813,call
215.0,0.019178082191780823,689.17,1.0000000000000003e-05,call
220.0,0.019178082191780823,689.17,3.303712678222656,call
225.0,0.019178082191780823,689.17,3.2421893945312497,call
230.0,0.019178082191780823,689.17,3.1845723510742188,call
235.0,0.019178082191780823,689.17,3.128908427734375,call
240.0,0.019178082191780823,689.17,1.0000000000000003e-05,call
245.0,0.019178082191780823,689.17,3.0175805810546876,call
250.0,0.019178082191780823,689.17,2.9648463378906245,call
255.0,0.019178082191780823,689.17,1.0000000000000003e-05,call
260.0,0.019178082191780823,689.17,2.8623075317382813,call
265.0,0.019178082191780823,689.17,1.0000000000000003e-05,call
270.0,0.019178082191780823,689.17,2.7587921655273435,call
275.0,0.019178082191780823,689.17,2.713870402832031,call
280.0,0.019178082191780823,689.17,2.6640658398437504,call
285.0,0.019178082191780823,689.17,1.0000000000000003e-05,call
290.0,0.019178082191780823,689.17,2.572269194335937,call
295.0,0.019178082191780823,689.17,2.5253943115234367,call
300.0,0.019178082191780823,689.17,2.4785194287109373,call
305.0,0.019178082191780823,689.17,2.43750390625,call
310.0,0.019178082191780823,689.17,2.3925821435546872,call
315.0,0.019178082191780823,689.17,2.350590061035156,call
320.0,0.019178082191780823,689.17,2.3095745385742186,call
325.0,0.019178082191780823,689.17,2.2666058959960935,call
330.0,0.019178082191780823,689.17,2.2265669335937495,call
335.0,0.019178082191780823,689.17,2.1865279711914063,call
340.0,0.019178082191780823,689.17,2.145512448730469,call
345.0,0.019178082191780823,689.17,2.1093797265624996,call
350.0,0.019178082191780823,689.17,2.069340764160156,call
355.0,0.019178082191780823,689.17,2.0293018017578124,call
360.0,0.019178082191780823,689.17,1.9946289331054685,call
365.0,0.019178082191780823,689.17,1.9560549072265625,call
370.0,0.019178082191780823,689.17,1.9179691601562503,call
375.0,0.019178082191780823,689.17,1.8837896435546875,call
380.0,0.019178082191780823,689.17,1.8466804541015622,call
385.0,0.019178082191780823,689.17,1.8134774951171875,call
390.0,0.019178082191780823,689.17,1.7773448632812499,call
395.0,0.019178082191780823,689.17,1.741700510253906,call
400.0,0.019178082191780823,689.17,1.7094741088867185,call
405.0,0.019178082191780823,689.17,1.674318034667969,call
410.0,0.019178082191780823,689.17,1.6416033544921875,call
415.0,0.019178082191780823,689.17,1.6084003955078123,call
420.0,0.019178082191780823,689.17,1.5747091577148438,call
425.0,0.019178082191780823,689.17,1.5424827563476562,call
430.0,0.019178082191780823,689.17,1.5107446337890624,call
435.0,0.019178082191780823,689.17,1.4775416748046877,call
440.0,0.019178082191780823,689.17,1.4477566674804687,call
445.0,0.019178082191780823,689.17,1.4155302661132816,call
450.0,0.019178082191780823,689.17,1.3847687011718748,call
455.0,0.019178082191780823,689.17,1.3544954150390622,call
460.0,0.019178082191780823,689.17,1.3227572924804685,call
465.0,0.019178082191780823,689.17,1.29297228515625,call
470.0,0.019178082191780823,689.17,1.263187277832031,call
475.0,0.019178082191780823,689.17,1.2324257128906249,call
480.0,0.019178082191780823,689.17,1.2045938208007811,call
485.0,0.019178082191780823,689.17,1.1743205346679688,call
490.0,0.019178082191780823,689.17,1.1464886425781249,call
495.0,0.019178082191780823,689.17,1.1167036352539061,call
500.0,0.019178082191780823,689.17,1.0883834643554686,call
505.0,0.019178082191780823,689.17,1.0600632934570315,call
510.0,0.019178082191780823,689.17,1.0307665649414064,call
515.0,0.019178082191780823,689.17,1.0039112304687499,call
520.0,0.019178082191780823,689.17,0.9750979052734375,call
525.0,0.019178082191780823,689.17,0.94726615234375,call
530.0,0.019178082191780823,689.17,0.91992267578125,call
535.0,0.019178082191780823,689.17,0.89257919921875,call
540.0,0.019178082191780823,689.17,0.8652357226562499,call
545.0,0.019178082191780823,689.17,0.8374039697265624,call
550.0,0.019178082191780823,689.17,0.8112811840820311,call
555.0,0.019178082191780823,689.17,0.7836935693359376,call
560.0,0.019178082191780823,689.17,0.7575707836914063,call
565.0,0.019178082191780823,689.17,0.7309597216796875,call
570.0,0.019178082191780823,689.17,0.7041045214843751,call
575.0,0.019178082191780823,689.17,0.6770051831054689,call
580.0,0.019178082191780823,689.17,0.6511265356445313,call
585.0,0.019178082191780823,689.17,0.624027197265625,call
590.0,0.019178082191780823,689.17,0.5983926879882813,call
595.0,0.019178082191780823,689.17,0.5720257641601563,call
600.0,0.019178082191780823,689.17,0.5455367712402344,call
601.0,0.019178082191780823,689.17,0.5400436621093752,call
602.0,0.019178082191780823,689.17,0.5346726220703125,call
603.0,0.019178082191780823,689.17,0.5300339965820313,call
604.0,0.019178082191780823,689.17,0.5251512329101562,call
605.0,0.019178082191780823,689.17,0.5197801928710937,call
606.0,0.019178082191780823,689.17,0.5144091528320311,call
607.0,0.019178082191780823,689.17,0.5090381127929688,call
608.0,0.019178082191780823,689.17,0.5035450036621094,call
609.0,0.019178082191780823,689.17,0.6452672192382812,call
610.0,0.019178082191780823,689.17,0.6389196264648438,call
611.0,0.019178082191780823,689.17,0.6324499645996093,call
612.0,0.019178082191780823,689.17,0.6259803027343751,call
613.0,0.019178082191780823,689.17,0.6196327099609377,call
614.0,0.019178082191780823,689.17,0.6131630480957033,call
615.0,0.019178082191780823,689.17,0.6073037316894532,call
616.0,0.019178082191780823,689.17,0.6008340698242189,call
617.0,0.019178082191780823,689.17,0.5943644079589845,call
618.0,0.019178082191780823,689.17,0.5880168151855469,call
619.0,0.019178082191780823,689.17,0.5815471533203125,call
620.0,0.019178082191780823,689.17,0.47461462890625,call
621.0,0.019178082191780823,689.17,0.5692181750488281,call
622.0,0.019178082191780823,689.17,0.5627485131835939,call
623.0,0.019178082191780823,689.17,0.5562788513183594,call
624.0,0.019178082191780823,689.17,0.5497481549072267,call
625.0,0.019178082191780823,689.17,0.5438278039550781,call
626.0,0.019178082191780823,689.17,0.5373581420898439,call
627.0,0.019178082191780823,689.17,0.530827445678711,call
628.0,0.019178082191780823,689.17,0.5242967492675781,call
629.0,0.019178082191780823,689.17,0.5183153637695312,call
630.0,0.019178082191780823,689.17,0.4669242761230469,call
631.0,0.019178082191780823,689.17,0.5052539709472657,call
632.0,0.019178082191780823,689.17,0.49878430908203125,call
633.0,0.019178082191780823,689.17,0.49268085449218757,call
634.0,0.019178082191780823,689.17,0.4862111926269531,call
635.0,0.019178082191780823,689.17,0.47961946166992186,call
636.0,0.019178082191780823,689.17,0.4735160070800781,call
637.0,0.019178082191780823,689.17,0.4669242761230469,call
638.0,0.019178082191780823,689.17,0.4603325451660156,call
639.0,0.019178082191780823,689.17,0.4542290905761719,call
640.0,0.019178082191780823,689.17,0.36646141357421874,call
641.0,0.019178082191780823,689.17,0.4414118359375,call
642.0,0.019178082191780823,689.17,0.4348201049804688,call
643.0,0.019178082191780823,689.17,0.42810630493164065,call
644.0,0.019178082191780823,689.17,0.42188078125,call
645.0,0.019178082191780823,689.17,0.32642275146484373,call
646.0,0.019178082191780823,689.17,0.4089414575195312,call
647.0,0.019178082191780823,689.17,0.4027159338378906,call
648.0,0.019178082191780823,689.17,0.3959410992431641,call
649.0,0.019178082191780823,689.17,0.38959350646972657,call
650.0,0.019178082191780823,689.17,0.383245913696289,call
651.0,0.019178082191780823,689.17,0.3764710791015625,call
652.0,0.019178082191780823,689.17,0.37000141723632807,call
653.0,0.019178082191780823,689.17,0.3635927899169922,call
654.0,0.019178082191780823,689.17,0.35712312805175783,call
655.0,0.019178082191780823,689.17,0.3502262243652343,call
656.0,0.019178082191780823,689.17,0.34363449340820307,call
657.0,0.019178082191780823,689.17,0.337470004272461,call
658.0,0.019178082191780823,689.17,0.3308782733154296,call
659.0,0.019178082191780823,689.17,0.32459171508789053,call
660.0,0.019178082191780823,689.17,0.2613599255371094,call
661.0,0.019178082191780823,689.17,0.311957564086914,call
662.0,0.019178082191780823,689.17,0.30591514404296877,call
663.0,0.019178082191780823,689.17,0.29944548217773437,call
664.0,0.019178082191780823,689.17,0.29321995849609367,call
665.0,0.019178082191780823,689.17,0.2873606420898437,call
666.0,0.019178082191780823,689.17,0.2810130493164062,call
667.0,0.019178082191780823,689.17,0.27497062927246096,call
668.0,0.019178082191780823,689.17,0.2688061401367187,call
669.0,0.019178082191780823,689.17,0.2629468237304688,call
670.0,0.019178082191780823,689.17,0.2549512982177735,call
671.0,0.019178082191780823,689.17,0.24268335449218748,call
672.0,0.019178082191780823,689.17,0.24549094360351562,call
673.0,0.019178082191780823,689.17,0.23975369628906246,call
674.0,0.019178082191780823,689.17,0.23413851806640623,call
675.0,0.019178082191780823,689.17,0.17194431579589847,call
676.0,0.019178082191780823,689.17,0.22333540344238278,call
677.0,0.019178082191780823,689.17,0.16700051757812504,call
678.0,0.019178082191780823,689.17,0.1970905487060547,call
679.0,0.019178082191780823,689.17,0.2024005541992187,call
680.0,0.019178082191780823,689.17,0.15729602478027344,call
681.0,0.019178082191780823,689.17,0.15143670837402345,call
682.0,0.019178082191780823,689.17,0.14832394653320313,call
683.0,0.019178082191780823,689.17,0.14313601013183597,call
684.0,0.019178082191780823,689.17,0.14148807739257813,call
685.0,0.019178082191780823,689.17,0.13721565917968753,call
686.0,0.019178082191780823,689.17,0.13544565734863284,call
687.0,0.019178082191780823,689.17,0.13251599914550782,call
688.0,0.019178082191780823,689.17,0.125985302734375,call
689.0,0.019178082191780823,689.17,0.12317771362304689,call
690.0,0.019178082191780823,689.17,0.12037012451171875,call
691.0,0.019178082191780823,689.17,0.11774563903808594,call
692.0,0.019178082191780823,689.17,0.11597563720703125,call
693.0,0.019178082191780823,689.17,0.11353425537109374,call
694.0,0.019178082191780823,689.17,0.11200839172363279,call
695.0,0.019178082191780823,689.17,0.10968907897949219,call
696.0,0.019178082191780823,689.17,0.10804114624023436,call
697.0,0.019178082191780823,689.17,0.10621010986328125,call
698.0,0.019178082191780823,689.17,0.10486734985351562,call
699.0,0.019178082191780823,689.17,0.10382976257324218,call
700.0,0.019178082191780823,689.17,0.10193769165039063,call
701.0,0.019178082191780823,689.17,0.10144941528320311,call
702.0,0.019178082191780823,689.17,0.0991301025390625,call
703.0,0.019178082191780823,689.17,0.1001066552734375,call
704.0,0.019178082191780823,689.17,0.10083906982421875,call
705.0,0.019178082191780823,689.17,0.09925217163085936,call
706.0,0.019178082191780823,689.17,0.10315838256835935,call
707.0,0.019178082191780823,689.17,0.10328045166015623,call
708.0,0.019178082191780823,689.17,0.10242596801757811,call
709.0,0.019178082191780823,689.17,0.1001066552734375,call
710.0,0.019178082191780823,689.17,0.10254803710937499,call
711.0,0.019178082191780823,689.17,0.11133701171874999,call
712.0,0.019178082191780823,689.17,0.1137783935546875,call
713.0,0.019178082191780823,689.17,0.116219775390625,call
714.0,0.019178082191780823,689.17,0.11231356445312499,call
715.0,0.019178082191780823,689.17,0.1206142626953125,call
716.0,0.019178082191780823,689.17,0.12647357910156248,call
717.0,0.019178082191780823,689.17,0.12842668457031248,call
718.0,0.019178082191780823,689.17,0.1215908154296875,call
719.0,0.019178082191780823,689.17,0.13086806640624998,call
720.0,0.019178082191780823,689.17,0.1289149609375,call
725.0,0.019178082191780823,689.17,0.14649291015625,call
730.0,0.019178082191780823,689.17,0.159188095703125,call
735.0,0.019178082191780823,689.17,0.180672255859375,call
740.0,0.019178082191780823,689.17,0.1914143359375,call
745.0,0.019178082191780823,689.17,0.20117986328124998,call
750.0,0.019178082191780823,689.17,0.21680470703125,call
755.0,0.019178082191780823,689.17,0.23242955078125,call
760.0,0.019178082191780823,689.17,0.23633576171874998,call
765.0,0.019178082191780823,689.17,0.2500075,call
770.0,0.019178082191780823,689.17,0.26563234375,call
775.0,0.019178082191780823,689.17,0.27930408203124996,call
780.0,0.019178082191780823,689.17,0.304694453125,call
785.0,0.019178082191780823,689.17,0.30664755859375,call
790.0,0.019178082191780823,689.17,0.32031929687499994,call
795.0,0.019178082191780823,689.17,0.3320379296875,call
800.0,0.019178082191780823,689.17,0.34766277343749996,call
805.0,0.019178082191780823,689.17,0.37305314453125,call
810.0,0.019178082191780823,689.17,0.38672488281249995,call
815.0,0.019178082191780823,689.17,0.398443515625,call
820.0,0.019178082191780823,689.17,0.41211525390625,call
825.0,0.019178082191780823,689.17,0.42578699218750005,call
830.0,0.019178082191780823,689.17,0.437505625,call
835.0,0.019178082191780823,689.17,0.49023947265625006,call
840.0,0.019178082191780823,689.17,0.445318046875,call
845.0,0.019178082191780823,689.17,0.51758294921875,call
855.0,0.019178082191780823,689.17,0.500005,call
900.0,0.019178082191780823,689.17,0.5312546875,call
675.0,0.0273972602739726,689.17,0.11164218444824218,call
681.0,0.030136986301369864,689.17,0.10431803894042967,call
685.0,0.030136986301369864,689.17,0.10038131072998047,call
687.0,0.030136986301369864,689.17,0.09736010070800781,call
699.0,0.030136986301369864,689.17,0.08777767700195313,call
704.0,0.030136986301369864,689.17,0.08704526245117189,call
400.0,0.038356164383561646,689.17,1.2504920288085937,call
410.0,0.038356164383561646,689.17,1.199711032714844,call
425.0,0.038356164383561646,689.17,1.1284223266601563,call
435.0,0.038356164383561646,689.17,1.0800827246093752,call
445.0,0.038356164383561646,689.17,1.035649353027344,call
450.0,0.038356164383561646,689.17,1.0122119702148438,call
455.0,0.038356164383561646,689.17,0.9907227490234375,call
480.0,0.038356164383561646,689.17,0.8811047045898437,call
485.0,0.038356164383561646,689.17,0.8588881298828125,call
490.0,0.038356164383561646,689.17,0.8371598315429687,call
500.0,0.038356164383561646,689.17,0.7954122021484374,call
505.0,0.038356164383561646,689.17,0.7753928710937501,call
510.0,0.038356164383561646,689.17,0.7541528491210938,call
515.0,0.038356164383561646,689.17,0.7336452416992187,call
520.0,0.038356164383561646,689.17,0.7133817724609376,call
530.0,0.038356164383561646,689.17,0.673098972167969,call
535.0,0.038356164383561646,689.17,0.6523472265625001,call
540.0,0.038356164383561646,689.17,0.6330603100585939,call
545.0,0.038356164383561646,689.17,0.6125527026367189,call
550.0,0.038356164383561646,689.17,0.5935099243164064,call
555.0,0.038356164383561646,689.17,0.5732464550781251,call
560.0,0.038356164383561646,689.17,0.5537154003906251,call
565.0,0.038356164383561646,689.17,0.534184345703125,call
575.0,0.038356164383561646,689.17,0.6289099609375001,call
580.0,0.038356164383561646,689.17,0.6058389025878907,call
585.0,0.038356164383561646,689.17,0.582889913330078,call
590.0,0.038356164383561646,689.17,0.5598798895263672,call
595.0,0.038356164383561646,689.17,0.5363815893554689,call
600.0,0.038356164383561646,689.17,0.5134326000976561,call
605.0,0.038356164383561646,689.17,0.4904836108398438,call
610.0,0.038356164383561646,689.17,0.4674125524902344,call
615.0,0.038356164383561646,689.17,0.44434149414062496,call
620.0,0.038356164383561646,689.17,0.4215756085205078,call
625.0,0.038356164383561646,689.17,0.3986876538085938,call
630.0,0.038356164383561646,689.17,0.3756165954589844,call
635.0,0.038356164383561646,689.17,0.35278967529296873,call
640.0,0.038356164383561646,689.17,0.32959654785156245,call
645.0,0.038356164383561646,689.17,0.3068306622314453,call
648.0,0.038356164383561646,689.17,0.2926096130371093,call
649.0,0.038356164383561646,689.17,0.28827616027832026,call
650.0,0.038356164383561646,689.17,0.28357650024414055,call
651.0,0.038356164383561646,689.17,0.2791820129394531,call
652.0,0.038356164383561646,689.17,0.2747875256347656,call
653.0,0.038356164383561646,689.17,0.27033200378417965,call
654.0,0.038356164383561646,689.17,0.26581544738769536,call
655.0,0.038356164383561646,689.17,0.2616040637207031,call
656.0,0.038356164383561646,689.17,0.2570569900512696,call
657.0,0.038356164383561646,689.17,0.25275405456542965,call
658.0,0.038356164383561646,689.17,0.24842060180664063,call
659.0,0.038356164383561646,689.17,0.24402611450195313,call
660.0,0.038356164383561646,689.17,0.23960110992431638,call
661.0,0.038356164383561646,689.17,0.2354202435302734,call
662.0,0.038356164383561646,689.17,0.23114782531738282,call
663.0,0.038356164383561646,689.17,0.2268143725585937,call
664.0,0.038356164383561646,689.17,0.22272505798339842,call
665.0,0.038356164383561646,689.17,0.21854419158935545,call
666.0,0.038356164383561646,689.17,0.21454642883300779,call
667.0,0.038356164383561646,689.17,0.2104571142578125,call
668.0,0.038356164383561646,689.17,0.2063067651367187,call
669.0,0.038356164383561646,689.17,0.20255314056396478,call
670.0,0.038356164383561646,689.17,0.1726156958007813,call
671.0,0.038356164383561646,689.17,0.1947407186889648,call
672.0,0.038356164383561646,689.17,0.19089554229736327,call
673.0,0.038356164383561646,689.17,0.1871419177246094,call
674.0,0.038356164383561646,689.17,0.1835103622436523,call
675.0,0.038356164383561646,689.17,0.14020635192871095,call
676.0,0.038356164383561646,689.17,0.13758186645507814,call
677.0,0.038356164383561646,689.17,0.16007309661865232,call
678.0,0.038356164383561646,689.17,0.13233289550781252,call
679.0,0.038356164383561646,689.17,0.12992203094482419,call
680.0,0.038356164383561646,689.17,0.12702289001464845,call
681.0,0.038356164383561646,689.17,0.12629047546386718,call
682.0,0.038356164383561646,689.17,0.12284202362060548,call
683.0,0.038356164383561646,689.17,0.12009546905517576,call
684.0,0.038356164383561646,689.17,0.11798977722167968,call
685.0,0.038356164383561646,689.17,0.1160671890258789,call
686.0,0.038356164383561646,689.17,0.11304597900390626,call
687.0,0.038356164383561646,689.17,0.11057407989501952,call
688.0,0.038356164383561646,689.17,0.1087430435180664,call
689.0,0.038356164383561646,689.17,0.10682045532226564,call
690.0,0.038356164383561646,689.17,0.10462321166992186,call
691.0,0.038356164383561646,689.17,0.10260907165527343,call
692.0,0.038356164383561646,689.17,0.10083906982421875,call
693.0,0.038356164383561646,689.17,0.10273114074707031,call
694.0,0.038356164383561646,689.17,0.09739061798095702,call
695.0,0.038356164383561646,689.17,0.10099165618896484,call
696.0,0.038356164383561646,689.17,0.09461354614257814,call
697.0,0.038356164383561646,689.17,0.09348440704345704,call
698.0,0.038356164383561646,689.17,0.09192802612304687,call
699.0,0.038356164383561646,689.17,0.09076836975097656,call
700.0,0.038356164383561646,689.17,0.08966974792480469,call
701.0,0.038356164383561646,689.17,0.08893733337402344,call
702.0,0.038356164383561646,689.17,0.08802181518554689,call
703.0,0.038356164383561646,689.17,0.08765560791015625,call
704.0,0.038356164383561646,689.17,0.08704526245117189,call
705.0,0.038356164383561646,689.17,0.08643491699218751,call
706.0,0.038356164383561646,689.17,0.08637388244628907,call
707.0,0.038356164383561646,689.17,0.08619077880859377,call
708.0,0.038356164383561646,689.17,0.08765560791015625,call
709.0,0.038356164383561646,689.17,0.088876298828125,call
710.0,0.038356164383561646,689.17,0.0922942333984375,call
711.0,0.038356164383561646,689.17,0.09632251342773437,call
712.0,0.038356164383561646,689.17,0.09559009887695313,call
713.0,0.038356164383561646,689.17,0.0922942333984375,call
714.0,0.038356164383561646,689.17,0.09449147705078126,call
715.0,0.038356164383561646,689.17,0.10132734619140624,call
720.0,0.038356164383561646,689.17,0.10352458984374999,call
725.0,0.038356164383561646,689.17,0.1206142626953125,call
730.0,0.038356164383561646,689.17,0.1289149609375,call
735.0,0.038356164383561646,689.17,0.131844619140625,call
740.0,0.038356164383561646,689.17,0.1401453173828125,call
745.0,0.038356164383561646,689.17,0.15137567382812503,call
750.0,0.038356164383561646,689.17,0.15821154296875,call
755.0,0.038356164383561646,689.17,0.174812939453125,call
760.0,0.038356164383561646,689.17,0.179695703125,call
765.0,0.038356164383561646,689.17,0.18360191406249998,call
770.0,0.038356164383561646,689.17,0.19336744140625,call
775.0,0.038356164383561646,689.17,0.20313296874999998,call
780.0,0.038356164383561646,689.17,0.22266402343749997,call
785.0,0.038356164383561646,689.17,0.22461712890624996,call
790.0,0.038356164383561646,689.17,0.5645185150146486,call
795.0,0.038356164383561646,689.17,0.582462671508789,call
800.0,0.038356164383561646,689.17,0.5023243127441408,call
345.0,0.052054794520547946,689.17,1.325686965332031,call
350.0,0.052054794520547946,689.17,1.3007847460937496,call
355.0,0.052054794520547946,689.17,1.0000000000000003e-05,call
360.0,0.052054794520547946,689.17,1.0000000000000003e-05,call
365.0,0.052054794520547946,689.17,1.4611843347167968,call
370.0,0.052054794520547946,689.17,1.0000000000000003e-05,call
375.0,0.052054794520547946,689.17,1.0000000000000003e-05,call
380.0,0.052054794520547946,689.17,1.0000000000000003e-05,call
385.0,0.052054794520547946,689.17,1.0000000000000003e-05,call
390.0,0.052054794520547946,689.17,1.0000000000000003e-05,call
395.0,0.052054794520547946,689.17,1.0000000000000003e-05,call
400.0,0.052054794520547946,689.17,1.0810592822265626,call
405.0,0.052054794520547946,689.17,1.0000000000000003e-05,call
410.0,0.052054794520547946,689.17,1.0000000000000003e-05,call
415.0,0.052054794520547946,689.17,1.0170947583007814,call
420.0,0.052054794520547946,689.17,1.0000000000000003e-05,call
425.0,0.052054794520547946,689.17,0.9760744580078126,call
430.0,0.052054794520547946,689.17,0.95507857421875,call
435.0,0.052054794520547946,689.17,0.9343268286132812,call
440.0,0.052054794520547946,689.17,0.9155281884765626,call
445.0,0.052054794520547946,689.17,0.8950205810546874,call
450.0,0.052054794520547946,689.17,0.8747571118164061,call
455.0,0.052054794520547946,689.17,1.0000000000000003e-05,call
460.0,0.052054794520547946,689.17,0.8364274169921874,call
465.0,0.052054794520547946,689.17,0.8183611914062499,call
470.0,0.052054794520547946,689.17,0.79883013671875,call
475.0,0.052054794520547946,689.17,0.7800314965820312,call
480.0,0.052054794520547946,689.17,0.7614769946289064,call
485.0,0.052054794520547946,689.17,0.7424342163085937,call
490.0,0.052054794520547946,689.17,0.7248562670898437,call
495.0,0.052054794520547946,689.17,0.7060576269531251,call
500.0,0.052054794520547946,689.17,0.6887238159179689,call
505.0,0.052054794520547946,689.17,0.6701693139648439,call
510.0,0.052054794520547946,689.17,0.6516148120117189,call
515.0,0.052054794520547946,689.17,0.6347692773437501,call
520.0,0.052054794520547946,689.17,0.6164589135742189,call
525.0,0.052054794520547946,689.17,0.5996133789062501,call
530.0,0.052054794520547946,689.17,0.5815471533203125,call
535.0,0.052054794520547946,689.17,0.5649457568359376,call
536.0,0.052054794520547946,689.17,0.5612836840820312,call
537.0,0.052054794520547946,689.17,0.5578657495117189,call
538.0,0.052054794520547946,689.17,0.5542036767578126,call
539.0,0.052054794520547946,689.17,1.0000000000000003e-05,call
540.0,0.052054794520547946,689.17,0.5471236694335939,call
541.0,0.052054794520547946,689.17,1.0000000000000003e-05,call
542.0,0.052054794520547946,689.17,0.5405319384765627,call
543.0,0.052054794520547946,689.17,0.5371140039062501,call
544.0,0.052054794520547946,689.17,0.5339402075195312,call
545.0,0.052054794520547946,689.17,0.5305222729492188,call
546.0,0.052054794520547946,689.17,0.5269822692871093,call
547.0,0.052054794520547946,689.17,0.523442265625,call
548.0,0.052054794520547946,689.17,0.5200243310546875,call
549.0,0.052054794520547946,689.17,0.5168505346679688,call
550.0,0.052054794520547946,689.17,0.5139208764648437,call
551.0,0.052054794520547946,689.17,0.5105029418945313,call
552.0,0.052054794520547946,689.17,1.0000000000000003e-05,call
553.0,0.052054794520547946,689.17,0.5034229345703125,call
554.0,0.052054794520547946,689.17,0.6300085827636719,call
555.0,0.052054794520547946,689.17,0.6258582336425782,call
556.0,0.052054794520547946,689.17,0.6217078845214845,call
557.0,0.052054794520547946,689.17,0.6181678808593751,call
558.0,0.052054794520547946,689.17,0.6140175317382813,call
559.0,0.052054794520547946,689.17,0.6098671826171876,call
560.0,0.052054794520547946,689.17,0.5515181567382813,call
561.0,0.052054794520547946,689.17,0.6015664843750002,call
562.0,0.052054794520547946,689.17,0.5974771697998047,call
563.0,0.052054794520547946,689.17,0.5933878552246095,call
564.0,0.052054794520547946,689.17,0.5897257824707032,call
565.0,0.052054794520547946,689.17,0.5855754333496093,call
566.0,0.052054794520547946,689.17,0.5815471533203125,call
567.0,0.052054794520547946,689.17,0.5773968041992188,call
568.0,0.052054794520547946,689.17,0.5732464550781251,call
569.0,0.052054794520547946,689.17,0.5692181750488281,call
570.0,0.052054794520547946,689.17,0.565556102294922,call
571.0,0.052054794520547946,689.17,1.0000000000000003e-05,call
572.0,0.052054794520547946,689.17,0.5573774731445313,call
573.0,0.052054794520547946,689.17,0.5532271240234375,call
574.0,0.052054794520547946,689.17,0.5491988439941409,call
575.0,0.052054794520547946,689.17,0.5455367712402344,call
576.0,0.052054794520547946,689.17,0.5415084912109377,call
577.0,0.052054794520547946,689.17,0.5373581420898439,call
578.0,0.052054794520547946,689.17,0.5333298620605469,call
579.0,0.052054794520547946,689.17,0.5291795129394532,call
580.0,0.052054794520547946,689.17,0.5255784747314454,call
581.0,0.052054794520547946,689.17,0.5214891601562499,call
582.0,0.052054794520547946,689.17,0.5173998455810547,call
583.0,0.052054794520547946,689.17,0.5133105310058592,call
584.0,0.052054794520547946,689.17,0.5092822509765625,call
585.0,0.052054794520547946,689.17,0.5056201782226561,call
586.0,0.052054794520547946,689.17,0.5015918981933594,call
587.0,0.052054794520547946,689.17,0.4974415490722657,call
588.0,0.052054794520547946,689.17,0.49384051086425784,call
589.0,0.052054794520547946,689.17,0.4897511962890626,call
590.0,0.052054794520547946,689.17,0.4857229162597656,call
591.0,0.052054794520547946,689.17,0.48163360168457037,call
592.0,0.052054794520547946,689.17,0.477544287109375,call
593.0,0.052054794520547946,689.17,0.4738822143554688,call
594.0,0.052054794520547946,689.17,0.46985393432617195,call
595.0,0.052054794520547946,689.17,0.4657646197509766,call
596.0,0.052054794520547946,689.17,0.4616753051757813,call
597.0,0.052054794520547946,689.17,0.4580132324218751,call
598.0,0.052054794520547946,689.17,0.4539849523925781,call
599.0,0.052054794520547946,689.17,0.44989563781738284,call
600.0,0.052054794520547946,689.17,0.44623356506347656,call
601.0,0.052054794520547946,689.17,0.44214425048828127,call
602.0,0.052054794520547946,689.17,0.4381159704589844,call
603.0,0.052054794520547946,689.17,0.4343928631591797,call
604.0,0.052054794520547946,689.17,0.43030354858398445,call
605.0,0.052054794520547946,689.17,0.42627526855468756,call
606.0,0.052054794520547946,689.17,0.4226131958007812,call
607.0,0.052054794520547946,689.17,0.4185238812255859,call
608.0,0.052054794520547946,689.17,0.4144345666503906,call
609.0,0.052054794520547946,689.17,0.41071145935058595,call
610.0,0.052054794520547946,689.17,0.4066221447753906,call
611.0,0.052054794520547946,689.17,0.40296007202148443,call
612.0,0.052054794520547946,689.17,0.3988707574462891,call
613.0,0.052054794520547946,689.17,0.39514765014648445,call
614.0,0.052054794520547946,689.17,0.391058335571289,call
615.0,0.052054794520547946,689.17,0.34241380249023434,call
616.0,0.052054794520547946,689.17,0.38318487915039057,call
617.0,0.052054794520547946,689.17,0.37946177185058594,call
618.0,0.052054794520547946,689.17,0.3753724572753906,call
619.0,0.052054794520547946,689.17,0.3715883154296875,call
620.0,0.052054794520547946,689.17,0.3678652081298829,call
621.0,0.052054794520547946,689.17,0.36377589355468753,call
622.0,0.052054794520547946,689.17,0.35999175170898434,call
623.0,0.052054794520547946,689.17,0.3562076098632812,call
624.0,0.052054794520547946,689.17,0.35205726074218746,call
625.0,0.052054794520547946,689.17,0.3482731188964844,call
626.0,0.052054794520547946,689.17,0.34448897705078124,call
627.0,0.052054794520547946,689.17,0.34064380065917965,call
628.0,0.052054794520547946,689.17,0.33685965881347657,call
629.0,0.052054794520547946,689.17,0.33301448242187504,call
630.0,0.052054794520547946,689.17,0.3291693060302734,call
631.0,0.052054794520547946,689.17,0.32532412963867186,call
632.0,0.052054794520547946,689.17,0.32141791870117187,call
633.0,0.052054794520547946,689.17,0.31757274230957033,call
634.0,0.052054794520547946,689.17,0.31366653137207035,call
635.0,0.052054794520547946,689.17,0.30982135498046875,call
636.0,0.052054794520547946,689.17,0.306220316772461,call
637.0,0.052054794520547946,689.17,0.30170376037597657,call
638.0,0.052054794520547946,689.17,0.2980416876220703,call
639.0,0.052054794520547946,689.17,0.294379614868164,call
640.0,0.052054794520547946,689.17,0.290473403930664,call
641.0,0.052054794520547946,689.17,0.2867502966308593,call
642.0,0.052054794520547946,689.17,0.2830882238769531,call
643.0,0.052054794520547946,689.17,0.27936511657714835,call
644.0,0.052054794520547946,689.17,0.2756114920043945,call
645.0,0.052054794520547946,689.17,0.2718578674316406,call
646.0,0.052054794520547946,689.17,0.26807372558593745,call
647.0,0.052054794520547946,689.17,0.26453372192382807,call
648.0,0.052054794520547946,689.17,0.26099371826171874,call
649.0,0.052054794520547946,689.17,0.25714854187011715,call
650.0,0.052054794520547946,689.17,0.2535169863891602,call
651.0,0.052054794520547946,689.17,0.24988543090820312,call
652.0,0.052054794520547946,689.17,0.24646749633789064,call
653.0,0.052054794520547946,689.17,0.24274438903808593,call
654.0,0.052054794520547946,689.17,0.23926541992187497,call
655.0,0.052054794520547946,689.17,0.2357254162597656,call
656.0,0.052054794520547946,689.17,0.23236851623535154,call
657.0,0.052054794520547946,689.17,0.22876747802734376,call
658.0,0.052054794520547946,689.17,0.22534954345703123,call
659.0,0.052054794520547946,689.17,0.22187057434082028,call
660.0,0.052054794520547946,689.17,0.21857470886230468,call
661.0,0.052054794520547946,689.17,0.21524832611083983,call
662.0,0.052054794520547946,689.17,0.18601277862548826,call
663.0,0.052054794520547946,689.17,0.20859556060791012,call
664.0,0.052054794520547946,689.17,0.20526917785644527,call
665.0,0.052054794520547946,689.17,0.20209538146972655,call
666.0,0.052054794520547946,689.17,0.19886055053710935,call
667.0,0.052054794520547946,689.17,0.19556468505859376,call
668.0,0.052054794520547946,689.17,0.1925739923095703,call
669.0,0.052054794520547946,689.17,0.18946123046875002,call
670.0,0.052054794520547946,689.17,0.14948360290527346,call
671.0,0.052054794520547946,689.17,0.15030756927490235,call
672.0,0.052054794520547946,689.17,0.14814084289550783,call
673.0,0.052054794520547946,689.17,0.17768156311035155,call
674.0,0.052054794520547946,689.17,0.1435937692260742,call
675.0,0.052054794520547946,689.17,0.14136600830078128,call
676.0,0.052054794520547946,689.17,0.13916876464843753,call
677.0,0.052054794520547946,689.17,0.13697152099609378,call
678.0,0.052054794520547946,689.17,0.13495738098144533,call
679.0,0.052054794520547946,689.17,0.13291272369384766,call
680.0,0.052054794520547946,689.17,0.13086806640624998,call
681.0,0.052054794520547946,689.17,0.1289149609375,call
682.0,0.052054794520547946,689.17,0.12705340728759767,call
683.0,0.052054794520547946,689.17,0.12482564636230468,call
684.0,0.052054794520547946,689.17,0.12329978271484376,call
685.0,0.052054794520547946,689.17,0.12055322814941406,call
686.0,0.052054794520547946,689.17,0.11597563720703125,call
687.0,0.052054794520547946,689.17,0.11441925628662111,call
688.0,0.052054794520547946,689.17,0.11240511627197264,call
689.0,0.052054794520547946,689.17,0.1106961489868164,call
690.0,0.052054794520547946,689.17,0.10877356079101563,call
691.0,0.052054794520547946,689.17,0.10730873168945312,call
692.0,0.052054794520547946,689.17,0.10559976440429686,call
693.0,0.052054794520547946,689.17,0.10382976257324218,call
694.0,0.052054794520547946,689.17,0.1069425244140625,call
695.0,0.052054794520547946,689.17,0.10077803527832031,call
696.0,0.052054794520547946,689.17,0.10389079711914062,call
697.0,0.052054794520547946,689.17,0.0983061361694336,call
698.0,0.052054794520547946,689.17,0.09644458251953125,call
699.0,0.052054794520547946,689.17,0.09589527160644533,call
700.0,0.052054794520547946,689.17,0.09473561523437501,call
701.0,0.052054794520547946,689.17,0.09406423522949219,call
702.0,0.052054794520547946,689.17,0.09290457885742187,call
703.0,0.052054794520547946,689.17,0.09211112976074219,call
704.0,0.052054794520547946,689.17,0.09156181884765624,call
705.0,0.052054794520547946,689.17,0.09101250793457032,call
706.0,0.052054794520547946,689.17,0.0905242315673828,call
707.0,0.052054794520547946,689.17,0.0901580242919922,call
708.0,0.052054794520547946,689.17,0.08966974792480469,call
709.0,0.052054794520547946,689.17,0.0893645751953125,call
710.0,0.052054794520547946,689.17,0.0893645751953125,call
711.0,0.052054794520547946,689.17,0.08942560974121094,call
712.0,0.052054794520547946,689.17,0.09009698974609376,call
713.0,0.052054794520547946,689.17,0.09095147338867188,call
714.0,0.052054794520547946,689.17,0.09217216430664063,call
715.0,0.052054794520547946,689.17,0.0932707861328125,call
720.0,0.052054794520547946,689.17,0.09546802978515626,call
725.0,0.052054794520547946,689.17,0.1069425244140625,call
730.0,0.052054794520547946,689.17,0.1132901171875,call
735.0,0.052054794520547946,689.17,0.11914943359374999,call
740.0,0.052054794520547946,689.17,0.1274501318359375,call
745.0,0.052054794520547946,689.17,0.13477427734375003,call
750.0,0.052054794520547946,689.17,0.141610146484375,call
755.0,0.052054794520547946,689.17,0.15137567382812503,call
760.0,0.052054794520547946,689.17,0.161141201171875,call
765.0,0.052054794520547946,689.17,0.165047412109375,call
770.0,0.052054794520547946,689.17,0.174812939453125,call
775.0,0.052054794520547946,689.17,0.18360191406249998,call
780.0,0.052054794520547946,689.17,0.192390888671875,call
785.0,0.052054794520547946,689.17,0.19336744140625,call
790.0,0.052054794520547946,689.17,0.20313296874999998,call
795.0,0.052054794520547946,689.17,0.5043994873046875,call
800.0,0.052054794520547946,689.17,0.21875781249999998,call
400.0,0.057534246575342465,689.17,1.031743122558594,call
485.0,0.057534246575342465,689.17,0.7092314233398438,call
520.0,0.057534246575342465,689.17,0.5900919897460939,call
530.0,0.057534246575342465,689.17,0.5566450585937501,call
535.0,0.057534246575342465,689.17,0.5406540075683595,call
540.0,0.057534246575342465,689.17,0.5241746801757812,call
545.0,0.057534246575342465,689.17,0.507817421875,call
550.0,0.057534246575342465,689.17,0.6175575354003908,call
555.0,0.057534246575342465,689.17,0.5982706188964844,call
560.0,0.057534246575342465,689.17,0.5789837023925781,call
565.0,0.057534246575342465,689.17,0.5597578204345703,call
570.0,0.057534246575342465,689.17,0.540592973022461,call
575.0,0.057534246575342465,689.17,0.5219164019775391,call
580.0,0.057534246575342465,689.17,0.5028125891113282,call
585.0,0.057534246575342465,689.17,0.48413601806640627,call
590.0,0.057534246575342465,689.17,0.4655204815673829,call
595.0,0.057534246575342465,689.17,0.446843910522461,call
600.0,0.057534246575342465,689.17,0.42810630493164065,call
605.0,0.057534246575342465,689.17,0.4097349066162109,call
610.0,0.057534246575342465,689.17,0.39124143920898435,call
615.0,0.057534246575342465,689.17,0.37305314453125,call
620.0,0.057534246575342465,689.17,0.35468174621582027,call
625.0,0.057534246575342465,689.17,0.3367986242675781,call
630.0,0.057534246575342465,689.17,0.3189765368652343,call
635.0,0.057534246575342465,689.17,0.30084927673339845,call
640.0,0.057534246575342465,689.17,0.28351546569824215,call
645.0,0.057534246575342465,689.17,0.2664563101196289,call
648.0,0.057534246575342465,689.17,0.2563550927734375,call
649.0,0.057534246575342465,689.17,0.2530592272949219,call
650.0,0.057534246575342465,689.17,0.24976336181640624,call
651.0,0.057534246575342465,689.17,0.2466811172485352,call
652.0,0.057534246575342465,689.17,0.24329369995117187,call
653.0,0.057534246575342465,689.17,0.2401199035644531,call
654.0,0.057534246575342465,689.17,0.23691558990478517,call
655.0,0.057534246575342465,689.17,0.23389437988281248,call
656.0,0.057534246575342465,689.17,0.23059851440429688,call
657.0,0.057534246575342465,689.17,0.2274552352905273,call
658.0,0.057534246575342465,689.17,0.22449505981445309,call
659.0,0.057534246575342465,689.17,0.22126022888183594,call
660.0,0.057534246575342465,689.17,0.21820850158691402,call
661.0,0.057534246575342465,689.17,0.21527884338378905,call
662.0,0.057534246575342465,689.17,0.2123186679077148,call
663.0,0.057534246575342465,689.17,0.20926694061279294,call
664.0,0.057534246575342465,689.17,0.1961139959716797,call
665.0,0.057534246575342465,689.17,0.20337710693359373,call
666.0,0.057534246575342465,689.17,0.20032537963867186,call
667.0,0.057534246575342465,689.17,0.1975788250732422,call
668.0,0.057534246575342465,689.17,0.1947102014160156,call
669.0,0.057534246575342465,689.17,0.1579063702392578,call
670.0,0.057534246575342465,689.17,0.1548851602172852,call
671.0,0.057534246575342465,689.17,0.15467153930664065,call
672.0,0.057534246575342465,689.17,0.15143670837402345,call
673.0,0.057534246575342465,689.17,0.1523217092895508,call
674.0,0.057534246575342465,689.17,0.14719480743408203,call
675.0,0.057534246575342465,689.17,0.14945308563232423,call
676.0,0.057534246575342465,689.17,0.1430749755859375,call
677.0,0.057534246575342465,689.17,0.1475610147094727,call
678.0,0.057534246575342465,689.17,0.13898566101074222,call
679.0,0.057534246575342465,689.17,0.1659934475708008,call
680.0,0.057534246575342465,689.17,0.1348658291625977,call
681.0,0.057534246575342465,689.17,0.1328516891479492,call
682.0,0.057534246575342465,689.17,0.1310816873168945,call
683.0,0.057534246575342465,689.17,0.14869015380859374,call
684.0,0.057534246575342465,689.17,0.12708392456054687,call
685.0,0.057534246575342465,689.17,0.12510030181884768,call
686.0,0.057534246575342465,689.17,0.12320823089599611,call
687.0,0.057534246575342465,689.17,0.12177391906738282,call
688.0,0.057534246575342465,689.17,0.1183254672241211,call
689.0,0.057534246575342465,689.17,0.12094995269775391,call
690.0,0.057534246575342465,689.17,0.11469391174316407,call
691.0,0.057534246575342465,689.17,0.11405304901123048,call
692.0,0.057534246575342465,689.17,0.11176425354003905,call
693.0,0.057534246575342465,689.17,0.1097195962524414,call
694.0,0.057534246575342465,689.17,0.10779700805664064,call
695.0,0.057534246575342465,689.17,0.10624062713623048,call
696.0,0.057534246575342465,689.17,0.1087430435180664,call
697.0,0.057534246575342465,689.17,0.103249934387207,call
698.0,0.057534246575342465,689.17,0.10196820892333984,call
699.0,0.057534246575342465,689.17,0.100594931640625,call
700.0,0.057534246575342465,689.17,0.0987944125366211,call
701.0,0.057534246575342465,689.17,0.09836717071533202,call
702.0,0.057534246575342465,689.17,0.0973295834350586,call
703.0,0.057534246575342465,689.17,0.09647509979248048,call
704.0,0.057534246575342465,689.17,0.09559009887695313,call
705.0,0.057534246575342465,689.17,0.09491871887207033,call
706.0,0.057534246575342465,689.17,0.0942473388671875,call
707.0,0.057534246575342465,689.17,0.09369802795410156,call
708.0,0.057534246575342465,689.17,0.0932707861328125,call
709.0,0.057534246575342465,689.17,0.09266044067382811,call
710.0,0.057534246575342465,689.17,0.0922942333984375,call
715.0,0.057534246575342465,689.17,0.09339285522460938,call
720.0,0.057534246575342465,689.17,0.09790941162109376,call
725.0,0.057534246575342465,689.17,0.10181562255859375,call
730.0,0.057534246575342465,689.17,0.106454248046875,call
735.0,0.057534246575342465,689.17,0.11890529541015624,call
740.0,0.057534246575342465,689.17,0.1235439208984375,call
745.0,0.057534246575342465,689.17,0.1313563427734375,call
750.0,0.057534246575342465,689.17,0.14112187011718752,call
755.0,0.057534246575342465,689.17,0.14405152832031248,call
760.0,0.057534246575342465,689.17,0.15332877929687502,call
765.0,0.057534246575342465,689.17,0.16211775390625,call
770.0,0.057534246575342465,689.17,0.16602396484375004,call
775.0,0.057534246575342465,689.17,0.174812939453125,call
780.0,0.057534246575342465,689.17,0.18360191406249998,call
785.0,0.057534246575342465,689.17,0.1914143359375,call
790.0,0.057534246575342465,689.17,0.19336744140625,call
795.0,0.057534246575342465,689.17,0.20117986328124998,call
800.0,0.057534246575342465,689.17,0.4955494781494141,call
500.0,0.07671232876712329,689.17,0.577152666015625,call
505.0,0.07671232876712329,689.17,0.5627485131835939,call
510.0,0.07671232876712329,689.17,0.551762294921875,call
545.0,0.07671232876712329,689.17,0.56055126953125,call
550.0,0.07671232876712329,689.17,0.5443160803222657,call
555.0,0.07671232876712329,689.17,0.5282029602050782,call
565.0,0.07671232876712329,689.17,0.4958546508789063,call
570.0,0.07671232876712329,689.17,0.4804739453125,call
580.0,0.07671232876712329,689.17,0.44922425781249997,call
595.0,0.07671232876712329,689.17,0.4027159338378906,call
600.0,0.07671232876712329,689.17,0.38757936645507807,call
605.0,0.07671232876712329,689.17,0.3722596954345704,call
610.0,0.07671232876712329,689.17,0.3570620935058594,call
615.0,0.07671232876712329,689.17,0.3419865606689453,call
620.0,0.07671232876712329,689.17,0.32642275146484373,call
625.0,0.07671232876712329,689.17,0.31165239135742184,call
630.0,0.07671232876712329,689.17,0.29724823852539056,call
635.0,0.07671232876712329,689.17,0.28290512023925773,call
640.0,0.07671232876712329,689.17,0.2687451055908203,call
645.0,0.07671232876712329,689.17,0.2550428500366212,call
648.0,0.07671232876712329,689.17,0.2468642208862305,call
649.0,0.07671232876712329,689.17,0.24433128723144532,call
650.0,0.07671232876712329,689.17,0.24155421539306643,call
651.0,0.07671232876712329,689.17,0.2389602471923828,call
652.0,0.07671232876712329,689.17,0.23630524444580076,call
653.0,0.07671232876712329,689.17,0.2336197244262695,call
654.0,0.07671232876712329,689.17,0.2310867907714844,call
655.0,0.07671232876712329,689.17,0.22849282257080078,call
656.0,0.07671232876712329,689.17,0.22583781982421874,call
657.0,0.07671232876712329,689.17,0.22333540344238278,call
658.0,0.07671232876712329,689.17,0.22080246978759765,call
659.0,0.07671232876712329,689.17,0.2181779843139648,call
660.0,0.07671232876712329,689.17,0.2157060852050781,call
661.0,0.07671232876712329,689.17,0.21317315155029298,call
663.0,0.07671232876712329,689.17,0.20822935333251946,call
664.0,0.07671232876712329,689.17,0.20569641967773436,call
665.0,0.07671232876712329,689.17,0.1955036505126953,call
666.0,0.07671232876712329,689.17,0.19339795867919923,call
667.0,0.07671232876712329,689.17,0.1912312322998047,call
668.0,0.07671232876712329,689.17,0.18894243682861328,call
669.0,0.07671232876712329,689.17,0.18677571044921876,call
670.0,0.07671232876712329,689.17,0.16425396301269532,call
671.0,0.07671232876712329,689.17,0.18257958541870117,call
672.0,0.07671232876712329,689.17,0.1645591357421875,call
673.0,0.07671232876712329,689.17,0.1783224258422852,call
674.0,0.07671232876712329,689.17,0.17627776855468752,call
675.0,0.07671232876712329,689.17,0.15448843566894532,call
676.0,0.07671232876712329,689.17,0.1719748330688477,call
677.0,0.07671232876712329,689.17,0.1700217276000977,call
678.0,0.07671232876712329,689.17,0.1487511883544922,call
679.0,0.07671232876712329,689.17,0.14664549652099607,call
680.0,0.07671232876712329,689.17,0.14481446014404298,call
681.0,0.07671232876712329,689.17,0.14295290649414064,call
682.0,0.07671232876712329,689.17,0.14136600830078128,call
683.0,0.07671232876712329,689.17,0.1395044546508789,call
684.0,0.07671232876712329,689.17,0.1374597973632813,call
685.0,0.07671232876712329,689.17,0.13578134735107422,call
686.0,0.07671232876712329,689.17,0.13367565551757812,call
687.0,0.07671232876712329,689.17,0.13514048461914066,call
688.0,0.07671232876712329,689.17,0.1327906546020508,call
689.0,0.07671232876712329,689.17,0.1275416836547852,call
690.0,0.07671232876712329,689.17,0.1258327163696289,call
691.0,0.07671232876712329,689.17,0.12818254638671872,call
692.0,0.07671232876712329,689.17,0.12644306182861326,call
693.0,0.07671232876712329,689.17,0.12120934951782225,call
694.0,0.07671232876712329,689.17,0.11963770996093749,call
695.0,0.07671232876712329,689.17,0.11823391540527343,call
696.0,0.07671232876712329,689.17,0.11722684539794923,call
697.0,0.07671232876712329,689.17,0.11530425720214844,call
698.0,0.07671232876712329,689.17,0.11612822357177735,call
699.0,0.07671232876712329,689.17,0.11237459899902343,call
700.0,0.07671232876712329,689.17,0.11112339080810546,call
701.0,0.07671232876712329,689.17,0.11002476898193359,call
702.0,0.07671232876712329,689.17,0.10895666442871094,call
703.0,0.07671232876712329,689.17,0.10785804260253906,call
704.0,0.07671232876712329,689.17,0.1106961489868164,call
705.0,0.07671232876712329,689.17,0.10608804077148437,call
706.0,0.07671232876712329,689.17,0.10505045349121094,call
707.0,0.07671232876712329,689.17,0.10846838806152344,call
708.0,0.07671232876712329,689.17,0.1037076934814453,call
709.0,0.07671232876712329,689.17,0.1030668307495117,call
710.0,0.07671232876712329,689.17,0.10230389892578123,call
715.0,0.07671232876712329,689.17,0.1002897589111328,call
720.0,0.07671232876712329,689.17,0.10016768981933594,call
725.0,0.07671232876712329,689.17,0.10376872802734374,call
730.0,0.07671232876712329,689.17,0.10767493896484376,call
735.0,0.07671232876712329,689.17,0.1128018408203125,call
740.0,0.07671232876712329,689.17,0.11939357177734375,call
745.0,0.07671232876712329,689.17,0.1186611572265625,call
750.0,0.07671232876712329,689.17,0.12525288818359376,call
755.0,0.07671232876712329,689.17,0.13990117919921874,call
760.0,0.07671232876712329,689.17,0.139657041015625,call
765.0,0.07671232876712329,689.17,0.14795773925781253,call
770.0,0.07671232876712329,689.17,0.1562584375,call
775.0,0.07671232876712329,689.17,0.1606529248046875,call
780.0,0.07671232876712329,689.17,0.16846534667968754,call
790.0,0.07671232876712329,689.17,0.179695703125,call
795.0,0.07671232876712329,689.17,0.18164880859375,call
210.0,0.0958904109589041,689.17,1.6142597412109376,call
215.0,0.0958904109589041,689.17,1.0000000000000003e-05,call
220.0,0.0958904109589041,689.17,1.0000000000000003e-05,call
225.0,0.0958904109589041,689.17,1.5278343920898436,call
230.0,0.0958904109589041,689.17,1.0000000000000003e-05,call
235.0,0.0958904109589041,689.17,1.474612001953125,call
240.0,0.0958904109589041,689.17,1.0000000000000003e-05,call
245.0,0.0958904109589041,689.17,1.0000000000000003e-05,call
250.0,0.0958904109589041,689.17,1.3969756713867185,call
255.0,0.0958904109589041,689.17,1.37109689453125,call
260.0,0.0958904109589041,689.17,1.3486360693359374,call
265.0,0.0958904109589041,689.17,1.32422212890625,call
270.0,0.0958904109589041,689.17,1.2998081884765622,call
275.0,0.0958904109589041,689.17,1.0000000000000003e-05,call
280.0,0.0958904109589041,689.17,1.0000000000000003e-05,call
285.0,0.0958904109589041,689.17,1.0000000000000003e-05,call
290.0,0.0958904109589041,689.17,1.0000000000000003e-05,call
295.0,0.0958904109589041,689.17,1.0000000000000003e-05,call
300.0,0.0958904109589041,689.17,1.1679729101562502,call
305.0,0.0958904109589041,689.17,1.1486858972167968,call
310.0,0.0958904109589041,689.17,1.0000000000000003e-05,call
315.0,0.0958904109589041,689.17,1.1088911743164065,call
320.0,0.0958904109589041,689.17,1.0883834643554686,call
325.0,0.0958904109589041,689.17,1.0678757543945316,call
330.0,0.0958904109589041,689.17,1.0500535778808593,call
335.0,0.0958904109589041,689.17,1.0000000000000003e-05,call
340.0,0.0958904109589041,689.17,1.0109912731933592,call
345.0,0.0958904109589041,689.17,0.9936524072265626,call
350.0,0.0958904109589041,689.17,0.9750979052734375,call
355.0,0.0958904109589041,689.17,0.9580082324218748,call
360.0,0.0958904109589041,689.17,0.9399420068359375,call
365.0,0.0958904109589041,689.17,1.0000000000000003e-05,call
370.0,0.0958904109589041,689.17,0.9062509375,call
375.0,0.0958904109589041,689.17,0.8894054028320311,call
380.0,0.0958904109589041,689.17,0.8735364208984374,call
385.0,0.0958904109589041,689.17,0.8562026098632812,call
390.0,0.0958904109589041,689.17,0.840821904296875,call
395.0,0.0958904109589041,689.17,0.8251970605468748,call
400.0,0.0958904109589041,689.17,0.8100604931640624,call
405.0,0.0958904109589041,689.17,0.7949239257812499,call
410.0,0.0958904109589041,689.17,0.7797873583984375,call
415.0,0.0958904109589041,689.17,0.7663597583007813,call
420.0,0.0958904109589041,689.17,0.7541528491210938,call
425.0,0.0958904109589041,689.17,0.7419459399414061,call
430.0,0.0958904109589041,689.17,0.7292507543945312,call
435.0,0.0958904109589041,689.17,0.7163114306640624,call
440.0,0.0958904109589041,689.17,0.7041045214843751,call
445.0,0.0958904109589041,689.17,0.6916534741210938,call
450.0,0.0958904109589041,689.17,0.6799348413085939,call
455.0,0.0958904109589041,689.17,0.6669955175781253,call
460.0,0.0958904109589041,689.17,0.6550327465820314,call
465.0,0.0958904109589041,689.17,0.6430699755859376,call
470.0,0.0958904109589041,689.17,0.6306189282226562,call
475.0,0.0958904109589041,689.17,0.6181678808593751,call
480.0,0.0958904109589041,689.17,0.6057168334960938,call
485.0,0.0958904109589041,689.17,0.5939982006835938,call
490.0,0.0958904109589041,689.17,0.5814250842285156,call
495.0,0.0958904109589041,689.17,0.5692181750488281,call
500.0,0.0958904109589041,689.17,0.5570112658691408,call
505.0,0.0958904109589041,689.17,0.5451705639648439,call
510.0,0.0958904109589041,689.17,0.5324753784179688,call
515.0,0.0958904109589041,689.17,0.5205126074218749,call
520.0,0.0958904109589041,689.17,0.5084277673339843,call
525.0,0.0958904109589041,689.17,0.58789474609375,call
530.0,0.0958904109589041,689.17,0.5730023168945313,call
535.0,0.0958904109589041,689.17,0.5585371295166017,call
540.0,0.0958904109589041,689.17,0.5373581420898439,call
545.0,0.0958904109589041,689.17,0.5291184783935547,call
550.0,0.0958904109589041,689.17,0.514653291015625,call
555.0,0.0958904109589041,689.17,0.5001270690917969,call
560.0,0.0958904109589041,689.17,0.48553981262207035,call
565.0,0.0958904109589041,689.17,0.4710135906982422,call
570.0,0.0958904109589041,689.17,0.4567315069580079,call
575.0,0.0958904109589041,689.17,0.442388388671875,call
580.0,0.0958904109589041,689.17,0.42828940856933595,call
585.0,0.0958904109589041,689.17,0.4141293939208984,call
590.0,0.0958904109589041,689.17,0.3998473101806641,call
595.0,0.0958904109589041,689.17,0.3860535028076171,call
600.0,0.0958904109589041,689.17,0.36926900268554685,call
605.0,0.0958904109589041,689.17,0.3581912326049804,call
610.0,0.0958904109589041,689.17,0.34393966613769533,call
615.0,0.0958904109589041,689.17,0.3303899969482421,call
620.0,0.0958904109589041,689.17,0.3168098104858398,call
625.0,0.0958904109589041,689.17,0.3037789349365234,call
630.0,0.0958904109589041,689.17,0.29077857666015616,call
635.0,0.0958904109589041,689.17,0.2779613220214844,call
636.0,0.0958904109589041,689.17,0.23679352081298827,call
640.0,0.0958904109589041,689.17,0.24976336181640624,call
645.0,0.0958904109589041,689.17,0.25296767547607424,call
650.0,0.0958904109589041,689.17,0.24091335266113278,call
655.0,0.0958904109589041,689.17,0.21356987609863282,call
660.0,0.0958904109589041,689.17,0.19480175323486326,call
665.0,0.0958904109589041,689.17,0.18210656768798827,call
670.0,0.0958904109589041,689.17,0.1746298358154297,call
675.0,0.0958904109589041,689.17,0.16492534301757814,call
680.0,0.0958904109589041,689.17,0.15583119567871095,call
685.0,0.0958904109589041,689.17,0.14463135650634767,call
690.0,0.0958904109589041,689.17,0.1355066918945313,call
695.0,0.0958904109589041,689.17,0.1277858218383789,call
697.0,0.0958904109589041,689.17,0.11756253540039063,call
700.0,0.0958904109589041,689.17,0.12137719451904297,call
705.0,0.0958904109589041,689.17,0.11594511993408202,call
710.0,0.0958904109589041,689.17,0.11194735717773435,call
715.0,0.0958904109589041,689.17,0.10913976806640624,call
717.0,0.0958904109589041,689.17,0.10572183349609374,call
720.0,0.0958904109589041,689.17,0.10743080078125,call
725.0,0.0958904109589041,689.17,0.10688148986816406,call
730.0,0.0958904109589041,689.17,0.10730873168945312,call
735.0,0.0958904109589041,689.17,0.11194735717773435,call
740.0,0.0958904109589041,689.17,0.11365632446289062,call
745.0,0.0958904109589041,689.17,0.11890529541015624,call
750.0,0.0958904109589041,689.17,0.12525288818359376,call
755.0,0.0958904109589041,689.17,0.12549702636718751,call
760.0,0.0958904109589041,689.17,0.13941290283203128,call
765.0,0.0958904109589041,689.17,0.13721565917968753,call
770.0,0.0958904109589041,689.17,0.1401453173828125,call
775.0,0.0958904109589041,689.17,0.147469462890625,call
780.0,0.0958904109589041,689.17,0.15137567382812503,call
785.0,0.0958904109589041,689.17,0.15821154296875,call
790.0,0.0958904109589041,689.17,0.161141201171875,call
795.0,0.0958904109589041,689.17,0.16797707031250003,call
800.0,0.0958904109589041,689.17,0.16993017578125003,call
805.0,0.0958904109589041,689.17,0.1757894921875,call
810.0,0.0958904109589041,689.17,0.18164880859375,call
815.0,0.0958904109589041,689.17,0.19336744140625,call
820.0,0.0958904109589041,689.17,0.194343994140625,call
825.0,0.0958904109589041,689.17,0.20117986328124998,call
830.0,0.0958904109589041,689.17,0.1992267578125,call
835.0,0.0958904109589041,689.17,0.20508607421874997,call
840.0,0.0958904109589041,689.17,0.21094539062499998,call
615.0,0.11506849315068493,689.17,0.2799144274902343,call
635.0,0.11506849315068493,689.17,0.2696911410522461,call
655.0,0.11506849315068493,689.17,0.2238999729919433,call
656.0,0.11506849315068493,689.17,0.22150436706542967,call
662.0,0.11506849315068493,689.17,0.20684081741333005,call
663.0,0.11506849315068493,689.17,0.2049334878540039,call
667.0,0.11506849315068493,689.17,0.19718210052490232,call
670.0,0.11506849315068493,689.17,0.19159743957519532,call
671.0,0.11506849315068493,689.17,0.18970536865234378,call
673.0,0.11506849315068493,689.17,0.18601277862548826,call
674.0,0.11506849315068493,689.17,0.18418174224853517,call
675.0,0.11506849315068493,689.17,0.18225915405273438,call
677.0,0.11506849315068493,689.17,0.14862911926269531,call
678.0,0.11506849315068493,689.17,0.17688811401367188,call
680.0,0.11506849315068493,689.17,0.17337862762451173,call
681.0,0.11506849315068493,689.17,0.1715628498840332,call
682.0,0.11506849315068493,689.17,0.15273369247436525,call
683.0,0.11506849315068493,689.17,0.15103998382568362,call
684.0,0.11506849315068493,689.17,0.14934627517700194,call
685.0,0.11506849315068493,689.17,0.14788144607543946,call
686.0,0.11506849315068493,689.17,0.16315534118652347,call
687.0,0.11506849315068493,689.17,0.14684385879516604,call
688.0,0.11506849315068493,689.17,0.1426935096740723,call
689.0,0.11506849315068493,689.17,0.14373109695434572,call
690.0,0.11506849315068493,689.17,0.13871100555419924,call
691.0,0.11506849315068493,689.17,0.13781074600219728,call
692.0,0.11506849315068493,689.17,0.13910773010253907,call
693.0,0.11506849315068493,689.17,0.13761238372802737,call
694.0,0.11506849315068493,689.17,0.13620858917236328,call
695.0,0.11506849315068493,689.17,0.1316615155029297,call
696.0,0.11506849315068493,689.17,0.1302577209472656,call
697.0,0.11506849315068493,689.17,0.13208875732421876,call
698.0,0.11506849315068493,689.17,0.1307459973144531,call
699.0,0.11506849315068493,689.17,0.1267940104675293,call
700.0,0.11506849315068493,689.17,0.12497823272705078,call
702.0,0.11506849315068493,689.17,0.12275047180175781,call
703.0,0.11506849315068493,689.17,0.12481038772583009,call
704.0,0.11506849315068493,689.17,0.12384909362792969,call
705.0,0.11506849315068493,689.17,0.11965296859741209,call
706.0,0.11506849315068493,689.17,0.12185021224975587,call
707.0,0.11506849315068493,689.17,0.12094995269775391,call
708.0,0.11506849315068493,689.17,0.12015650360107422,call
709.0,0.11506849315068493,689.17,0.11927150268554687,call
710.0,0.11506849315068493,689.17,0.11521270538330078,call
715.0,0.11506849315068493,689.17,0.11200839172363279,call
720.0,0.11506849315068493,689.17,0.10975011352539063,call
725.0,0.11506849315068493,689.17,0.10846838806152344,call
730.0,0.11506849315068493,689.17,0.10822424987792968,call
735.0,0.11506849315068493,689.17,0.11231356445312499,call
740.0,0.11506849315068493,689.17,0.11756253540039063,call
750.0,0.11506849315068493,689.17,0.124032197265625,call
785.0,0.11506849315068493,689.17,0.15235222656250003,call
420.0,0.13424657534246576,689.17,0.7026396923828125,call
435.0,0.13424657534246576,689.17,1.0000000000000003e-05,call
450.0,0.13424657534246576,689.17,0.6333044482421876,call
455.0,0.13424657534246576,689.17,0.6215858154296876,call
460.0,0.13424657534246576,689.17,0.6099892517089844,call
465.0,0.13424657534246576,689.17,0.5988809643554689,call
470.0,0.13424657534246576,689.17,0.5872844006347657,call
475.0,0.13424657534246576,689.17,0.57617611328125,call
480.0,0.13424657534246576,689.17,0.5648236877441408,call
485.0,0.13424657534246576,689.17,0.5534712622070312,call
490.0,0.13424657534246576,689.17,0.5423019403076172,call
495.0,0.13424657534246576,689.17,0.5311326184082032,call
500.0,0.13424657534246576,689.17,0.519963296508789,call
505.0,0.13424657534246576,689.17,0.508793974609375,call
510.0,0.13424657534246576,689.17,0.5684857604980469,call
515.0,0.13424657534246576,689.17,0.5553022985839844,call
520.0,0.13424657534246576,689.17,0.5424240093994142,call
525.0,0.13424657534246576,689.17,0.5296067547607424,call
530.0,0.13424657534246576,689.17,0.5167895001220704,call
535.0,0.13424657534246576,689.17,0.5042774182128906,call
540.0,0.13424657534246576,689.17,0.4914601635742188,call
545.0,0.13424657534246576,689.17,0.4788870471191406,call
550.0,0.13424657534246576,689.17,0.46655806884765627,call
555.0,0.13424657534246576,689.17,0.4539239178466796,call
560.0,0.13424657534246576,689.17,0.4415339050292969,call
565.0,0.13424657534246576,689.17,0.4290828576660156,call
570.0,0.13424657534246576,689.17,0.4170590521240234,call
572.0,0.13424657534246576,689.17,0.41199318481445313,call
573.0,0.13424657534246576,689.17,0.409612837524414,call
575.0,0.13424657534246576,689.17,0.404730073852539,call
576.0,0.13424657534246576,689.17,0.4023192092895508,call
577.0,0.13424657534246576,689.17,0.39987782745361333,call
578.0,0.13424657534246576,689.17,0.39765006652832036,call
579.0,0.13424657534246576,689.17,1.0000000000000003e-05,call
580.0,0.13424657534246576,689.17,0.39276730285644534,call
581.0,0.13424657534246576,689.17,1.0000000000000003e-05,call
582.0,0.13424657534246576,689.17,0.38788453918457033,call
584.0,0.13424657534246576,689.17,1.0000000000000003e-05,call
585.0,0.13424657534246576,689.17,0.3807129800415039,call
586.0,0.13424657534246576,689.17,1.0000000000000003e-05,call
587.0,0.13424657534246576,689.17,0.375982802734375,call
588.0,0.13424657534246576,689.17,0.373480386352539,call
589.0,0.13424657534246576,689.17,0.3712221081542969,call
590.0,0.13424657534246576,689.17,0.368719691772461,call
591.0,0.13424657534246576,689.17,0.3662477926635742,call
592.0,0.13424657534246576,689.17,1.0000000000000003e-05,call
593.0,0.13424657534246576,689.17,0.3614565808105469,call
594.0,0.13424657534246576,689.17,0.3591372680664062,call
595.0,0.13424657534246576,689.17,0.3566348516845703,call
596.0,0.13424657534246576,689.17,1.0000000000000003e-05,call
597.0,0.13424657534246576,689.17,0.351996226196289,call
598.0,0.13424657534246576,689.17,0.34967691345214835,call
599.0,0.13424657534246576,689.17,0.3473270834350586,call
600.0,0.13424657534246576,689.17,0.34497725341796875,call
601.0,0.13424657534246576,689.17,0.3426274234008788,call
602.0,0.13424657534246576,689.17,0.34027759338378905,call
603.0,0.13424657534246576,689.17,0.3380803497314453,call
604.0,0.13424657534246576,689.17,0.33570000244140624,call
605.0,0.13424657534246576,689.17,0.33350275878906255,call
606.0,0.13424657534246576,689.17,0.33112241149902344,call
607.0,0.13424657534246576,689.17,0.32889465057373035,call
608.0,0.13424657534246576,689.17,0.3264837860107421,call
609.0,0.13424657534246576,689.17,0.32425602508544915,call
610.0,0.13424657534246576,689.17,0.32199774688720695,call
611.0,0.13424657534246576,689.17,0.31973946868896475,call
612.0,0.13424657534246576,689.17,0.31748119049072265,call
613.0,0.13424657534246576,689.17,0.31519239501953117,call
614.0,0.13424657534246576,689.17,0.31308670318603515,call
615.0,0.13424657534246576,689.17,0.3107979077148437,call
616.0,0.13424657534246576,689.17,0.30847859497070307,call
617.0,0.13424657534246576,689.17,0.30631186859130854,call
618.0,0.13424657534246576,689.17,0.304145142211914,call
619.0,0.13424657534246576,689.17,0.30179531219482425,call
620.0,0.13424657534246576,689.17,0.2995980685424804,call
621.0,0.13424657534246576,689.17,0.29740082489013664,call
622.0,0.13424657534246576,689.17,0.2951730639648437,call
623.0,0.13424657534246576,689.17,0.2929453030395507,call
624.0,0.13424657534246576,689.17,0.29087012847900384,call
625.0,0.13424657534246576,689.17,0.28861185028076164,call
626.0,0.13424657534246576,689.17,0.28647564117431634,call
627.0,0.13424657534246576,689.17,0.28433943206787105,call
628.0,0.13424657534246576,689.17,0.28220322296142575,call
629.0,0.13424657534246576,689.17,0.28003649658203117,call
630.0,0.13424657534246576,689.17,0.2778392529296875,call
631.0,0.13424657534246576,689.17,0.2756420092773437,call
632.0,0.13424657534246576,689.17,0.2735668347167969,call
633.0,0.13424657534246576,689.17,0.2714611428833008,call
634.0,0.13424657534246576,689.17,0.2692028646850586,call
635.0,0.13424657534246576,689.17,0.26709717285156254,call
636.0,0.13424657534246576,689.17,0.26508303283691403,call
637.0,0.13424657534246576,689.17,0.2629163064575196,call
638.0,0.13424657534246576,689.17,0.2608716491699219,call
639.0,0.13424657534246576,689.17,0.25879647460937505,call
640.0,0.13424657534246576,689.17,0.25669078277587887,call
641.0,0.13424657534246576,689.17,0.2545850909423829,call
642.0,0.13424657534246576,689.17,0.2525709509277344,call
643.0,0.13424657534246576,689.17,0.2505568109130859,call
644.0,0.13424657534246576,689.17,0.24851215362548829,call
645.0,0.13424657534246576,689.17,0.24642172042846683,call
646.0,0.13424657534246576,689.17,0.2443160285949707,call
647.0,0.13424657534246576,689.17,0.24231714721679687,call
648.0,0.13424657534246576,689.17,0.2402877485656738,call
649.0,0.13424657534246576,689.17,0.23834990173339843,call
650.0,0.13424657534246576,689.17,0.23627472717285153,call
651.0,0.13424657534246576,689.17,0.2342911044311523,call
652.0,0.13424657534246576,689.17,0.23238377487182615,call
653.0,0.13424657534246576,689.17,0.23032385894775392,call
654.0,0.13424657534246576,689.17,0.22837075347900393,call
655.0,0.13424657534246576,689.17,0.2263718721008301,call
656.0,0.13424657534246576,689.17,0.2244645425415039,call
657.0,0.13424657534246576,689.17,0.2030108996582031,call
658.0,0.13424657534246576,689.17,0.20157658782958982,call
659.0,0.13424657534246576,689.17,0.2186357434082031,call
660.0,0.13424657534246576,689.17,0.1980671014404297,call
661.0,0.13424657534246576,689.17,0.19602244415283204,call
662.0,0.13424657534246576,689.17,0.19498485687255857,call
663.0,0.13424657534246576,689.17,0.19248244049072266,call
664.0,0.13424657534246576,689.17,0.19077347320556642,call
665.0,0.13424657534246576,689.17,0.18912554046630858,call
666.0,0.13424657534246576,689.17,0.18741657318115235,call
667.0,0.13424657534246576,689.17,0.1857686404418945,call
668.0,0.13424657534246576,689.17,0.20165288101196288,call
669.0,0.13424657534246576,689.17,0.1823201885986328,call
670.0,0.13424657534246576,689.17,0.18354087951660153,call
671.0,0.13424657534246576,689.17,0.18068751449584958,call
672.0,0.13424657534246576,689.17,0.18024501403808596,call
673.0,0.13424657534246576,689.17,0.17759001129150392,call
674.0,0.13424657534246576,689.17,0.17617095809936523,call
675.0,0.13424657534246576,689.17,0.17258517852783206,call
676.0,0.13424657534246576,689.17,0.17206638488769532,call
677.0,0.13424657534246576,689.17,0.17096776306152345,call
678.0,0.13424657534246576,689.17,0.16834327758789067,call
679.0,0.13424657534246576,689.17,0.16861793304443362,call
680.0,0.13424657534246576,689.17,0.16422344573974612,call
681.0,0.13424657534246576,689.17,0.16272809936523439,call
682.0,0.13424657534246576,689.17,0.1616447361755371,call
683.0,0.13424657534246576,689.17,0.1595695616149902,call
684.0,0.13424657534246576,689.17,0.1580284393310547,call
685.0,0.13424657534246576,689.17,0.15677723114013675,call
686.0,0.13424657534246576,689.17,0.17076940078735353,call
687.0,0.13424657534246576,689.17,0.15076532836914067,call
688.0,0.13424657534246576,689.17,0.1523064506530762,call
689.0,0.13424657534246576,689.17,0.1480340324401856,call
690.0,0.13424657534246576,689.17,0.1463250651550293,call
691.0,0.13424657534246576,689.17,0.1451959260559082,call
692.0,0.13424657534246576,689.17,0.14365480377197265,call
693.0,0.13424657534246576,689.17,0.14507385696411135,call
694.0,0.13424657534246576,689.17,0.14095402511596683,call
695.0,0.13424657534246576,689.17,0.1396722996520996,call
696.0,0.13424657534246576,689.17,0.13898566101074222,call
697.0,0.13424657534246576,689.17,0.13706307281494146,call
698.0,0.13424657534246576,689.17,0.13561350234985353,call
699.0,0.13424657534246576,689.17,0.1344385873413086,call
700.0,0.13424657534246576,689.17,0.13324841369628904,call
701.0,0.13424657534246576,689.17,0.1320277227783203,call
702.0,0.13424657534246576,689.17,0.13358410369873047,call
703.0,0.13424657534246576,689.17,0.12955582366943358,call
704.0,0.13424657534246576,689.17,0.1284419432067871,call
705.0,0.13424657534246576,689.17,0.12847246047973632,call
706.0,0.13424657534246576,689.17,0.12662616546630856,call
707.0,0.13424657534246576,689.17,0.1283046154785156,call
708.0,0.13424657534246576,689.17,0.12741961456298828,call
709.0,0.13424657534246576,689.17,0.12357443817138672,call
710.0,0.13424657534246576,689.17,0.12268943725585937,call
711.0,0.13424657534246576,689.17,0.12212486770629885,call
712.0,0.13424657534246576,689.17,0.12104150451660156,call
713.0,0.13424657534246576,689.17,0.1202785726928711,call
714.0,0.13424657534246576,689.17,0.12267417861938476,call
715.0,0.13424657534246576,689.17,0.11896632995605468,call
716.0,0.13424657534246576,689.17,0.11829494995117187,call
717.0,0.13424657534246576,689.17,0.11759305267333985,call
718.0,0.13424657534246576,689.17,0.11716581085205077,call
719.0,0.13424657534246576,689.17,0.11643339630126953,call
720.0,0.13424657534246576,689.17,0.11600615447998047,call
721.0,0.13424657534246576,689.17,0.11576201629638672,call
722.0,0.13424657534246576,689.17,0.11536529174804688,call
723.0,0.13424657534246576,689.17,0.11463287719726564,call
724.0,0.13424657534246576,689.17,0.11451080810546876,call
725.0,0.13424657534246576,689.17,0.11399201446533203,call
726.0,0.13424657534246576,689.17,0.11396149719238281,call
727.0,0.13424657534246576,689.17,0.11356477264404297,call
728.0,0.13424657534246576,689.17,0.11301546173095703,call
729.0,0.13424657534246576,689.17,0.11298494445800782,call
730.0,0.13424657534246576,689.17,0.11283235809326173,call
731.0,0.13424657534246576,689.17,0.11255770263671874,call
732.0,0.13424657534246576,689.17,0.11237459899902343,call
733.0,0.13424657534246576,689.17,0.11231356445312499,call
734.0,0.13424657534246576,689.17,0.11243563354492186,call
735.0,0.13424657534246576,689.17,0.11341218627929686,call
736.0,0.13424657534246576,689.17,0.11396149719238281,call
737.0,0.13424657534246576,689.17,0.11316804809570313,call
738.0,0.13424657534246576,689.17,0.11353425537109374,call
739.0,0.13424657534246576,689.17,0.1137783935546875,call
740.0,0.13424657534246576,689.17,0.11402253173828125,call
741.0,0.13424657534246576,689.17,0.11451080810546876,call
742.0,0.13424657534246576,689.17,0.11499908447265625,call
743.0,0.13424657534246576,689.17,0.11536529174804688,call
744.0,0.13424657534246576,689.17,0.11609770629882812,call
745.0,0.13424657534246576,689.17,0.11634184448242188,call
746.0,0.13424657534246576,689.17,0.11695218994140624,call
747.0,0.13424657534246576,689.17,0.11756253540039063,call
748.0,0.13424657534246576,689.17,0.11805081176757812,call
749.0,0.13424657534246576,689.17,0.11853908813476563,call
750.0,0.13424657534246576,689.17,0.11890529541015624,call
755.0,0.13424657534246576,689.17,0.125985302734375,call
760.0,0.13424657534246576,689.17,0.129891513671875,call
765.0,0.13424657534246576,689.17,0.12842668457031248,call
770.0,0.13424657534246576,689.17,0.132821171875,call
775.0,0.13424657534246576,689.17,0.13575083007812502,call
780.0,0.13424657534246576,689.17,0.13892462646484377,call
785.0,0.13424657534246576,689.17,0.14136600830078128,call
790.0,0.13424657534246576,689.17,0.147469462890625,call
345.0,0.1917808219178082,689.17,1.0000000000000003e-05,call
350.0,0.1917808219178082,689.17,0.8156756713867187,call
365.0,0.1917808219178082,689.17,0.7806418420410157,call
370.0,0.1917808219178082,689.17,0.7691673474121095,call
375.0,0.1917808219178082,689.17,0.7578149218750001,call
385.0,0.1917808219178082,689.17,0.7352321398925781,call
390.0,0.1917808219178082,689.17,1.0000000000000003e-05,call
395.0,0.1917808219178082,689.17,0.7127714270019532,call
400.0,0.1917808219178082,689.17,0.7013579669189454,call
405.0,0.1917808219178082,689.17,0.6904327832031252,call
420.0,0.1917808219178082,689.17,0.6574741284179688,call
430.0,0.1917808219178082,689.17,0.6359289337158205,call
435.0,0.1917808219178082,689.17,0.6251868536376954,call
440.0,0.1917808219178082,689.17,0.6144447735595704,call
445.0,0.1917808219178082,689.17,0.603763728027344,call
450.0,0.1917808219178082,689.17,0.5934488897705079,call
455.0,0.1917808219178082,689.17,0.5827678442382812,call
460.0,0.1917808219178082,689.17,0.5723309368896485,call
465.0,0.1917808219178082,689.17,0.5618329949951173,call
470.0,0.1917808219178082,689.17,0.5515791912841796,call
475.0,0.1917808219178082,689.17,0.541264353027344,call
480.0,0.1917808219178082,689.17,0.5310105493164063,call
485.0,0.1917808219178082,689.17,0.5208788146972656,call
490.0,0.1917808219178082,689.17,0.5107470800781251,call
495.0,0.1917808219178082,689.17,0.5007374145507812,call
500.0,0.1917808219178082,689.17,0.5411728012084963,call
505.0,0.1917808219178082,689.17,0.529850892944336,call
510.0,0.1917808219178082,689.17,0.5184984674072266,call
515.0,0.1917808219178082,689.17,0.5073901800537108,call
520.0,0.1917808219178082,689.17,0.49631240997314463,call
525.0,0.1917808219178082,689.17,0.4852346398925781,call
530.0,0.1917808219178082,689.17,0.4743094561767578,call
535.0,0.1917808219178082,689.17,0.4633842724609375,call
540.0,0.1917808219178082,689.17,0.4524590887451172,call
545.0,0.1917808219178082,689.17,0.4416864913940429,call
550.0,0.1917808219178082,689.17,0.4310664804077149,call
555.0,0.1917808219178082,689.17,0.4204159521484375,call
560.0,0.1917808219178082,689.17,0.40985697570800783,call
565.0,0.1917808219178082,689.17,0.3992369647216797,call
570.0,0.1917808219178082,689.17,0.38873902282714845,call
575.0,0.1917808219178082,689.17,0.3784852191162109,call
580.0,0.1917808219178082,689.17,0.36829244995117194,call
585.0,0.1917808219178082,689.17,0.3581301980590821,call
590.0,0.1917808219178082,689.17,0.3481510498046875,call
595.0,0.1917808219178082,689.17,0.338171901550293,call
600.0,0.1917808219178082,689.17,0.3284368914794922,call
605.0,0.1917808219178082,689.17,0.3186408468627929,call
610.0,0.1917808219178082,689.17,0.30905842315673826,call
615.0,0.1917808219178082,689.17,0.2995980685424804,call
620.0,0.1917808219178082,689.17,0.29013771392822263,call
625.0,0.1917808219178082,689.17,0.2808452043151855,call
630.0,0.1917808219178082,689.17,0.2716900224304199,call
635.0,0.1917808219178082,689.17,0.26259587509155274,call
640.0,0.1917808219178082,689.17,0.2537458659362793,call
645.0,0.1917808219178082,689.17,0.2449416326904297,call
650.0,0.1917808219178082,689.17,0.22130600479125978,call
655.0,0.1917808219178082,689.17,0.21309685836791992,call
660.0,0.1917808219178082,689.17,0.2054217642211914,call
665.0,0.1917808219178082,689.17,0.21112849426269528,call
670.0,0.1917808219178082,689.17,0.19001054138183598,call
675.0,0.1917808219178082,689.17,0.18228967132568358,call
680.0,0.1917808219178082,689.17,0.17514862945556642,call
685.0,0.1917808219178082,689.17,0.1657950852966309,call
690.0,0.1917808219178082,689.17,0.15799792205810548,call
695.0,0.1917808219178082,689.17,0.15180291564941406,call
700.0,0.1917808219178082,689.17,0.1454858401489258,call
705.0,0.1917808219178082,689.17,0.13994695510864258,call
710.0,0.1917808219178082,689.17,0.13482005325317387,call
715.0,0.1917808219178082,689.17,0.13344677597045895,call
720.0,0.1917808219178082,689.17,0.1268550450134277,call
725.0,0.1917808219178082,689.17,0.12391012817382813,call
730.0,0.1917808219178082,689.17,0.12156029815673827,call
735.0,0.1917808219178082,689.17,0.11975977905273436,call
740.0,0.1917808219178082,689.17,0.1185085708618164,call
745.0,0.1917808219178082,689.17,0.11795925994873047,call
750.0,0.1917808219178082,689.17,0.11829494995117187,call
755.0,0.1917808219178082,689.17,0.11860012268066406,call
760.0,0.1917808219178082,689.17,0.12152978088378906,call
765.0,0.1917808219178082,689.17,0.12256736816406251,call
770.0,0.1917808219178082,689.17,0.12500875,call
775.0,0.1917808219178082,689.17,0.12708392456054687,call
780.0,0.1917808219178082,689.17,0.13221082641601564,call
785.0,0.1917808219178082,689.17,0.13306531005859373,call
790.0,0.1917808219178082,689.17,0.13562876098632815,call
795.0,0.1917808219178082,689.17,0.13868048828125001,call
800.0,0.1917808219178082,689.17,0.141610146484375,call
420.0,0.21095890410958903,689.17,0.6433141137695313,call
425.0,0.21095890410958903,689.17,0.632816171875,call
435.0,0.21095890410958903,689.17,0.6120033917236329,call
445.0,0.21095890410958903,689.17,0.5914347497558594,call
450.0,0.21095890410958903,689.17,0.581180946044922,call
470.0,0.21095890410958903,689.17,0.5408981457519533,call
485.0,0.21095890410958903,689.17,0.511174321899414,call
495.0,0.21095890410958903,689.17,0.5386703848266602,call
500.0,0.21095890410958903,689.17,0.5277757183837892,call
505.0,0.21095890410958903,689.17,1.0000000000000003e-05,call
510.0,0.21095890410958903,689.17,0.5062610409545899,call
515.0,0.21095890410958903,689.17,1.0000000000000003e-05,call
520.0,0.21095890410958903,689.17,0.48495998443603516,call
525.0,0.21095890410958903,689.17,1.0000000000000003e-05,call
530.0,0.21095890410958903,689.17,0.46381151428222656,call
535.0,0.21095890410958903,689.17,0.4534966760253906,call
540.0,0.21095890410958903,689.17,0.44312080322265623,call
545.0,0.21095890410958903,689.17,1.0000000000000003e-05,call
550.0,0.21095890410958903,689.17,0.4226742303466796,call
555.0,0.21095890410958903,689.17,0.41235939208984373,call
560.0,0.21095890410958903,689.17,0.4023192092895508,call
565.0,0.21095890410958903,689.17,1.0000000000000003e-05,call
570.0,0.21095890410958903,689.17,0.3823609127807617,call
575.0,0.21095890410958903,689.17,0.37256486816406253,call
580.0,0.21095890410958903,689.17,0.3627993408203125,call
581.0,0.21095890410958903,689.17,0.3608767526245117,call
582.0,0.21095890410958903,689.17,1.0000000000000003e-05,call
583.0,0.21095890410958903,689.17,0.35712312805175783,call
584.0,0.21095890410958903,689.17,0.3551700225830078,call
585.0,0.21095890410958903,689.17,0.35321691711425773,call
586.0,0.21095890410958903,689.17,0.3513858807373046,call
587.0,0.21095890410958903,689.17,0.34943277526855465,call
588.0,0.21095890410958903,689.17,0.3475712216186523,call
589.0,0.21095890410958903,689.17,0.2378311080932617,call
590.0,0.21095890410958903,689.17,0.3437565625,call
591.0,0.21095890410958903,689.17,0.3418950088500976,call
592.0,0.21095890410958903,689.17,0.33991138610839844,call
593.0,0.21095890410958903,689.17,1.0000000000000003e-05,call
594.0,0.21095890410958903,689.17,0.3361577615356446,call
595.0,0.21095890410958903,689.17,0.3342962078857422,call
596.0,0.21095890410958903,689.17,0.3324041369628906,call
597.0,0.21095890410958903,689.17,0.3306341351318359,call
598.0,0.21095890410958903,689.17,0.32874206420898433,call
599.0,0.21095890410958903,689.17,1.0000000000000003e-05,call
600.0,0.21095890410958903,689.17,0.3250342155456542,call
601.0,0.21095890410958903,689.17,1.0000000000000003e-05,call
602.0,0.21095890410958903,689.17,1.0000000000000003e-05,call
603.0,0.21095890410958903,689.17,0.31949533050537104,call
604.0,0.21095890410958903,689.17,1.0000000000000003e-05,call
605.0,0.21095890410958903,689.17,0.31583325775146476,call
606.0,0.21095890410958903,689.17,0.3140022213745117,call
607.0,0.21095890410958903,689.17,0.31215592636108397,call
609.0,0.21095890410958903,689.17,0.1613243048095703,call
610.0,0.21095890410958903,689.17,0.30667807586669915,call
612.0,0.21095890410958903,689.17,0.303016003112793,call
613.0,0.21095890410958903,689.17,1.0000000000000003e-05,call
614.0,0.21095890410958903,689.17,0.29944548217773437,call
615.0,0.21095890410958903,689.17,0.29764496307373034,call
616.0,0.21095890410958903,689.17,0.2959359957885742,call
617.0,0.21095890410958903,689.17,0.29410495941162107,call
618.0,0.21095890410958903,689.17,0.2922739230346678,call
619.0,0.21095890410958903,689.17,1.0000000000000003e-05,call
620.0,0.21095890410958903,689.17,0.288794953918457,call
621.0,0.21095890410958903,689.17,0.2870249520874023,call
622.0,0.21095890410958903,689.17,1.0000000000000003e-05,call
623.0,0.21095890410958903,689.17,0.1772543212890625,call
624.0,0.21095890410958903,689.17,0.281684429321289,call
625.0,0.21095890410958903,689.17,0.27997546203613277,call
627.0,0.21095890410958903,689.17,0.2764354583740234,call
628.0,0.21095890410958903,689.17,0.2748027842712402,call
629.0,0.21095890410958903,689.17,1.0000000000000003e-05,call
630.0,0.21095890410958903,689.17,0.27127803924560545,call
631.0,0.21095890410958903,689.17,0.26949277877807615,call
632.0,0.21095890410958903,689.17,0.20908383697509764,call
633.0,0.21095890410958903,689.17,0.2660901028442383,call
634.0,0.21095890410958903,689.17,0.26436587692260743,call
635.0,0.21095890410958903,689.17,0.26261113372802736,call
636.0,0.21095890410958903,689.17,0.2609632009887696,call
637.0,0.21095890410958903,689.17,1.0000000000000003e-05,call
638.0,0.21095890410958903,689.17,0.25760630096435544,call
639.0,0.21095890410958903,689.17,0.2558973336791992,call
640.0,0.21095890410958903,689.17,0.2541731077575684,call
641.0,0.21095890410958903,689.17,0.25252517501831057,call
642.0,0.21095890410958903,689.17,0.25086198364257806,call
643.0,0.21095890410958903,689.17,0.2491835336303711,call
644.0,0.21095890410958903,689.17,0.2474745663452148,call
645.0,0.21095890410958903,689.17,0.24585715087890625,call
646.0,0.21095890410958903,689.17,0.24411766632080079,call
647.0,0.21095890410958903,689.17,0.22702799346923824,call
648.0,0.21095890410958903,689.17,0.24085231811523436,call
649.0,0.21095890410958903,689.17,0.2391433508300781,call
650.0,0.21095890410958903,689.17,0.2228776443481445,call
651.0,0.21095890410958903,689.17,0.23584748535156247,call
652.0,0.21095890410958903,689.17,0.2342605871582031,call
653.0,0.21095890410958903,689.17,0.23264317169189452,call
654.0,0.21095890410958903,689.17,0.23099523895263674,call
655.0,0.21095890410958903,689.17,0.2154466883850098,call
656.0,0.21095890410958903,689.17,0.2162248788452148,call
657.0,0.21095890410958903,689.17,0.21250177154541017,call
658.0,0.21095890410958903,689.17,0.2245560943603515,call
659.0,0.21095890410958903,689.17,0.22296919616699218,call
660.0,0.21095890410958903,689.17,0.20717650741577143,call
661.0,0.21095890410958903,689.17,0.2197953997802734,call
662.0,0.21095890410958903,689.17,0.20438417694091793,call
663.0,0.21095890410958903,689.17,0.21659108612060546,call
664.0,0.21095890410958903,689.17,0.2150347052001953,call
665.0,0.21095890410958903,689.17,0.19968451690673827,call
666.0,0.21095890410958903,689.17,0.19934882690429687,call
667.0,0.21095890410958903,689.17,0.19802132553100588,call
668.0,0.21095890410958903,689.17,0.1963276168823242,call
669.0,0.21095890410958903,689.17,0.20728331787109372,call
670.0,0.21095890410958903,689.17,0.19231459548950197,call
671.0,0.21095890410958903,689.17,0.20426210784912108,call
672.0,0.21095890410958903,689.17,0.19066666275024413,call
673.0,0.21095890410958903,689.17,0.20116460464477537,call
674.0,0.21095890410958903,689.17,0.18637898590087892,call
675.0,0.21095890410958903,689.17,0.19817391189575195,call
676.0,0.21095890410958903,689.17,0.18325096542358393,call
677.0,0.21095890410958903,689.17,0.19525951232910155,call
678.0,0.21095890410958903,689.17,0.19379468322753907,call
679.0,0.21095890410958903,689.17,0.1923451127624512,call
680.0,0.21095890410958903,689.17,0.17754423538208008,call
681.0,0.21095890410958903,689.17,0.17687285537719727,call
682.0,0.21095890410958903,689.17,0.1880269186401367,call
683.0,0.21095890410958903,689.17,0.18665364135742188,call
684.0,0.21095890410958903,689.17,0.18087061813354488,call
685.0,0.21095890410958903,689.17,0.17076940078735353,call
686.0,0.21095890410958903,689.17,0.16983862396240235,call
687.0,0.21095890410958903,689.17,0.18116053222656248,call
688.0,0.21095890410958903,689.17,0.17977199630737306,call
689.0,0.21095890410958903,689.17,0.1785055294799805,call
690.0,0.21095890410958903,689.17,0.16671060348510747,call
691.0,0.21095890410958903,689.17,0.1632011170959473,call
692.0,0.21095890410958903,689.17,0.1745840599060059,call
693.0,0.21095890410958903,689.17,0.16687844848632816,call
694.0,0.21095890410958903,689.17,0.17209690216064455,call
695.0,0.21095890410958903,689.17,0.1580284393310547,call
696.0,0.21095890410958903,689.17,0.16968603759765627,call
697.0,0.21095890410958903,689.17,0.1556023161315918,call
698.0,0.21095890410958903,689.17,0.1543968838500977,call
699.0,0.21095890410958903,689.17,0.1662833616638184,call
700.0,0.21095890410958903,689.17,0.1519555020141602,call
701.0,0.21095890410958903,689.17,0.16411663528442383,call
702.0,0.21095890410958903,689.17,0.16301801345825195,call
703.0,0.21095890410958903,689.17,0.1620109434509277,call
704.0,0.21095890410958903,689.17,0.14814084289550783,call
705.0,0.21095890410958903,689.17,0.1470879969787598,call
706.0,0.21095890410958903,689.17,0.1460351510620117,call
707.0,0.21095890410958903,689.17,0.14498230514526367,call
708.0,0.21095890410958903,689.17,0.14383790740966795,call
709.0,0.21095890410958903,689.17,0.14066411102294923,call
710.0,0.21095890410958903,689.17,0.1395044546508789,call
711.0,0.21095890410958903,689.17,0.14113712875366213,call
712.0,0.21095890410958903,689.17,0.14017583465576172,call
713.0,0.21095890410958903,689.17,0.137002038269043,call
714.0,0.21095890410958903,689.17,0.13601022689819336,call
715.0,0.21095890410958903,689.17,0.13510996734619146,call
716.0,0.21095890410958903,689.17,0.1368189346313477,call
717.0,0.21095890410958903,689.17,0.13607126144409182,call
718.0,0.21095890410958903,689.17,0.13530832962036138,call
719.0,0.21095890410958903,689.17,0.13222608505249023,call
720.0,0.21095890410958903,689.17,0.13123427368164062,call
721.0,0.21095890410958903,689.17,0.1331873791503906,call
722.0,0.21095890410958903,689.17,0.13256177505493166,call
723.0,0.21095890410958903,689.17,0.131844619140625,call
724.0,0.21095890410958903,689.17,0.1312495323181152,call
725.0,0.21095890410958903,689.17,0.1295710823059082,call
726.0,0.21095890410958903,689.17,0.13021194503784178,call
727.0,0.21095890410958903,689.17,0.12967789276123048,call
728.0,0.21095890410958903,689.17,0.12915909912109375,call
729.0,0.21095890410958903,689.17,0.12867082275390623,call
730.0,0.21095890410958903,689.17,0.12534444000244144,call
731.0,0.21095890410958903,689.17,0.12777056320190427,call
732.0,0.21095890410958903,689.17,0.12738909729003906,call
733.0,0.21095890410958903,689.17,0.12421530090332032,call
734.0,0.21095890410958903,689.17,0.12659564819335936,call
735.0,0.21095890410958903,689.17,0.1233608172607422,call
736.0,0.21095890410958903,689.17,0.12323874816894533,call
737.0,0.21095890410958903,689.17,0.12557331954956058,call
738.0,0.21095890410958903,689.17,0.12256736816406251,call
739.0,0.21095890410958903,689.17,0.12201805725097657,call
740.0,0.21095890410958903,689.17,0.1246730599975586,call
745.0,0.21095890410958903,689.17,0.12070581451416015,call
750.0,0.21095890410958903,689.17,0.12012598632812499,call
755.0,0.21095890410958903,689.17,0.12177391906738282,call
760.0,0.21095890410958903,689.17,0.12409323181152344,call
765.0,0.21095890410958903,689.17,0.12305564453125001,call
770.0,0.21095890410958903,689.17,0.12488668090820312,call
775.0,0.21095890410958903,689.17,0.1313563427734375,call
780.0,0.21095890410958903,689.17,0.12952530639648438,call
785.0,0.21095890410958903,689.17,0.13086806640624998,call
790.0,0.21095890410958903,689.17,0.13306531005859373,call
795.0,0.21095890410958903,689.17,0.13916876464843753,call
800.0,0.21095890410958903,689.17,0.13843635009765626,call
245.0,0.2684931506849315,689.17,0.9982910327148438,call
250.0,0.2684931506849315,689.17,0.9857179162597658,call
255.0,0.2684931506849315,689.17,1.0000000000000003e-05,call
260.0,0.2684931506849315,689.17,1.0000000000000003e-05,call
265.0,0.2684931506849315,689.17,1.0000000000000003e-05,call
270.0,0.2684931506849315,689.17,1.0000000000000003e-05,call
275.0,0.2684931506849315,689.17,1.0000000000000003e-05,call
285.0,0.2684931506849315,689.17,1.0000000000000003e-05,call
290.0,0.2684931506849315,689.17,1.0000000000000003e-05,call
295.0,0.2684931506849315,689.17,1.0000000000000003e-05,call
300.0,0.2684931506849315,689.17,0.8636488244628906,call
305.0,0.2684931506849315,689.17,1.0000000000000003e-05,call
310.0,0.2684931506849315,689.17,1.0000000000000003e-05,call
315.0,0.2684931506849315,689.17,0.828981202392578,call
320.0,0.2684931506849315,689.17,0.8177508459472655,call
325.0,0.2684931506849315,689.17,1.0000000000000003e-05,call
330.0,0.2684931506849315,689.17,0.7950459948730468,call
335.0,0.2684931506849315,689.17,1.0000000000000003e-05,call
340.0,0.2684931506849315,689.17,0.7730735583496093,call
345.0,0.2684931506849315,689.17,1.0000000000000003e-05,call
350.0,0.2684931506849315,689.17,0.7515893981933592,call
355.0,0.2684931506849315,689.17,1.0000000000000003e-05,call
360.0,0.2684931506849315,689.17,0.7302273071289063,call
365.0,0.2684931506849315,689.17,1.0000000000000003e-05,call
370.0,0.2684931506849315,689.17,0.7091703887939453,call
375.0,0.2684931506849315,689.17,1.0000000000000003e-05,call
380.0,0.2684931506849315,689.17,0.6884796777343751,call
385.0,0.2684931506849315,689.17,0.6782258740234376,call
390.0,0.2684931506849315,689.17,0.6681551739501954,call
395.0,0.2684931506849315,689.17,1.0000000000000003e-05,call
400.0,0.2684931506849315,689.17,0.6479527392578125,call
405.0,0.2684931506849315,689.17,0.6380041082763672,call
410.0,0.2684931506849315,689.17,0.6282385809326172,call
415.0,0.2684931506849315,689.17,0.6183509844970705,call
420.0,0.2684931506849315,689.17,0.6084633880615236,call
425.0,0.2684931506849315,689.17,0.5989419989013673,call
430.0,0.2684931506849315,689.17,0.5892985406494142,call
435.0,0.2684931506849315,689.17,1.0000000000000003e-05,call
440.0,0.2684931506849315,689.17,0.5701336932373047,call
445.0,0.2684931506849315,689.17,0.5606733386230469,call
450.0,0.2684931506849315,689.17,0.5513350531005861,call
455.0,0.2684931506849315,689.17,0.5419967675781252,call
460.0,0.2684931506849315,689.17,0.5326889993286132,call
465.0,0.2684931506849315,689.17,1.0000000000000003e-05,call
470.0,0.2684931506849315,689.17,0.5141650146484374,call
475.0,0.2684931506849315,689.17,0.5051013845825195,call
480.0,0.2684931506849315,689.17,0.5360153820800782,call
485.0,0.2684931506849315,689.17,0.5260667510986328,call
490.0,0.2684931506849315,689.17,0.5161486373901367,call
495.0,0.2684931506849315,689.17,0.5062000064086914,call
500.0,0.2684931506849315,689.17,0.4670463452148438,call
505.0,0.2684931506849315,689.17,0.4866994689941406,call
510.0,0.2684931506849315,689.17,0.47696445892333983,call
515.0,0.2684931506849315,689.17,0.46738203521728516,call
520.0,0.2684931506849315,689.17,0.45795219787597663,call
525.0,0.2684931506849315,689.17,0.4484918432617187,call
530.0,0.2684931506849315,689.17,0.4391535577392578,call
535.0,0.2684931506849315,689.17,0.4297847549438477,call
540.0,0.2684931506849315,689.17,0.4205380212402344,call
545.0,0.2684931506849315,689.17,0.41138283935546877,call
550.0,0.2684931506849315,689.17,0.40204455383300786,call
555.0,0.2684931506849315,689.17,0.3930724755859375,call
560.0,0.2684931506849315,689.17,0.3841614318847656,call
565.0,0.2684931506849315,689.17,0.3752809054565429,call
570.0,0.2684931506849315,689.17,0.3665834826660156,call
575.0,0.2684931506849315,689.17,0.3579165771484375,call
580.0,0.2684931506849315,689.17,0.34924967163085935,call
585.0,0.2684931506849315,689.17,0.3408116456604004,call
590.0,0.2684931506849315,689.17,0.33234310241699216,call
595.0,0.2684931506849315,689.17,0.3240729214477538,call
600.0,0.2684931506849315,689.17,0.31583325775146476,call
605.0,0.2684931506849315,689.17,0.30771566314697263,call
610.0,0.2684931506849315,689.17,0.2997048789978027,call
615.0,0.2684931506849315,689.17,0.29175512939453113,call
620.0,0.2684931506849315,689.17,0.28385115570068353,call
625.0,0.2684931506849315,689.17,0.27605399246215817,call
630.0,0.2684931506849315,689.17,0.2683178637695312,call
635.0,0.2684931506849315,689.17,0.25858285369873046,call
640.0,0.2684931506849315,689.17,0.2531507791137696,call
645.0,0.2684931506849315,689.17,0.24570456451416017,call
650.0,0.2684931506849315,689.17,0.2260819580078125,call
655.0,0.2684931506849315,689.17,0.21927660614013672,call
660.0,0.2684931506849315,689.17,0.22382367980957027,call
665.0,0.2684931506849315,689.17,0.20571167831420895,call
670.0,0.2684931506849315,689.17,0.19742623870849607,call
675.0,0.2684931506849315,689.17,0.19237563003540042,call
680.0,0.2684931506849315,689.17,0.1839223454284668,call
685.0,0.2684931506849315,689.17,0.17926846130371094,call
690.0,0.2684931506849315,689.17,0.1706625903320313,call
695.0,0.2684931506849315,689.17,0.16489482574462894,call
700.0,0.2684931506849315,689.17,0.15888292297363282,call
705.0,0.2684931506849315,689.17,0.15631947204589847,call
710.0,0.2684931506849315,689.17,0.14887325744628904,call
715.0,0.2684931506849315,689.17,0.14432618377685547,call
720.0,0.2684931506849315,689.17,0.14031316238403319,call
725.0,0.2684931506849315,689.17,0.1368036759948731,call
730.0,0.2684931506849315,689.17,0.13364513824462892,call
735.0,0.2684931506849315,689.17,0.1327906546020508,call
740.0,0.2684931506849315,689.17,0.1289149609375,call
745.0,0.2684931506849315,689.17,0.12748064910888673,call
750.0,0.2684931506849315,689.17,0.1260158200073242,call
755.0,0.2684931506849315,689.17,0.12503926727294923,call
760.0,0.2684931506849315,689.17,0.1245204736328125,call
765.0,0.2684931506849315,689.17,0.12427633544921876,call
770.0,0.2684931506849315,689.17,0.12525288818359376,call
775.0,0.2684931506849315,689.17,0.1261684063720703,call
780.0,0.2684931506849315,689.17,0.1251918536376953,call
785.0,0.2684931506849315,689.17,0.1287928918457031,call
790.0,0.2684931506849315,689.17,0.13257703369140628,call
795.0,0.2684931506849315,689.17,0.13196668823242189,call
800.0,0.2684931506849315,689.17,0.133797724609375,call
805.0,0.2684931506849315,689.17,0.13575083007812502,call
810.0,0.2684931506849315,689.17,0.1445398046875,call
815.0,0.2684931506849315,689.17,0.13990117919921874,call
820.0,0.2684931506849315,689.17,0.14246463012695312,call
825.0,0.2684931506849315,689.17,0.15223015747070315,call
830.0,0.2684931506849315,689.17,0.14649291015625,call
835.0,0.2684931506849315,689.17,0.14795773925781253,call
840.0,0.2684931506849315,689.17,0.15601429931640626,call
845.0,0.2684931506849315,689.17,0.15284050292968754,call
850.0,0.2684931506849315,689.17,0.15284050292968754,call
345.0,0.29863013698630136,689.17,0.7214383325195313,call
350.0,0.29863013698630136,689.17,1.0000000000000003e-05,call
355.0,0.29863013698630136,689.17,1.0000000000000003e-05,call
360.0,0.29863013698630136,689.17,1.0000000000000003e-05,call
365.0,0.29863013698630136,689.17,1.0000000000000003e-05,call
370.0,0.29863013698630136,689.17,1.0000000000000003e-05,call
375.0,0.29863013698630136,689.17,1.0000000000000003e-05,call
380.0,0.29863013698630136,689.17,0.6554599884033205,call
385.0,0.29863013698630136,689.17,0.6458165301513672,call
390.0,0.29863013698630136,689.17,1.0000000000000003e-05,call
395.0,0.29863013698630136,689.17,1.0000000000000003e-05,call
400.0,0.29863013698630136,689.17,0.6174354663085939,call
405.0,0.29863013698630136,689.17,1.0000000000000003e-05,call
410.0,0.29863013698630136,689.17,0.5985757916259766,call
415.0,0.29863013698630136,689.17,1.0000000000000003e-05,call
420.0,0.29863013698630136,689.17,1.0000000000000003e-05,call
425.0,0.29863013698630136,689.17,1.0000000000000003e-05,call
430.0,0.29863013698630136,689.17,0.5618940295410157,call
435.0,0.29863013698630136,689.17,1.0000000000000003e-05,call
440.0,0.29863013698630136,689.17,1.0000000000000003e-05,call
445.0,0.29863013698630136,689.17,1.0000000000000003e-05,call
450.0,0.29863013698630136,689.17,0.5260057165527343,call
455.0,0.29863013698630136,689.17,1.0000000000000003e-05,call
460.0,0.29863013698630136,689.17,0.5083667327880859,call
465.0,0.29863013698630136,689.17,0.5400741793823244,call
470.0,0.29863013698630136,689.17,0.5303391693115236,call
475.0,0.29863013698630136,689.17,0.5207872628784179,call
480.0,0.29863013698630136,689.17,0.5112658737182617,call
485.0,0.29863013698630136,689.17,1.0000000000000003e-05,call
490.0,0.29863013698630136,689.17,0.4926198199462891,call
495.0,0.29863013698630136,689.17,0.4833120516967774,call
500.0,0.29863013698630136,689.17,0.47400428344726564,call
504.0,0.29863013698630136,689.17,0.4666191033935547,call
505.0,0.29863013698630136,689.17,0.46484910156250003,call
506.0,0.29863013698630136,689.17,0.46307909973144534,call
507.0,0.29863013698630136,689.17,0.46115651153564463,call
508.0,0.29863013698630136,689.17,0.45938650970458983,call
509.0,0.29863013698630136,689.17,0.45761650787353525,call
510.0,0.29863013698630136,689.17,0.45584650604248045,call
511.0,0.29863013698630136,689.17,0.28601788208007806,call
512.0,0.29863013698630136,689.17,0.45215391601562505,call
513.0,0.29863013698630136,689.17,0.2860789166259765,call
514.0,0.29863013698630136,689.17,1.0000000000000003e-05,call
515.0,0.29863013698630136,689.17,0.446843910522461,call
516.0,0.29863013698630136,689.17,1.0000000000000003e-05,call
517.0,0.29863013698630136,689.17,1.0000000000000003e-05,call
518.0,0.29863013698630136,689.17,1.0000000000000003e-05,call
519.0,0.29863013698630136,689.17,1.0000000000000003e-05,call
520.0,0.29863013698630136,689.17,0.43781079772949216,call
521.0,0.29863013698630136,689.17,1.0000000000000003e-05,call
522.0,0.29863013698630136,689.17,0.43424027679443367,call
523.0,0.29863013698630136,689.17,0.43247027496337886,call
524.0,0.29863013698630136,689.17,1.0000000000000003e-05,call
525.0,0.29863013698630136,689.17,0.4290523403930664,call
526.0,0.29863013698630136,689.17,1.0000000000000003e-05,call
527.0,0.29863013698630136,689.17,1.0000000000000003e-05,call
528.0,0.29863013698630136,689.17,1.0000000000000003e-05,call
529.0,0.29863013698630136,689.17,1.0000000000000003e-05,call
530.0,0.29863013698630136,689.17,0.4202633657836914,call
531.0,0.29863013698630136,689.17,1.0000000000000003e-05,call
532.0,0.29863013698630136,689.17,1.0000000000000003e-05,call
533.0,0.29863013698630136,689.17,1.0000000000000003e-05,call
534.0,0.29863013698630136,689.17,1.0000000000000003e-05,call
535.0,0.29863013698630136,689.17,0.2805858074951171,call
536.0,0.29863013698630136,689.17,1.0000000000000003e-05,call
537.0,0.29863013698630136,689.17,0.40796490478515623,call
538.0,0.29863013698630136,689.17,1.0000000000000003e-05,call
539.0,0.29863013698630136,689.17,1.0000000000000003e-05,call
540.0,0.29863013698630136,689.17,0.402700675201416,call
541.0,0.29863013698630136,689.17,1.0000000000000003e-05,call
542.0,0.29863013698630136,689.17,1.0000000000000003e-05,call
543.0,0.29863013698630136,689.17,1.0000000000000003e-05,call
544.0,0.29863013698630136,689.17,1.0000000000000003e-05,call
545.0,0.29863013698630136,689.17,0.39406428695678714,call
546.0,0.29863013698630136,689.17,1.0000000000000003e-05,call
547.0,0.29863013698630136,689.17,1.0000000000000003e-05,call
548.0,0.29863013698630136,689.17,1.0000000000000003e-05,call
549.0,0.29863013698630136,689.17,0.38733522827148437,call
550.0,0.29863013698630136,689.17,0.385626260986328,call
551.0,0.29863013698630136,689.17,1.0000000000000003e-05,call
552.0,0.29863013698630136,689.17,1.0000000000000003e-05,call
553.0,0.29863013698630136,689.17,1.0000000000000003e-05,call
554.0,0.29863013698630136,689.17,1.0000000000000003e-05,call
555.0,0.29863013698630136,689.17,0.3771424591064453,call
556.0,0.29863013698630136,689.17,1.0000000000000003e-05,call
557.0,0.29863013698630136,689.17,0.3738465936279296,call
558.0,0.29863013698630136,689.17,1.0000000000000003e-05,call
559.0,0.29863013698630136,689.17,0.2679516564941406,call
560.0,0.29863013698630136,689.17,0.3688265022277832,call
561.0,0.29863013698630136,689.17,1.0000000000000003e-05,call
562.0,0.29863013698630136,689.17,0.36562218856811524,call
563.0,0.29863013698630136,689.17,1.0000000000000003e-05,call
564.0,0.29863013698630136,689.17,0.36228054718017577,call
565.0,0.29863013698630136,689.17,0.3606631317138671,call
566.0,0.29863013698630136,689.17,1.0000000000000003e-05,call
567.0,0.29863013698630136,689.17,1.0000000000000003e-05,call
568.0,0.29863013698630136,689.17,1.0000000000000003e-05,call
569.0,0.29863013698630136,689.17,0.26099371826171874,call
570.0,0.29863013698630136,689.17,0.35253027847290036,call
571.0,0.29863013698630136,689.17,1.0000000000000003e-05,call
572.0,0.29863013698630136,689.17,1.0000000000000003e-05,call
573.0,0.29863013698630136,689.17,0.3477238079833984,call
574.0,0.29863013698630136,689.17,0.34606061660766596,call
575.0,0.29863013698630136,689.17,0.3443974252319336,call
576.0,0.29863013698630136,689.17,0.342856302947998,call
577.0,0.29863013698630136,689.17,0.3411931115722656,call
578.0,0.29863013698630136,689.17,0.3396367306518554,call
579.0,0.29863013698630136,689.17,1.0000000000000003e-05,call
580.0,0.29863013698630136,689.17,0.33649345153808596,call
581.0,0.29863013698630136,689.17,0.33493707061767575,call
582.0,0.29863013698630136,689.17,0.3333501724243164,call
583.0,0.29863013698630136,689.17,0.3317632742309571,call
584.0,0.29863013698630136,689.17,0.33017637603759764,call
585.0,0.29863013698630136,689.17,0.3285742192077636,call
586.0,0.29863013698630136,689.17,0.32697206237792964,call
590.0,0.29863013698630136,689.17,0.3208380905151367,call
595.0,0.29863013698630136,689.17,0.313132479095459,call
600.0,0.29863013698630136,689.17,0.3054573849487304,call
605.0,0.29863013698630136,689.17,0.29798065307617183,call
610.0,0.29863013698630136,689.17,0.29050392120361324,call
615.0,0.29863013698630136,689.17,0.28314925842285155,call
620.0,0.29863013698630136,689.17,0.2758403715515136,call
625.0,0.29863013698630136,689.17,0.2685925192260742,call
630.0,0.29863013698630136,689.17,0.26149725326538087,call
635.0,0.29863013698630136,689.17,0.25449353912353523,call
640.0,0.29863013698630136,689.17,0.23844145355224605,call
645.0,0.29863013698630136,689.17,0.22922523712158205,call
650.0,0.29863013698630136,689.17,0.22248091979980467,call
655.0,0.29863013698630136,689.17,0.21602651657104488,call
660.0,0.29863013698630136,689.17,0.20963314788818355,call
665.0,0.29863013698630136,689.17,0.20290408920288083,call
670.0,0.29863013698630136,689.17,0.20705443832397458,call
675.0,0.29863013698630136,689.17,0.19049881774902344,call
680.0,0.29863013698630136,689.17,0.1843801045227051,call
685.0,0.29863013698630136,689.17,0.17685759674072266,call
690.0,0.29863013698630136,689.17,0.1726385837554932,call
695.0,0.29863013698630136,689.17,0.16451335983276366,call
700.0,0.29863013698630136,689.17,0.1591499491119385,call
705.0,0.29863013698630136,689.17,0.15393912475585939,call
710.0,0.29863013698630136,689.17,0.14934627517700194,call
715.0,0.29863013698630136,689.17,0.14493652923583983,call
720.0,0.29863013698630136,689.17,0.14070988693237307,call
725.0,0.29863013698630136,689.17,0.1373377282714844,call
730.0,0.29863013698630136,689.17,0.13416393188476564,call
735.0,0.29863013698630136,689.17,0.13150892913818357,call
740.0,0.29863013698630136,689.17,0.12935746139526366,call
745.0,0.29863013698630136,689.17,0.1277858218383789,call
750.0,0.29863013698630136,689.17,0.12610737182617188,call
755.0,0.29863013698630136,689.17,0.12503926727294923,call
760.0,0.29863013698630136,689.17,0.12720599365234375,call
765.0,0.29863013698630136,689.17,0.12397116271972657,call
770.0,0.29863013698630136,689.17,0.12384909362792969,call
775.0,0.29863013698630136,689.17,0.12458150817871094,call
780.0,0.29863013698630136,689.17,0.1271449591064453,call
785.0,0.29863013698630136,689.17,0.12671771728515624,call
790.0,0.29863013698630136,689.17,0.12751116638183596,call
795.0,0.29863013698630136,689.17,0.1292201336669922,call
800.0,0.29863013698630136,689.17,0.13086806640624998,call
805.0,0.29863013698630136,689.17,0.13269910278320313,call
810.0,0.29863013698630136,689.17,0.13941290283203128,call
815.0,0.29863013698630136,689.17,0.13599496826171875,call
435.0,0.38082191780821917,689.17,0.5112048391723633,call
470.0,0.38082191780821917,689.17,0.4909108526611329,call
475.0,0.38082191780821917,689.17,0.48279325805664064,call
480.0,0.38082191780821917,689.17,0.4746756634521484,call
485.0,0.38082191780821917,689.17,0.46652755157470704,call
500.0,0.38082191780821917,689.17,0.4425714923095704,call
505.0,0.38082191780821917,689.17,0.43478958770751963,call
510.0,0.38082191780821917,689.17,0.3078987667846679,call
515.0,0.38082191780821917,689.17,0.4193478475952148,call
520.0,0.38082191780821917,689.17,0.4115812016296387,call
525.0,0.38082191780821917,689.17,0.4040129179382324,call
530.0,0.38082191780821917,689.17,0.3965209274291992,call
535.0,0.38082191780821917,689.17,0.38907471282958983,call
540.0,0.38082191780821917,689.17,0.3816895327758788,call
545.0,0.38082191780821917,689.17,0.3743501286315917,call
550.0,0.38082191780821917,689.17,0.36713279357910156,call
555.0,0.38082191780821917,689.17,0.3599612344360351,call
560.0,0.38082191780821917,689.17,0.35289648574829097,call
565.0,0.38082191780821917,689.17,0.3459232888793945,call
570.0,0.38082191780821917,689.17,0.338950092010498,call
575.0,0.38082191780821917,689.17,0.3321294815063477,call
580.0,0.38082191780821917,689.17,0.32529361236572263,call
585.0,0.38082191780821917,689.17,0.3185798123168945,call
590.0,0.38082191780821917,689.17,0.31189652954101554,call
595.0,0.38082191780821917,689.17,0.3053047985839844,call
600.0,0.38082191780821917,689.17,0.29871306762695304,call
605.0,0.38082191780821917,689.17,0.29225866439819326,call
610.0,0.38082191780821917,689.17,0.2858500370788574,call
611.0,0.38082191780821917,689.17,0.2845377943420409,call
612.0,0.38082191780821917,689.17,0.23746490081787108,call
613.0,0.38082191780821917,689.17,0.2819743434143066,call
614.0,0.38082191780821917,689.17,0.2807231352233886,call
615.0,0.38082191780821917,689.17,0.27945666839599603,call
616.0,0.38082191780821917,689.17,0.27819020156860347,call
617.0,0.38082191780821917,689.17,0.2769084761047363,call
618.0,0.38082191780821917,689.17,0.27568778518676756,call
619.0,0.38082191780821917,689.17,0.2743908010864258,call
620.0,0.38082191780821917,689.17,0.2731395928955078,call
621.0,0.38082191780821917,689.17,0.27190364334106437,call
622.0,0.38082191780821917,689.17,0.2706371765136719,call
625.0,0.38082191780821917,689.17,0.26688355194091795,call
626.0,0.38082191780821917,689.17,0.2656628610229492,call
627.0,0.38082191780821917,689.17,0.2643506182861328,call
628.0,0.38082191780821917,689.17,0.26309941009521487,call
629.0,0.38082191780821917,689.17,0.26192449508667,call
630.0,0.38082191780821917,689.17,0.2606427696228027,call
631.0,0.38082191780821917,689.17,0.2594373373413086,call
632.0,0.38082191780821917,689.17,0.2581479825592041,call
634.0,0.38082191780821917,689.17,0.2557447473144532,call
635.0,0.38082191780821917,689.17,0.25448590980529795,call
636.0,0.38082191780821917,689.17,0.24153895675659182,call
637.0,0.38082191780821917,689.17,0.2520063813781738,call
638.0,0.38082191780821917,689.17,0.250785690460205,call
639.0,0.38082191780821917,689.17,0.24961077545166016,call
640.0,0.38082191780821917,689.17,0.24837482589721682,call
641.0,0.38082191780821917,689.17,0.2357711921691894,call
642.0,0.38082191780821917,689.17,0.24596396133422854,call
643.0,0.38082191780821917,689.17,0.24474327041625982,call
644.0,0.38082191780821917,689.17,0.24350732086181642,call
645.0,0.38082191780821917,689.17,0.2311401959991455,call
646.0,0.38082191780821917,689.17,0.24114223220825193,call
647.0,0.38082191780821917,689.17,0.23992154129028315,call
648.0,0.38082191780821917,689.17,0.23870085037231442,call
649.0,0.38082191780821917,689.17,0.23752593536376948,call
650.0,0.38082191780821917,689.17,0.22519695709228515,call
651.0,0.38082191780821917,689.17,0.23514558807373048,call
652.0,0.38082191780821917,689.17,0.2339248971557617,call
653.0,0.38082191780821917,689.17,0.23274998214721682,call
654.0,0.38082191780821917,689.17,0.23157506713867188,call
655.0,0.38082191780821917,689.17,0.21965807205200194,call
656.0,0.38082191780821917,689.17,0.22914894393920898,call
657.0,0.38082191780821917,689.17,0.22798928756713865,call
658.0,0.38082191780821917,689.17,0.2267991139221191,call
659.0,0.38082191780821917,689.17,0.22566234550476075,call
660.0,0.38082191780821917,689.17,0.21381401428222657,call
661.0,0.38082191780821917,689.17,0.22327436889648436,call
662.0,0.38082191780821917,689.17,0.22214522979736323,call
663.0,0.38082191780821917,689.17,0.2209321681976318,call
664.0,0.38082191780821917,689.17,0.21976488250732418,call
665.0,0.38082191780821917,689.17,0.208267499923706,call
666.0,0.38082191780821917,689.17,0.21750660430908203,call
667.0,0.38082191780821917,689.17,0.2163469479370117,call
668.0,0.38082191780821917,689.17,0.21517203292846682,call
669.0,0.38082191780821917,689.17,0.2140276351928711,call
670.0,0.38082191780821917,689.17,0.21292901336669923,call
671.0,0.38082191780821917,689.17,0.21175409835815429,call
672.0,0.38082191780821917,689.17,0.21062495925903318,call
673.0,0.38082191780821917,689.17,0.2095263374328613,call
674.0,0.38082191780821917,689.17,0.20840482765197746,call
675.0,0.38082191780821917,689.17,0.19707529006958008,call
676.0,0.38082191780821917,689.17,0.20610840286254878,call
677.0,0.38082191780821917,689.17,0.20497926376342768,call
678.0,0.38082191780821917,689.17,0.20389590057373047,call
679.0,0.38082191780821917,689.17,0.1928715357208252,call
680.0,0.38082191780821917,689.17,0.20165288101196288,call
681.0,0.38082191780821917,689.17,0.200554259185791,call
682.0,0.38082191780821917,689.17,0.1895832995605469,call
683.0,0.38082191780821917,689.17,0.1984104207611084,call
684.0,0.38082191780821917,689.17,0.1862340288543701,call
685.0,0.38082191780821917,689.17,0.1862416581726074,call
686.0,0.38082191780821917,689.17,0.19518321914672854,call
687.0,0.38082191780821917,689.17,0.1941151145935059,call
688.0,0.38082191780821917,689.17,0.1930775273132324,call
689.0,0.38082191780821917,689.17,0.19200942276000982,call
690.0,0.38082191780821917,689.17,0.18110712699890133,call
691.0,0.38082191780821917,689.17,0.1899266188812256,call
692.0,0.38082191780821917,689.17,0.18026027267456057,call
693.0,0.38082191780821917,689.17,0.17920742675781248,call
694.0,0.38082191780821917,689.17,0.17818509811401367,call
695.0,0.38082191780821917,689.17,0.17719328674316404,call
696.0,0.38082191780821917,689.17,0.174812939453125,call
697.0,0.38082191780821917,689.17,0.17516388809204103,call
698.0,0.38082191780821917,689.17,0.17212741943359378,call
699.0,0.38082191780821917,689.17,0.17118138397216798,call
700.0,0.38082191780821917,689.17,0.170204831237793,call
701.0,0.38082191780821917,689.17,0.16918250259399414,call
702.0,0.38082191780821917,689.17,0.16825172576904301,call
703.0,0.38082191780821917,689.17,0.16930457168579105,call
704.0,0.38082191780821917,689.17,0.16835853622436525,call
705.0,0.38082191780821917,689.17,0.1656577575683594,call
706.0,0.38082191780821917,689.17,0.16440654937744142,call
707.0,0.38082191780821917,689.17,0.1635368070983887,call
708.0,0.38082191780821917,689.17,0.1646659461975098,call
709.0,0.38082191780821917,689.17,0.16378094528198245,call
710.0,0.38082191780821917,689.17,0.16086654571533204,call
711.0,0.38082191780821917,689.17,0.15989762229919433,call
715.0,0.38082191780821917,689.17,0.15853197433471683,call
720.0,0.38082191780821917,689.17,0.1524437783813477,call
725.0,0.38082191780821917,689.17,0.14859860198974612,call
730.0,0.38082191780821917,689.17,0.14641661697387692,call
735.0,0.38082191780821917,689.17,0.14215945739746094,call
740.0,0.38082191780821917,689.17,0.13939764419555667,call
745.0,0.38082191780821917,689.17,0.13779548736572267,call
750.0,0.38082191780821917,689.17,0.13547617462158207,call
755.0,0.38082191780821917,689.17,0.13538462280273442,call
760.0,0.38082191780821917,689.17,0.13196668823242189,call
765.0,0.38082191780821917,689.17,0.1326380682373047,call
770.0,0.38082191780821917,689.17,0.12928116821289062,call
775.0,0.38082191780821917,689.17,0.1287318572998047,call
780.0,0.38082191780821917,689.17,0.12839616729736325,call
785.0,0.38082191780821917,689.17,0.12912858184814452,call
790.0,0.38082191780821917,689.17,0.1300441000366211,call
795.0,0.38082191780821917,689.17,0.12897599548339844,call
800.0,0.38082191780821917,689.17,0.1297694445800781,call
805.0,0.38082191780821917,689.17,0.13355358642578125,call
810.0,0.38082191780821917,689.17,0.13483531188964848,call
815.0,0.38082191780821917,689.17,0.13233289550781252,call
820.0,0.38082191780821917,689.17,0.13355358642578125,call
825.0,0.38082191780821917,689.17,0.13477427734375003,call
830.0,0.38082191780821917,689.17,0.13636117553710939,call
520.0,0.4602739726027397,689.17,0.4028227442932129,call
535.0,0.4602739726027397,689.17,0.38223884368896477,call
540.0,0.4602739726027397,689.17,0.37544875045776366,call
545.0,0.4602739726027397,689.17,0.3687807263183594,call
550.0,0.4602739726027397,689.17,0.36212796081542964,call
555.0,0.4602739726027397,689.17,0.3555667471313476,call
565.0,0.4602739726027397,689.17,0.3425969061279296,call
575.0,0.4602739726027397,689.17,0.32997801376342767,call
588.0,0.4602739726027397,689.17,0.3138801522827148,call
590.0,0.4602739726027397,689.17,0.31145402908325187,call
595.0,0.4602739726027397,689.17,0.305320057220459,call
600.0,0.4602739726027397,689.17,0.2992471199035644,call
620.0,0.4602739726027397,689.17,0.27558097473144527,call
623.0,0.4602739726027397,689.17,0.27211726425170896,call
625.0,0.4602739726027397,689.17,0.26979795150756836,call
631.0,0.4602739726027397,689.17,0.2628857891845704,call
635.0,0.4602739726027397,689.17,0.25834634483337404,call
637.0,0.4602739726027397,689.17,0.25604992004394533,call
640.0,0.4602739726027397,689.17,0.25264724411010747,call
641.0,0.4602739726027397,689.17,0.2515028463745117,call
643.0,0.4602739726027397,689.17,0.2492598268127441,call
644.0,0.4602739726027397,689.17,0.24814594635009768,call
645.0,0.4602739726027397,689.17,0.2470320658874512,call
647.0,0.4602739726027397,689.17,0.24480430496215821,call
648.0,0.4602739726027397,689.17,0.2436522779083252,call
649.0,0.4602739726027397,689.17,0.2425383974456787,call
650.0,0.4602739726027397,689.17,0.2414168876647949,call
652.0,0.4602739726027397,689.17,0.23918912673950193,call
655.0,0.4602739726027397,689.17,0.23590089057922362,call
656.0,0.4602739726027397,689.17,0.23475649284362793,call
658.0,0.4602739726027397,689.17,0.23255161987304687,call
660.0,0.4602739726027397,689.17,0.2211000131988525,call
663.0,0.4602739726027397,689.17,0.22705851074218747,call
665.0,0.4602739726027397,689.17,0.22492230163574217,call
666.0,0.4602739726027397,689.17,0.22380842117309568,call
667.0,0.4602739726027397,689.17,0.22273268730163573,call
668.0,0.4602739726027397,689.17,0.22164169479370116,call
669.0,0.4602739726027397,689.17,0.2205888488769531,call
670.0,0.4602739726027397,689.17,0.21952074432373048,call
672.0,0.4602739726027397,689.17,0.2173921645355225,call
673.0,0.4602739726027397,689.17,0.2163316893005371,call
674.0,0.4602739726027397,689.17,0.21524832611083983,call
675.0,0.4602739726027397,689.17,0.2142107388305664,call
676.0,0.4602739726027397,689.17,0.21314263427734376,call
678.0,0.4602739726027397,689.17,0.21102931312561032,call
679.0,0.4602739726027397,689.17,0.20996883789062498,call
680.0,0.4602739726027397,689.17,0.20894650924682612,call
681.0,0.4602739726027397,689.17,0.2079012926483154,call
682.0,0.4602739726027397,689.17,0.2068942226409912,call
683.0,0.4602739726027397,689.17,0.20586426467895508,call
684.0,0.4602739726027397,689.17,0.20487245330810544,call
685.0,0.4602739726027397,689.17,0.2031634860229492,call
690.0,0.4602739726027397,689.17,0.19886817985534666,call
695.0,0.4602739726027397,689.17,0.18633320999145508,call
700.0,0.4602739726027397,689.17,0.181549627456665,call
705.0,0.4602739726027397,689.17,0.1769186312866211,call
710.0,0.4602739726027397,689.17,0.17051000396728522,call
715.0,0.4602739726027397,689.17,0.16828224304199224,call
720.0,0.4602739726027397,689.17,0.16216352981567383,call
725.0,0.4602739726027397,689.17,0.16002732070922854,call
730.0,0.4602739726027397,689.17,0.1568764122772217,call
735.0,0.4602739726027397,689.17,0.1536415813446045,call
740.0,0.4602739726027397,689.17,0.15062800064086918,call
745.0,0.4602739726027397,689.17,0.14795010993957522,call
750.0,0.4602739726027397,689.17,0.14507385696411135,call
755.0,0.4602739726027397,689.17,0.14293764785766605,call
760.0,0.4602739726027397,689.17,0.1415796292114258,call
765.0,0.4602739726027397,689.17,0.13993169647216797,call
770.0,0.4602739726027397,689.17,0.1360560028076172,call
780.0,0.4602739726027397,689.17,0.1358728991699219,call
785.0,0.4602739726027397,689.17,0.13506419143676762,call
790.0,0.4602739726027397,689.17,0.135323588256836,call
800.0,0.4602739726027397,689.17,0.13291272369384766,call
810.0,0.4602739726027397,689.17,0.13434703552246097,call
245.0,0.5150684931506849,689.17,0.7965108239746093,call
250.0,0.5150684931506849,689.17,0.7878439184570312,call
255.0,0.5150684931506849,689.17,0.7749656292724609,call
260.0,0.5150684931506849,689.17,1.0000000000000003e-05,call
265.0,0.5150684931506849,689.17,1.0000000000000003e-05,call
270.0,0.5150684931506849,689.17,1.0000000000000003e-05,call
275.0,0.5150684931506849,689.17,1.0000000000000003e-05,call
280.0,0.5150684931506849,689.17,1.0000000000000003e-05,call
285.0,0.5150684931506849,689.17,1.0000000000000003e-05,call
290.0,0.5150684931506849,689.17,1.0000000000000003e-05,call
295.0,0.5150684931506849,689.17,1.0000000000000003e-05,call
300.0,0.5150684931506849,689.17,0.697390721435547,call
305.0,0.5150684931506849,689.17,1.0000000000000003e-05,call
310.0,0.5150684931506849,689.17,0.6843293286132813,call
315.0,0.5150684931506849,689.17,1.0000000000000003e-05,call
320.0,0.5150684931506849,689.17,1.0000000000000003e-05,call
325.0,0.5150684931506849,689.17,1.0000000000000003e-05,call
330.0,0.5150684931506849,689.17,0.6508823974609376,call
335.0,0.5150684931506849,689.17,0.6410558355712892,call
340.0,0.5150684931506849,689.17,0.6357458300781251,call
345.0,0.5150684931506849,689.17,0.6276892700195313,call
350.0,0.5150684931506849,689.17,0.6181678808593751,call
355.0,0.5150684931506849,689.17,0.611881322631836,call
360.0,0.5150684931506849,689.17,1.0000000000000003e-05,call
365.0,0.5150684931506849,689.17,1.0000000000000003e-05,call
370.0,0.5150684931506849,689.17,1.0000000000000003e-05,call
375.0,0.5150684931506849,689.17,1.0000000000000003e-05,call
380.0,0.5150684931506849,689.17,0.5729412823486328,call
385.0,0.5150684931506849,689.17,0.4018614501953125,call
390.0,0.5150684931506849,689.17,0.5582624740600587,call
395.0,0.5150684931506849,689.17,0.5506941903686525,call
400.0,0.5150684931506849,689.17,0.5433395275878907,call
405.0,0.5150684931506849,689.17,0.535862795715332,call
410.0,0.5150684931506849,689.17,0.5284776156616212,call
415.0,0.5150684931506849,689.17,0.5211229528808592,call
420.0,0.5150684931506849,689.17,0.5138293246459961,call
425.0,0.5150684931506849,689.17,0.506566213684082,call
430.0,0.5150684931506849,689.17,0.5275926147460939,call
435.0,0.5150684931506849,689.17,0.5198412274169921,call
440.0,0.5150684931506849,689.17,0.512074581451416,call
445.0,0.5150684931506849,689.17,0.5043384527587891,call
450.0,0.5150684931506849,689.17,0.4967396517944337,call
455.0,0.5150684931506849,689.17,0.4892629199218751,call
460.0,0.5150684931506849,689.17,0.4818167053222656,call
465.0,0.5150684931506849,689.17,0.474339973449707,call
470.0,0.5150684931506849,689.17,0.46698531066894533,call
475.0,0.5150684931506849,689.17,0.45975271697998044,call
480.0,0.5150684931506849,689.17,0.45250486465454104,call
485.0,0.5150684931506849,689.17,0.4453485641479492,call
490.0,0.5150684931506849,689.17,0.4382990740966797,call
495.0,0.5150684931506849,689.17,0.431219066772461,call
500.0,0.5150684931506849,689.17,0.4241085421752929,call
505.0,0.5150684931506849,689.17,0.4171811212158203,call
510.0,0.5150684931506849,689.17,0.41032999343872073,call
515.0,0.5150684931506849,689.17,0.4036314520263672,call
520.0,0.5150684931506849,689.17,0.3968871347045898,call
525.0,0.5150684931506849,689.17,0.39029540374755856,call
530.0,0.5150684931506849,689.17,0.3838257418823242,call
535.0,0.5150684931506849,689.17,0.3772797868347168,call
540.0,0.5150684931506849,689.17,0.37087115951538085,call
545.0,0.5150684931506849,689.17,0.3645540840148926,call
550.0,0.5150684931506849,689.17,0.35823700851440426,call
555.0,0.5150684931506849,689.17,0.35193519165039056,call
560.0,0.5150684931506849,689.17,0.345785961151123,call
565.0,0.5150684931506849,689.17,0.33968250656127924,call
570.0,0.5150684931506849,689.17,0.33365534515380857,call
575.0,0.5150684931506849,689.17,0.3276587010192871,call
580.0,0.5150684931506849,689.17,0.32176886734008786,call
585.0,0.5150684931506849,689.17,0.3158942922973632,call
590.0,0.5150684931506849,689.17,0.3100349758911133,call
595.0,0.5150684931506849,689.17,0.3042366940307617,call
600.0,0.5150684931506849,689.17,0.29843078285217284,call
605.0,0.5150684931506849,689.17,0.29273168212890616,call
610.0,0.5150684931506849,689.17,0.28713176254272454,call
615.0,0.5150684931506849,689.17,0.2814860670471191,call
620.0,0.5150684931506849,689.17,0.2758861474609374,call
625.0,0.5150684931506849,689.17,0.2633664362335205,call
630.0,0.5150684931506849,689.17,0.2648922998809814,call
635.0,0.5150684931506849,689.17,0.2593915614318848,call
640.0,0.5150684931506849,689.17,0.2474135317993164,call
645.0,0.5150684931506849,689.17,0.2421721901702881,call
650.0,0.5150684931506849,689.17,0.2366561930847168,call
655.0,0.5150684931506849,689.17,0.23789214263916014,call
660.0,0.5150684931506849,689.17,0.2261887684631348,call
665.0,0.5150684931506849,689.17,0.22729501960754392,call
670.0,0.5150684931506849,689.17,0.21395134201049804,call
675.0,0.5150684931506849,689.17,0.21697255203247068,call
680.0,0.5150684931506849,689.17,0.20490297058105467,call
685.0,0.5150684931506849,689.17,0.20075262145996092,call
690.0,0.5150684931506849,689.17,0.19619028915405273,call
695.0,0.5150684931506849,689.17,0.19135330139160156,call
700.0,0.5150684931506849,689.17,0.1839147161102295,call
705.0,0.5150684931506849,689.17,0.17925320266723632,call
710.0,0.5150684931506849,689.17,0.17485871536254882,call
715.0,0.5150684931506849,689.17,0.17064733169555668,call
720.0,0.5150684931506849,689.17,0.16664956893920901,call
725.0,0.5150684931506849,689.17,0.16310956527709963,call
730.0,0.5150684931506849,689.17,0.15953904434204103,call
735.0,0.5150684931506849,689.17,0.1563805065917969,call
740.0,0.5150684931506849,689.17,0.15313041702270513,call
745.0,0.5150684931506849,689.17,0.152451407699585,call
750.0,0.5150684931506849,689.17,0.1479424806213379,call
755.0,0.5150684931506849,689.17,0.14540954696655273,call
760.0,0.5150684931506849,689.17,0.14600463378906248,call
765.0,0.5150684931506849,689.17,0.14133549102783205,call
770.0,0.5150684931506849,689.17,0.139657041015625,call
775.0,0.5150684931506849,689.17,0.13823798782348634,call
780.0,0.5150684931506849,689.17,0.13686471054077148,call
785.0,0.5150684931506849,689.17,0.13575083007812502,call
790.0,0.5150684931506849,689.17,0.13654427917480472,call
795.0,0.5150684931506849,689.17,0.1341028973388672,call
800.0,0.5150684931506849,689.17,0.13343151733398437,call
805.0,0.5150684931506849,689.17,0.13370617279052732,call
810.0,0.5150684931506849,689.17,0.13419444915771483,call
815.0,0.5150684931506849,689.17,0.13419444915771483,call
820.0,0.5150684931506849,689.17,0.13355358642578125,call
825.0,0.5150684931506849,689.17,0.1363306582641602,call
830.0,0.5150684931506849,689.17,0.13434703552246097,call
835.0,0.5150684931506849,689.17,0.1344080700683594,call
840.0,0.5150684931506849,689.17,0.13721565917968753,call
845.0,0.5150684931506849,689.17,0.13990117919921874,call
850.0,0.5150684931506849,689.17,0.13648324462890626,call
855.0,0.5150684931506849,689.17,0.1373377282714844,call
860.0,0.5150684931506849,689.17,0.1383753155517578,call
865.0,0.5150684931506849,689.17,0.1430749755859375,call
870.0,0.5150684931506849,689.17,0.14026738647460937,call
410.0,0.547945205479452,689.17,1.0000000000000003e-05,call
420.0,0.547945205479452,689.17,1.0000000000000003e-05,call
430.0,0.547945205479452,689.17,1.0000000000000003e-05,call
440.0,0.547945205479452,689.17,0.49835706726074225,call
445.0,0.547945205479452,689.17,0.4909413699340821,call
450.0,0.547945205479452,689.17,0.483678258972168,call
460.0,0.547945205479452,689.17,1.0000000000000003e-05,call
470.0,0.547945205479452,689.17,0.45500728103637694,call
475.0,0.547945205479452,689.17,0.4479425323486328,call
480.0,0.547945205479452,689.17,1.0000000000000003e-05,call
485.0,0.547945205479452,689.17,0.43410294906616215,call
490.0,0.547945205479452,689.17,0.42731285583496104,call
495.0,0.547945205479452,689.17,0.4203854348754883,call
500.0,0.547945205479452,689.17,0.4136563761901855,call
505.0,0.547945205479452,689.17,0.32829956375122066,call
510.0,0.547945205479452,689.17,0.40048817291259764,call
515.0,0.547945205479452,689.17,0.20539124694824218,call
520.0,0.547945205479452,689.17,0.3876251423645019,call
525.0,0.547945205479452,689.17,0.3813385841369628,call
530.0,0.547945205479452,689.17,0.37500625,call
535.0,0.547945205479452,689.17,0.3688570195007324,call
540.0,0.547945205479452,689.17,0.362662013092041,call
545.0,0.547945205479452,689.17,0.35654329986572264,call
550.0,0.547945205479452,689.17,0.35053139709472647,call
554.0,0.547945205479452,689.17,0.3457249266052246,call
555.0,0.547945205479452,689.17,0.34458052886962887,call
558.0,0.547945205479452,689.17,1.0000000000000003e-05,call
559.0,0.547945205479452,689.17,0.33978931701660153,call
560.0,0.547945205479452,689.17,0.3386144020080566,call
561.0,0.547945205479452,689.17,0.33743948699951176,call
562.0,0.547945205479452,689.17,1.0000000000000003e-05,call
563.0,0.547945205479452,689.17,0.33516595016479495,call
564.0,0.547945205479452,689.17,1.0000000000000003e-05,call
565.0,0.547945205479452,689.17,0.3327856028747559,call
566.0,0.547945205479452,689.17,0.2265549757385254,call
568.0,0.547945205479452,689.17,0.3293524096679687,call
569.0,0.547945205479452,689.17,0.328208011932373,call
570.0,0.547945205479452,689.17,0.32700257965087887,call
571.0,0.547945205479452,689.17,0.3258581819152832,call
572.0,0.547945205479452,689.17,0.32471378417968744,call
573.0,0.547945205479452,689.17,0.32356938644409167,call
574.0,0.547945205479452,689.17,1.0000000000000003e-05,call
575.0,0.547945205479452,689.17,0.3213263668823242,call
576.0,0.547945205479452,689.17,0.3442600975036621,call
577.0,0.547945205479452,689.17,0.15784533569335937,call
578.0,0.547945205479452,689.17,0.3178931736755371,call
579.0,0.547945205479452,689.17,0.31679455184936517,call
580.0,0.547945205479452,689.17,0.3156806713867187,call
581.0,0.547945205479452,689.17,0.17450776672363283,call
582.0,0.547945205479452,689.17,0.3133766172790527,call
583.0,0.547945205479452,689.17,0.3122474781799316,call
584.0,0.547945205479452,689.17,1.0000000000000003e-05,call
585.0,0.547945205479452,689.17,0.3100502345275879,call
586.0,0.547945205479452,689.17,0.22797402893066404,call
587.0,0.547945205479452,689.17,0.1872945040893555,call
588.0,0.547945205479452,689.17,0.223991524810791,call
589.0,0.547945205479452,689.17,0.1846242427062988,call
590.0,0.547945205479452,689.17,0.30441979766845706,call
591.0,0.547945205479452,689.17,0.22957618576049804,call
592.0,0.547945205479452,689.17,0.3022072953796387,call
593.0,0.547945205479452,689.17,1.0000000000000003e-05,call
594.0,0.547945205479452,689.17,0.2999795344543457,call
595.0,0.547945205479452,689.17,0.29885039535522456,call
596.0,0.547945205479452,689.17,0.2166521206665039,call
597.0,0.547945205479452,689.17,0.2966531517028808,call
598.0,0.547945205479452,689.17,0.2955697885131836,call
599.0,0.547945205479452,689.17,0.29442539077758784,call
600.0,0.547945205479452,689.17,0.2933420275878905,call
601.0,0.547945205479452,689.17,0.29224340576171864,call
602.0,0.547945205479452,689.17,0.2911371546173095,call
603.0,0.547945205479452,689.17,0.3165809309387207,call
604.0,0.547945205479452,689.17,0.28897805755615225,call
605.0,0.547945205479452,689.17,0.28792521163940415,call
606.0,0.547945205479452,689.17,0.21894091613769529,call
607.0,0.547945205479452,689.17,0.2857203386688232,call
608.0,0.547945205479452,689.17,0.24865711067199708,call
609.0,0.547945205479452,689.17,0.24832904998779298,call
610.0,0.547945205479452,689.17,0.2825236543273925,call
611.0,0.547945205479452,689.17,0.2109301319885254,call
612.0,0.547945205479452,689.17,0.24602499588012694,call
613.0,0.547945205479452,689.17,0.21006038970947266,call
614.0,0.547945205479452,689.17,0.24448387359619145,call
615.0,0.547945205479452,689.17,0.27714498497009266,call
616.0,0.547945205479452,689.17,0.2760692510986328,call
617.0,0.547945205479452,689.17,0.2749858879089356,call
618.0,0.547945205479452,689.17,0.2739635592651367,call
619.0,0.547945205479452,689.17,0.2728649374389648,call
620.0,0.547945205479452,689.17,0.27181972084045414,call
621.0,0.547945205479452,689.17,0.2707668749237061,call
622.0,0.547945205479452,689.17,0.26970639968872073,call
623.0,0.547945205479452,689.17,0.26863829513549803,call
624.0,0.547945205479452,689.17,0.2675625612640381,call
625.0,0.547945205479452,689.17,0.26647919807434084,call
626.0,0.547945205479452,689.17,0.26544924011230464,call
627.0,0.547945205479452,689.17,0.1783376844787598,call
628.0,0.547945205479452,689.17,0.17800199447631837,call
629.0,0.547945205479452,689.17,0.2622907023620606,call
630.0,0.547945205479452,689.17,0.2612225978088379,call
631.0,0.547945205479452,689.17,0.2601392346191406,call
632.0,0.547945205479452,689.17,0.2591169059753418,call
633.0,0.547945205479452,689.17,0.2580793186950684,call
634.0,0.547945205479452,689.17,0.25702647277832036,call
635.0,0.547945205479452,689.17,0.24948870635986325,call
636.0,0.547945205479452,689.17,0.254913151626587,call
637.0,0.547945205479452,689.17,0.2538984523010254,call
638.0,0.547945205479452,689.17,0.25286086502075195,call
639.0,0.547945205479452,689.17,0.22489178436279295,call
640.0,0.547945205479452,689.17,0.250785690460205,call
641.0,0.547945205479452,689.17,0.2497252152252197,call
642.0,0.547945205479452,689.17,0.2487105158996582,call
643.0,0.547945205479452,689.17,0.24768818725585937,call
644.0,0.547945205479452,689.17,0.24660482406616213,call
645.0,0.547945205479452,689.17,0.24556723678588865,call
650.0,0.547945205479452,689.17,0.23430636306762692,call
655.0,0.547945205479452,689.17,0.22930153030395511,call
660.0,0.547945205479452,689.17,0.2301865312194824,call
665.0,0.547945205479452,689.17,0.21912401977539062,call
670.0,0.547945205479452,689.17,0.2142031095123291,call
675.0,0.547945205479452,689.17,0.2151567742919922,call
680.0,0.547945205479452,689.17,0.20468934967041014,call
685.0,0.547945205479452,689.17,0.19979132736206057,call
690.0,0.547945205479452,689.17,0.2008975785064697,call
695.0,0.547945205479452,689.17,0.1906437747955322,call
700.0,0.547945205479452,689.17,0.1829991979217529,call
705.0,0.547945205479452,689.17,0.1786962624359131,call
710.0,0.547945205479452,689.17,0.176766044921875,call
715.0,0.547945205479452,689.17,0.17051000396728522,call
720.0,0.547945205479452,689.17,0.16681741394042973,call
725.0,0.547945205479452,689.17,0.16287305641174318,call
730.0,0.547945205479452,689.17,0.16175154663085936,call
735.0,0.547945205479452,689.17,0.15853197433471683,call
740.0,0.547945205479452,689.17,0.15553365226745605,call
745.0,0.547945205479452,689.17,0.15276420974731447,call
750.0,0.547945205479452,689.17,0.147744118347168,call
755.0,0.547945205479452,689.17,0.1479424806213379,call
760.0,0.547945205479452,689.17,0.1458444181060791,call
765.0,0.547945205479452,689.17,0.14403626968383787,call
770.0,0.547945205479452,689.17,0.14238833694458009,call
775.0,0.547945205479452,689.17,0.14041997283935548,call
780.0,0.547945205479452,689.17,0.13697152099609378,call
785.0,0.547945205479452,689.17,0.13857367782592772,call
790.0,0.547945205479452,689.17,0.1371698832702637,call
795.0,0.547945205479452,689.17,0.13413341461181644,call
800.0,0.547945205479452,689.17,0.1332178964233398,call
805.0,0.547945205479452,689.17,0.13608652008056643,call
810.0,0.547945205479452,689.17,0.1324549645996094,call
815.0,0.547945205479452,689.17,0.1323023782348633,call
820.0,0.547945205479452,689.17,0.13388927642822268,call
825.0,0.547945205479452,689.17,0.13269910278320313,call
830.0,0.547945205479452,689.17,0.1355066918945313,call
835.0,0.547945205479452,689.17,0.13337048278808594,call
840.0,0.547945205479452,689.17,0.13404186279296876,call
845.0,0.547945205479452,689.17,0.13459117370605472,call
850.0,0.547945205479452,689.17,0.13855841918945314,call
855.0,0.547945205479452,689.17,0.13990117919921874,call
860.0,0.547945205479452,689.17,0.14106083557128907,call
865.0,0.547945205479452,689.17,0.1419763537597656,call
870.0,0.547945205479452,689.17,0.13843635009765626,call
300.0,0.7671232876712328,689.17,0.6175575354003908,call
305.0,0.7671232876712328,689.17,1.0000000000000003e-05,call
310.0,0.7671232876712328,689.17,0.605167522583008,call
315.0,0.7671232876712328,689.17,0.5966226861572266,call
320.0,0.7671232876712328,689.17,0.5928385443115236,call
325.0,0.7671232876712328,689.17,0.5842937078857422,call
330.0,0.7671232876712328,689.17,0.5797161169433593,call
335.0,0.7671232876712328,689.17,1.0000000000000003e-05,call
340.0,0.7671232876712328,689.17,0.566685241394043,call
345.0,0.7671232876712328,689.17,1.0000000000000003e-05,call
350.0,0.7671232876712328,689.17,0.5514876394653321,call
360.0,0.7671232876712328,689.17,0.5393417648315432,call
365.0,0.7671232876712328,689.17,1.0000000000000003e-05,call
370.0,0.7671232876712328,689.17,1.0000000000000003e-05,call
375.0,0.7671232876712328,689.17,1.0000000000000003e-05,call
380.0,0.7671232876712328,689.17,0.514927946472168,call
385.0,0.7671232876712328,689.17,0.4187375021362304,call
390.0,0.7671232876712328,689.17,1.0000000000000003e-05,call
395.0,0.7671232876712328,689.17,0.5208177801513671,call
400.0,0.7671232876712328,689.17,0.5129900996398926,call
405.0,0.7671232876712328,689.17,0.5076038009643554,call
410.0,0.7671232876712328,689.17,0.5010578459167481,call
415.0,0.7671232876712328,689.17,0.4946339599609375,call
420.0,0.7671232876712328,689.17,0.488210074005127,call
425.0,0.7671232876712328,689.17,0.39252316467285153,call
430.0,0.7671232876712328,689.17,0.47568273345947265,call
435.0,0.7671232876712328,689.17,1.0000000000000003e-05,call
440.0,0.7671232876712328,689.17,0.4632316860961915,call
445.0,0.7671232876712328,689.17,1.0000000000000003e-05,call
450.0,0.7671232876712328,689.17,0.4510400355529785,call
455.0,0.7671232876712328,689.17,0.4450586500549316,call
460.0,0.7671232876712328,689.17,0.4390772645568848,call
465.0,0.7671232876712328,689.17,0.43315691360473635,call
470.0,0.7671232876712328,689.17,0.42722130401611336,call
475.0,0.7671232876712328,689.17,0.3550632121276855,call
480.0,0.7671232876712328,689.17,0.41568577484130853,call
485.0,0.7671232876712328,689.17,0.41000956207275385,call
490.0,0.7671232876712328,689.17,0.4044554183959961,call
495.0,0.7671232876712328,689.17,0.3988707574462891,call
500.0,0.7671232876712328,689.17,0.39339290695190426,call
505.0,0.7671232876712328,689.17,0.3878692805480957,call
510.0,0.7671232876712328,689.17,0.3825287577819824,call
515.0,0.7671232876712328,689.17,0.37720349365234374,call
520.0,0.7671232876712328,689.17,0.37189348815917966,call
525.0,0.7671232876712328,689.17,0.36667503448486327,call
530.0,0.7671232876712328,689.17,0.3614565808105469,call
535.0,0.7671232876712328,689.17,0.3563754548645019,call
540.0,0.7671232876712328,689.17,0.351294328918457,call
545.0,0.7671232876712328,689.17,0.3462589788818359,call
550.0,0.7671232876712328,689.17,0.3412846633911133,call
555.0,0.7671232876712328,689.17,0.3364018997192383,call
560.0,0.7671232876712328,689.17,0.33150387741088866,call
565.0,0.7671232876712328,689.17,0.32663637237548826,call
570.0,0.7671232876712328,689.17,0.3219061950683593,call
575.0,0.7671232876712328,689.17,0.3171302418518066,call
580.0,0.7671232876712328,689.17,0.3124153231811523,call
585.0,0.7671232876712328,689.17,0.30776143905639647,call
590.0,0.7671232876712328,689.17,0.3031609601593017,call
595.0,0.7671232876712328,689.17,0.2985452226257324,call
600.0,0.7671232876712328,689.17,0.29396763168334955,call
605.0,0.7671232876712328,689.17,0.2894587046051025,call
610.0,0.7671232876712328,689.17,0.2849192602539062,call
615.0,0.7671232876712328,689.17,0.28044085044860834,call
620.0,0.7671232876712328,689.17,0.2759624406433105,call
625.0,0.7671232876712328,689.17,0.26746338012695314,call
630.0,0.7671232876712328,689.17,0.2670666555786133,call
635.0,0.7671232876712328,689.17,0.25892617301940923,call
640.0,0.7671232876712328,689.17,0.25456220298767096,call
645.0,0.7671232876712328,689.17,0.2537534952545166,call
650.0,0.7671232876712328,689.17,0.24932849067687987,call
655.0,0.7671232876712328,689.17,0.23978421356201168,call
660.0,0.7671232876712328,689.17,0.23689270195007325,call
665.0,0.7671232876712328,689.17,0.23268131828308106,call
670.0,0.7671232876712328,689.17,0.22819527915954588,call
675.0,0.7671232876712328,689.17,0.22737131278991699,call
680.0,0.7671232876712328,689.17,0.2230531186676025,call
685.0,0.7671232876712328,689.17,0.2156755679321289,call
690.0,0.7671232876712328,689.17,0.211296339263916,call
695.0,0.7671232876712328,689.17,0.20720702468872065,call
700.0,0.7671232876712328,689.17,0.20657379127502437,call
705.0,0.7671232876712328,689.17,0.19534343482971192,call
710.0,0.7671232876712328,689.17,0.19146774116516116,call
715.0,0.7671232876712328,689.17,0.18763782341003418,call
720.0,0.7671232876712328,689.17,0.18388419883728027,call
725.0,0.7671232876712328,689.17,0.18283135292053218,call
730.0,0.7671232876712328,689.17,0.17688048469543458,call
735.0,0.7671232876712328,689.17,0.1736532830810547,call
740.0,0.7671232876712328,689.17,0.17054815055847172,call
745.0,0.7671232876712328,689.17,0.16754982849121097,call
750.0,0.7671232876712328,689.17,0.16476512733459472,call
755.0,0.7671232876712328,689.17,0.1641929284667969,call
760.0,0.7671232876712328,689.17,0.16172865867614747,call
765.0,0.7671232876712328,689.17,0.15742572319030762,call
770.0,0.7671232876712328,689.17,0.15514455703735353,call
775.0,0.7671232876712328,689.17,0.1531609342956543,call
780.0,0.7671232876712328,689.17,0.15123071678161623,call
785.0,0.7671232876712328,689.17,0.14955989608764647,call
790.0,0.7671232876712328,689.17,0.1504754142761231,call
795.0,0.7671232876712328,689.17,0.14910213699340819,call
800.0,0.7671232876712328,689.17,0.14547058151245118,call
805.0,0.7671232876712328,689.17,0.14411256286621094,call
810.0,0.7671232876712328,689.17,0.14565368515014648,call
815.0,0.7671232876712328,689.17,0.14206790557861326,call
820.0,0.7671232876712328,689.17,0.14116764602661136,call
825.0,0.7671232876712328,689.17,0.14052678329467772,call
830.0,0.7671232876712328,689.17,0.14013005874633788,call
835.0,0.7671232876712328,689.17,0.1430597169494629,call
840.0,0.7671232876712328,689.17,0.1386652296447754,call
845.0,0.7671232876712328,689.17,0.13846686737060548,call
850.0,0.7671232876712328,689.17,0.13822272918701173,call
855.0,0.7671232876712328,689.17,0.13971807556152344,call
860.0,0.7671232876712328,689.17,0.13825324645996095,call
865.0,0.7671232876712328,689.17,0.13825324645996095,call
870.0,0.7671232876712328,689.17,0.14087773193359376,call
875.0,0.7671232876712328,689.17,0.1413965255737305,call
880.0,0.7671232876712328,689.17,0.14167118103027343,call
885.0,0.7671232876712328,689.17,0.13910773010253907,call
890.0,0.7671232876712328,689.17,0.14264773376464845,call
895.0,0.7671232876712328,689.17,0.1433801483154297,call
900.0,0.7671232876712328,689.17,0.13959600646972659,call
470.0,0.8,689.17,1.0000000000000003e-05,call
480.0,0.8,689.17,0.4089414575195312,call
490.0,0.8,689.17,0.39809256698608403,call
495.0,0.8,689.17,0.39264523376464844,call
500.0,0.8,689.17,0.38731996963500975,call
505.0,0.8,689.17,0.1925739923095703,call
510.0,0.8,689.17,0.3768067691040039,call
515.0,0.8,689.17,0.2655407919311523,call
520.0,0.8,689.17,0.3664537842559814,call
525.0,0.8,689.17,0.3613650289916992,call
530.0,0.8,689.17,0.35634493759155267,call
535.0,0.8,689.17,0.3513858807373046,call
540.0,0.8,689.17,0.34648785842895496,call
545.0,0.8,689.17,0.34157457748413084,call
550.0,0.8,689.17,0.3367681069946289,call
555.0,0.8,689.17,0.3320074124145508,call
560.0,0.8,689.17,0.3272772351074219,call
565.0,0.8,689.17,0.32256994575500486,call
570.0,0.8,689.17,0.31788554435729977,call
575.0,0.8,689.17,0.31333084136962885,call
580.0,0.8,689.17,0.3087685090637207,call
585.0,0.8,689.17,0.3042214353942871,call
590.0,0.8,689.17,0.29976591354370113,call
595.0,0.8,689.17,0.29529513305664057,call
597.0,0.8,689.17,0.29347935531616204,call
598.0,0.8,689.17,0.23394778511047362,call
599.0,0.8,689.17,0.2917398707580565,call
600.0,0.8,689.17,0.29086249916076656,call
601.0,0.8,689.17,0.2371139521789551,call
602.0,0.8,689.17,0.2890924973297119,call
603.0,0.8,689.17,0.2361831753540039,call
604.0,0.8,689.17,0.23015601394653318,call
605.0,0.8,689.17,0.2864451239013671,call
606.0,0.8,689.17,0.285590640258789,call
607.0,0.8,689.17,0.22873696075439454,call
608.0,0.8,689.17,0.2838053797912597,call
609.0,0.8,689.17,0.28293563751220696,call
610.0,0.8,689.17,0.28209641250610346,call
611.0,0.8,689.17,0.22753915779113768,call
612.0,0.8,689.17,0.28032641067504876,call
613.0,0.8,689.17,0.27952533226013176,call
614.0,0.8,689.17,0.25322707229614255,call
615.0,0.8,689.17,0.27771718383789057,call
616.0,0.8,689.17,0.27684744155883784,call
617.0,0.8,689.17,0.2759776992797851,call
618.0,0.8,689.17,0.27510032768249504,call
619.0,0.8,689.17,0.2742153267669677,call
620.0,0.8,689.17,0.2733684724426269,call
622.0,0.8,689.17,0.2716213585662841,call
623.0,0.8,689.17,0.22122971160888671,call
625.0,0.8,689.17,0.2690273903656005,call
626.0,0.8,689.17,0.2681500187683105,call
627.0,0.8,689.17,0.267310793762207,call
628.0,0.8,689.17,0.2664181635284424,call
629.0,0.8,689.17,0.21805591522216794,call
630.0,0.8,689.17,0.26470919624328615,call
632.0,0.8,689.17,0.26297734100341796,call
633.0,0.8,689.17,0.19732705757141114,call
634.0,0.8,689.17,0.2206346247863769,call
635.0,0.8,689.17,0.2604138900756836,call
636.0,0.8,689.17,0.2595594064331055,call
637.0,0.8,689.17,0.25870492279052737,call
638.0,0.8,689.17,0.25783518051147464,call
639.0,0.8,689.17,0.2126162113189697,call
640.0,0.8,689.17,0.25608806663513184,call
641.0,0.8,689.17,0.25524121231079105,call
642.0,0.8,689.17,0.25439435798645027,call
644.0,0.8,689.17,0.25267776138305664,call
645.0,0.8,689.17,0.25180801910400386,call
646.0,0.8,689.17,0.2509306475067138,call
647.0,0.8,689.17,0.25009142250061034,call
648.0,0.8,689.17,0.1919941641235352,call
649.0,0.8,689.17,0.21363091064453127,call
650.0,0.8,689.17,0.24752034225463865,call
651.0,0.8,689.17,0.21141840835571285,call
652.0,0.8,689.17,0.24577322837829588,call
653.0,0.8,689.17,0.24492637405395512,call
654.0,0.8,689.17,0.24407951972961425,call
655.0,0.8,689.17,0.24321740676879883,call
656.0,0.8,689.17,0.2423476644897461,call
657.0,0.8,689.17,0.24147792221069336,call
658.0,0.8,689.17,0.2406386972045898,call
659.0,0.8,689.17,0.239791842880249,call
660.0,0.8,689.17,0.237739556274414,call
661.0,0.8,689.17,0.23806761695861814,call
662.0,0.8,689.17,0.2371978746795654,call
663.0,0.8,689.17,0.2363586496734619,call
664.0,0.8,689.17,0.2355117953491211,call
665.0,0.8,689.17,0.23464968238830566,call
666.0,0.8,689.17,0.23378756942749018,call
667.0,0.8,689.17,0.23295597373962404,call
668.0,0.8,689.17,0.23211674873352048,call
669.0,0.8,689.17,0.2312698944091797,call
670.0,0.8,689.17,0.22614299255371095,call
671.0,0.8,689.17,0.2295380391693115,call
672.0,0.8,689.17,0.2287064434814453,call
673.0,0.8,689.17,0.2278595891571045,call
674.0,0.8,689.17,0.22700510551452632,call
675.0,0.8,689.17,0.2227021700286865,call
676.0,0.8,689.17,0.2253113968658447,call
677.0,0.8,689.17,0.2244721718597412,call
678.0,0.8,689.17,0.22361768821716307,call
679.0,0.8,689.17,0.22280135116577143,call
680.0,0.8,689.17,0.21781177703857418,call
681.0,0.8,689.17,0.22113053047180173,call
682.0,0.8,689.17,0.22032182273864745,call
683.0,0.8,689.17,0.21950548568725586,call
684.0,0.8,689.17,0.2186738899993896,call
685.0,0.8,689.17,0.2178346649932861,call
686.0,0.8,689.17,0.21702595726013182,call
687.0,0.8,689.17,0.21624776679992672,call
688.0,0.8,689.17,0.21541617111206057,call
689.0,0.8,689.17,0.21461509269714354,call
690.0,0.8,689.17,0.2096865531158447,call
691.0,0.8,689.17,0.21302056518554688,call
695.0,0.8,689.17,0.2098238808441162,call
700.0,0.8,689.17,0.20591004058837886,call
705.0,0.8,689.17,0.20206486419677733,call
710.0,0.8,689.17,0.1943058475494385,call
715.0,0.8,689.17,0.19468731346130372,call
720.0,0.8,689.17,0.19113205116271972,call
725.0,0.8,689.17,0.1877064872741699,call
730.0,0.8,689.17,0.17942867698669432,call
735.0,0.8,689.17,0.17620147537231445,call
740.0,0.8,689.17,0.17314974807739258,call
745.0,0.8,689.17,0.17022008987426762,call
750.0,0.8,689.17,0.1674735353088379,call
755.0,0.8,689.17,0.16490245506286624,call
760.0,0.8,689.17,0.16248396118164063,call
765.0,0.8,689.17,0.15966111343383788,call
770.0,0.8,689.17,0.15749438705444335,call
775.0,0.8,689.17,0.15553365226745605,call
780.0,0.8,689.17,0.15374076248168944,call
785.0,0.8,689.17,0.15209282974243166,call
790.0,0.8,689.17,0.15056696609497072,call
795.0,0.8,689.17,0.14907161972045896,call
800.0,0.8,689.17,0.14489075332641604,call
805.0,0.8,689.17,0.14672178970336913,call
810.0,0.8,689.17,0.14339540695190428,call
815.0,0.8,689.17,0.14475342559814453,call
820.0,0.8,689.17,0.14136600830078128,call
825.0,0.8,689.17,0.14328859649658204,call
830.0,0.8,689.17,0.14017583465576172,call
835.0,0.8,689.17,0.1428918719482422,call
840.0,0.8,689.17,0.14254092330932616,call
845.0,0.8,689.17,0.138955143737793,call
850.0,0.8,689.17,0.13822272918701173,call
855.0,0.8,689.17,0.1393213510131836,call
860.0,0.8,689.17,0.13959600646972659,call
865.0,0.8,689.17,0.1399622137451172,call
870.0,0.8,689.17,0.14023686920166017,call
875.0,0.8,689.17,0.14069462829589846,call
880.0,0.8,689.17,0.1413965255737305,call
885.0,0.8,689.17,0.14011480010986327,call
150.0,1.0164383561643835,689.17,0.6872589868164063,call
200.0,1.0164383561643835,689.17,0.6670565521240237,call
210.0,1.0164383561643835,689.17,0.659183095703125,call
220.0,1.0164383561643835,689.17,1.0000000000000003e-05,call
230.0,1.0164383561643835,689.17,1.0000000000000003e-05,call
240.0,1.0164383561643835,689.17,1.0000000000000003e-05,call
245.0,1.0164383561643835,689.17,1.0000000000000003e-05,call
250.0,1.0164383561643835,689.17,0.6197242617797852,call
255.0,1.0164383561643835,689.17,1.0000000000000003e-05,call
260.0,1.0164383561643835,689.17,0.6089211471557618,call
265.0,1.0164383561643835,689.17,1.0000000000000003e-05,call
270.0,1.0164383561643835,689.17,1.0000000000000003e-05,call
275.0,1.0164383561643835,689.17,1.0000000000000003e-05,call
280.0,1.0164383561643835,689.17,1.0000000000000003e-05,call
285.0,1.0164383561643835,689.17,1.0000000000000003e-05,call
290.0,1.0164383561643835,689.17,1.0000000000000003e-05,call
295.0,1.0164383561643835,689.17,0.5718426605224609,call
300.0,1.0164383561643835,689.17,0.5641217904663086,call
305.0,1.0164383561643835,689.17,1.0000000000000003e-05,call
310.0,1.0164383561643835,689.17,0.5527693649291993,call
315.0,1.0164383561643835,689.17,0.5489852230834963,call
320.0,1.0164383561643835,689.17,1.0000000000000003e-05,call
325.0,1.0164383561643835,689.17,1.0000000000000003e-05,call
330.0,1.0164383561643835,689.17,0.5336045175170899,call
335.0,1.0164383561643835,689.17,0.5261888201904297,call
340.0,1.0164383561643835,689.17,1.0000000000000003e-05,call
345.0,1.0164383561643835,689.17,0.5148211360168458,call
350.0,1.0164383561643835,689.17,0.5107470800781251,call
355.0,1.0164383561643835,689.17,0.5062305236816407,call
360.0,1.0164383561643835,689.17,1.0000000000000003e-05,call
365.0,1.0164383561643835,689.17,0.5165911378479005,call
370.0,1.0164383561643835,689.17,0.5110369941711426,call
375.0,1.0164383561643835,689.17,0.5038349177551271,call
380.0,1.0164383561643835,689.17,0.49940991317749023,call
385.0,1.0164383561643835,689.17,1.0000000000000003e-05,call
390.0,1.0164383561643835,689.17,0.48730981445312505,call
395.0,1.0164383561643835,689.17,1.0000000000000003e-05,call
400.0,1.0164383561643835,689.17,0.4768423898315429,call
405.0,1.0164383561643835,689.17,0.3700319345092773,call
410.0,1.0164383561643835,689.17,0.4658561715698243,call
415.0,1.0164383561643835,689.17,0.46045461425781253,call
420.0,1.0164383561643835,689.17,0.45502253967285156,call
425.0,1.0164383561643835,689.17,0.44966675827026364,call
430.0,1.0164383561643835,689.17,1.0000000000000003e-05,call
435.0,1.0164383561643835,689.17,0.4391688163757324,call
440.0,1.0164383561643835,689.17,0.43401139724731447,call
445.0,1.0164383561643835,689.17,0.4288387194824219,call
450.0,1.0164383561643835,689.17,0.42378811080932616,call
455.0,1.0164383561643835,689.17,0.41872224349975584,call
460.0,1.0164383561643835,689.17,0.4137631866455078,call
465.0,1.0164383561643835,689.17,0.4087888711547851,call
470.0,1.0164383561643835,689.17,0.4039137368011475,call
475.0,1.0164383561643835,689.17,0.3990767490386964,call
480.0,1.0164383561643835,689.17,0.3942702785491944,call
485.0,1.0164383561643835,689.17,0.3894943253326416,call
490.0,1.0164383561643835,689.17,0.3848022946166991,call
495.0,1.0164383561643835,689.17,0.3801407811737061,call
500.0,1.0164383561643835,689.17,0.37555556091308595,call
505.0,1.0164383561643835,689.17,0.3709779699707031,call
510.0,1.0164383561643835,689.17,0.36641563766479496,call
515.0,1.0164383561643835,689.17,0.36191433990478517,call
520.0,1.0164383561643835,689.17,0.3574740766906738,call
525.0,1.0164383561643835,689.17,0.35309484802246094,call
530.0,1.0164383561643835,689.17,0.3487613952636719,call
535.0,1.0164383561643835,689.17,0.34447371841430663,call
540.0,1.0164383561643835,689.17,0.34022418815612787,call
545.0,1.0164383561643835,689.17,0.33601280448913573,call
550.0,1.0164383561643835,689.17,0.3318319380950927,call
555.0,1.0164383561643835,689.17,0.32767395965576174,call
560.0,1.0164383561643835,689.17,0.32353886917114244,call
565.0,1.0164383561643835,689.17,0.3194266666412353,call
570.0,1.0164383561643835,689.17,0.3153678693389892,call
575.0,1.0164383561643835,689.17,0.3113701065826415,call
580.0,1.0164383561643835,689.17,0.30737234382629386,call
585.0,1.0164383561643835,689.17,0.3034203569793701,call
590.0,1.0164383561643835,689.17,0.299460740814209,call
595.0,1.0164383561643835,689.17,0.2955392712402344,call
600.0,1.0164383561643835,689.17,0.29164068962097156,call
605.0,1.0164383561643835,689.17,0.2877649959564208,call
610.0,1.0164383561643835,689.17,0.2824244731903076,call
615.0,1.0164383561643835,689.17,0.28002123794555656,call
620.0,1.0164383561643835,689.17,0.2761836908721923,call
625.0,1.0164383561643835,689.17,0.2723919197082519,call
630.0,1.0164383561643835,689.17,0.26730316444396973,call
635.0,1.0164383561643835,689.17,0.2648160066986084,call
640.0,1.0164383561643835,689.17,0.25977302734375,call
645.0,1.0164383561643835,689.17,0.25601177345275883,call
650.0,1.0164383561643835,689.17,0.25341780525207525,call
655.0,1.0164383561643835,689.17,0.2485197829437256,call
660.0,1.0164383561643835,689.17,0.2447280117797852,call
665.0,1.0164383561643835,689.17,0.2412337840270996,call
670.0,1.0164383561643835,689.17,0.23725890922546386,call
675.0,1.0164383561643835,689.17,0.23455813056945798,call
680.0,1.0164383561643835,689.17,0.23001868621826171,call
685.0,1.0164383561643835,689.17,0.22624217369079588,call
690.0,1.0164383561643835,689.17,0.2228852736663818,call
695.0,1.0164383561643835,689.17,0.2199785034179687,call
700.0,1.0164383561643835,689.17,0.21050289016723633,call
705.0,1.0164383561643835,689.17,0.21199060722351074,call
710.0,1.0164383561643835,689.17,0.20854978469848628,call
715.0,1.0164383561643835,689.17,0.19999350429534912,call
720.0,1.0164383561643835,689.17,0.1966556775665283,call
725.0,1.0164383561643835,689.17,0.19363446754455568,call
730.0,1.0164383561643835,689.17,0.19017838638305667,call
735.0,1.0164383561643835,689.17,0.1875386422729492,call
740.0,1.0164383561643835,689.17,0.18404441452026365,call
745.0,1.0164383561643835,689.17,0.18132074790954586,call
750.0,1.0164383561643835,689.17,0.1783529431152344,call
755.0,1.0164383561643835,689.17,0.178543676071167,call
760.0,1.0164383561643835,689.17,0.17605651832580568,call
765.0,1.0164383561643835,689.17,0.17075414215087892,call
770.0,1.0164383561643835,689.17,0.16849586395263677,call
775.0,1.0164383561643835,689.17,0.16921301986694337,call
780.0,1.0164383561643835,689.17,0.1641929284667969,call
785.0,1.0164383561643835,689.17,0.1621101245880127,call
790.0,1.0164383561643835,689.17,0.160263829574585,call
795.0,1.0164383561643835,689.17,0.1586845606994629,call
800.0,1.0164383561643835,689.17,0.15714343841552736,call
805.0,1.0164383561643835,689.17,0.15810473251342771,call
810.0,1.0164383561643835,689.17,0.15421378021240234,call
815.0,1.0164383561643835,689.17,0.15285576156616215,call
820.0,1.0164383561643835,689.17,0.1544121424865723,call
825.0,1.0164383561643835,689.17,0.15071955245971685,call
830.0,1.0164383561643835,689.17,0.14962855995178223,call
835.0,1.0164383561643835,689.17,0.14869015380859374,call
840.0,1.0164383561643835,689.17,0.15079584564208987,call
845.0,1.0164383561643835,689.17,0.1500634310913086,call
850.0,1.0164383561643835,689.17,0.14644713424682615,call
855.0,1.0164383561643835,689.17,0.1458520474243164,call
860.0,1.0164383561643835,689.17,0.14544006423950195,call
865.0,1.0164383561643835,689.17,0.14910213699340819,call
870.0,1.0164383561643835,689.17,0.14505859832763673,call
875.0,1.0164383561643835,689.17,0.14469239105224607,call
880.0,1.0164383561643835,689.17,0.1439294592285156,call
885.0,1.0164383561643835,689.17,0.14490601196289063,call
890.0,1.0164383561643835,689.17,0.1450280810546875,call
895.0,1.0164383561643835,689.17,0.14527221923828126,call
900.0,1.0164383561643835,689.17,0.14380739013671873,call
905.0,1.0164383561643835,689.17,0.1458520474243164,call
910.0,1.0164383561643835,689.17,0.1439294592285156,call
915.0,1.0164383561643835,689.17,0.14420411468505856,call
920.0,1.0164383561643835,689.17,0.14710325561523438,call
925.0,1.0164383561643835,689.17,0.1471642901611328,call
930.0,1.0164383561643835,689.17,0.14753049743652347,call
935.0,1.0164383561643835,689.17,0.14460083923339845,call
50.0,1.093150684931507,689.17,1.0498094384765626,call
100.0,1.093150684931507,689.17,0.7685570019531252,call
155.0,1.093150684931507,689.17,0.6765169067382814,call
160.0,1.093150684931507,689.17,0.6694368994140626,call
165.0,1.093150684931507,689.17,0.6621127539062501,call
200.0,1.093150684931507,689.17,0.6441685974121094,call
205.0,1.093150684931507,689.17,1.0000000000000003e-05,call
210.0,1.093150684931507,689.17,0.6366003137207032,call
215.0,1.093150684931507,689.17,1.0000000000000003e-05,call
220.0,1.093150684931507,689.17,1.0000000000000003e-05,call
240.0,1.093150684931507,689.17,1.0000000000000003e-05,call
250.0,1.093150684931507,689.17,1.0000000000000003e-05,call
255.0,1.093150684931507,689.17,0.5960733752441407,call
260.0,1.093150684931507,689.17,1.0000000000000003e-05,call
265.0,1.093150684931507,689.17,1.0000000000000003e-05,call
270.0,1.093150684931507,689.17,1.0000000000000003e-05,call
275.0,1.093150684931507,689.17,1.0000000000000003e-05,call
280.0,1.093150684931507,689.17,0.5667462759399414,call
285.0,1.093150684931507,689.17,1.0000000000000003e-05,call
290.0,1.093150684931507,689.17,0.5559431613159181,call
295.0,1.093150684931507,689.17,0.4303645831298829,call
300.0,1.093150684931507,689.17,0.5490462576293947,call
305.0,1.093150684931507,689.17,1.0000000000000003e-05,call
310.0,1.093150684931507,689.17,1.0000000000000003e-05,call
315.0,1.093150684931507,689.17,0.5305527902221681,call
320.0,1.093150684931507,689.17,1.0000000000000003e-05,call
325.0,1.093150684931507,689.17,0.5195207960510253,call
330.0,1.093150684931507,689.17,0.5157519128417969,call
335.0,1.093150684931507,689.17,1.0000000000000003e-05,call
340.0,1.093150684931507,689.17,0.4202938830566406,call
345.0,1.093150684931507,689.17,0.5007374145507812,call
350.0,1.093150684931507,689.17,0.5180559669494629,call
355.0,1.093150684931507,689.17,0.5105792350769043,call
360.0,1.093150684931507,689.17,0.2761302856445312,call
365.0,1.093150684931507,689.17,0.2919992675781249,call
370.0,1.093150684931507,689.17,0.49452714950561527,call
375.0,1.093150684931507,689.17,1.0000000000000003e-05,call
380.0,1.093150684931507,689.17,0.40454697021484376,call
385.0,1.093150684931507,689.17,0.47839877075195314,call
390.0,1.093150684931507,689.17,0.4733481620788575,call
395.0,1.093150684931507,689.17,1.0000000000000003e-05,call
400.0,1.093150684931507,689.17,0.4622246160888672,call
405.0,1.093150684931507,689.17,0.45740288696289066,call
410.0,1.093150684931507,689.17,0.4522149505615235,call
415.0,1.093150684931507,689.17,1.0000000000000003e-05,call
420.0,1.093150684931507,689.17,0.4418848536682129,call
425.0,1.093150684931507,689.17,0.4368189863586425,call
430.0,1.093150684931507,689.17,0.4318141535949707,call
435.0,1.093150684931507,689.17,1.0000000000000003e-05,call
440.0,1.093150684931507,689.17,0.421453539428711,call
445.0,1.093150684931507,689.17,0.4168454312133788,call
450.0,1.093150684931507,689.17,0.4120542193603516,call
455.0,1.093150684931507,689.17,0.2430495617675781,call
460.0,1.093150684931507,689.17,0.40253283020019537,call
465.0,1.093150684931507,689.17,0.39786368743896483,call
470.0,1.093150684931507,689.17,0.39322506195068363,call
475.0,1.093150684931507,689.17,0.38861695373535154,call
480.0,1.093150684931507,689.17,0.38410039733886714,call
485.0,1.093150684931507,689.17,0.37961435821533207,call
490.0,1.093150684931507,689.17,0.37513594841003417,call
495.0,1.093150684931507,689.17,0.37074146110534667,call
500.0,1.093150684931507,689.17,0.3663546031188965,call
505.0,1.093150684931507,689.17,0.36203640899658207,call
510.0,1.093150684931507,689.17,0.35773347351074214,call
515.0,1.093150684931507,689.17,0.35347631393432616,call
520.0,1.093150684931507,689.17,0.349341223449707,call
525.0,1.093150684931507,689.17,0.3451908743286133,call
530.0,1.093150684931507,689.17,0.3410863011169434,call
535.0,1.093150684931507,689.17,0.33701987449646,call
540.0,1.093150684931507,689.17,0.3329915944671631,call
545.0,1.093150684931507,689.17,0.3289938317108153,call
550.0,1.093150684931507,689.17,0.3250189569091796,call
555.0,1.093150684931507,689.17,0.3211203752899169,call
560.0,1.093150684931507,689.17,0.31723705230712884,call
565.0,1.093150684931507,689.17,0.31336898796081536,call
570.0,1.093150684931507,689.17,0.30950855293273927,call
575.0,1.093150684931507,689.17,0.3057472990417481,call
580.0,1.093150684931507,689.17,0.2986444037628173,call
585.0,1.093150684931507,689.17,0.29821716194152825,call
590.0,1.093150684931507,689.17,0.2944864253234863,call
595.0,1.093150684931507,689.17,0.29078620597839344,call
600.0,1.093150684931507,689.17,0.2865214170837402,call
605.0,1.093150684931507,689.17,0.28292037887573235,call
610.0,1.093150684931507,689.17,0.27948718566894526,call
615.0,1.093150684931507,689.17,0.27578696632385247,call
620.0,1.093150684931507,689.17,0.27248347152709956,call
625.0,1.093150684931507,689.17,0.2688671746826171,call
630.0,1.093150684931507,689.17,0.26059699371337885,call
635.0,1.093150684931507,689.17,0.2614514773559571,call
640.0,1.093150684931507,689.17,0.2579953961944581,call
645.0,1.093150684931507,689.17,0.2542494009399414,call
650.0,1.093150684931507,689.17,0.25067125068664553,call
655.0,1.093150684931507,689.17,0.24156184471130374,call
660.0,1.093150684931507,689.17,0.2435530967712402,call
665.0,1.093150684931507,689.17,0.24025723129272458,call
670.0,1.093150684931507,689.17,0.23651886535644528,call
675.0,1.093150684931507,689.17,0.23318485328674318,call
680.0,1.093150684931507,689.17,0.2295380391693115,call
685.0,1.093150684931507,689.17,0.2260666993713379,call
690.0,1.093150684931507,689.17,0.21707173316955566,call
695.0,1.093150684931507,689.17,0.21948259773254394,call
700.0,1.093150684931507,689.17,0.21599981395721435,call
705.0,1.093150684931507,689.17,0.21269250450134278,call
710.0,1.093150684931507,689.17,0.20945767356872555,call
715.0,1.093150684931507,689.17,0.20049322463989255,call
720.0,1.093150684931507,689.17,0.19733468688964845,call
725.0,1.093150684931507,689.17,0.19421429573059082,call
730.0,1.093150684931507,689.17,0.191151124458313,call
735.0,1.093150684931507,689.17,0.18842364318847654,call
740.0,1.093150684931507,689.17,0.18524603214263913,call
745.0,1.093150684931507,689.17,0.1826101026916504,call
750.0,1.093150684931507,689.17,0.17975673767089845,call
755.0,1.093150684931507,689.17,0.17719328674316404,call
760.0,1.093150684931507,689.17,0.1746603530883789,call
765.0,1.093150684931507,689.17,0.17228000579833985,call
770.0,1.093150684931507,689.17,0.16988439987182619,call
775.0,1.093150684931507,689.17,0.16772530281066897,call
780.0,1.093150684931507,689.17,0.16581797325134282,call
785.0,1.093150684931507,689.17,0.1637046520996094,call
790.0,1.093150684931507,689.17,0.16410137664794922,call
795.0,1.093150684931507,689.17,0.1624152973175049,call
800.0,1.093150684931507,689.17,0.15854723297119144,call
805.0,1.093150684931507,689.17,0.15705951591491701,call
810.0,1.093150684931507,689.17,0.1557549024963379,call
815.0,1.093150684931507,689.17,0.1542748147583008,call
820.0,1.093150684931507,689.17,0.15551076431274413,call
825.0,1.093150684931507,689.17,0.15444265975952148,call
830.0,1.093150684931507,689.17,0.1508416215515137,call
835.0,1.093150684931507,689.17,0.15245903701782232,call
840.0,1.093150684931507,689.17,0.14916317153930664,call
845.0,1.093150684931507,689.17,0.14820187744140628,call
850.0,1.093150684931507,689.17,0.147469462890625,call
855.0,1.093150684931507,689.17,0.14684385879516604,call
860.0,1.093150684931507,689.17,0.14627928924560546,call
865.0,1.093150684931507,689.17,0.14579101287841795,call
870.0,1.093150684931507,689.17,0.1453332537841797,call
875.0,1.093150684931507,689.17,0.1450128224182129,call
880.0,1.093150684931507,689.17,0.14478394287109375,call
885.0,1.093150684931507,689.17,0.14417359741210936,call
890.0,1.093150684931507,689.17,0.14405152832031248,call
895.0,1.093150684931507,689.17,0.1440820455932617,call
900.0,1.093150684931507,689.17,0.1440820455932617,call
905.0,1.093150684931507,689.17,0.1455468746948242,call
910.0,1.093150684931507,689.17,0.144265149230957,call
915.0,1.093150684931507,689.17,0.14618773742675778,call
920.0,1.093150684931507,689.17,0.14655394470214844,call
925.0,1.093150684931507,689.17,0.14460083923339845,call
930.0,1.093150684931507,689.17,0.14734739379882814,call
935.0,1.093150684931507,689.17,0.14765256652832032,call
940.0,1.093150684931507,689.17,0.14801877380371098,call
945.0,1.093150684931507,689.17,0.14850705017089844,call
950.0,1.093150684931507,689.17,0.14884274017333982,call
955.0,1.093150684931507,689.17,0.14930049926757813,call
960.0,1.093150684931507,689.17,0.14966670654296876,call
965.0,1.093150684931507,689.17,0.15021601745605473,call
970.0,1.093150684931507,689.17,0.1433801483154297,call
975.0,1.093150684931507,689.17,0.15155877746582033,call
980.0,1.093150684931507,689.17,0.15210808837890627,call
985.0,1.093150684931507,689.17,0.15259636474609378,call
990.0,1.093150684931507,689.17,0.148446015625,call
995.0,1.093150684931507,689.17,0.15393912475585939,call
1000.0,1.093150684931507,689.17,0.14490601196289063,call
1010.0,1.093150684931507,689.17,0.1530846411132813,call
1020.0,1.093150684931507,689.17,0.1583946466064453,call
1030.0,1.093150684931507,689.17,0.16028671752929688,call
1040.0,1.093150684931507,689.17,0.15857775024414064,call
1050.0,1.093150684931507,689.17,0.16297223754882814,call
1060.0,1.093150684931507,689.17,0.1641929284667969,call
1070.0,1.093150684931507,689.17,0.16529155029296877,call
1080.0,1.093150684931507,689.17,0.15869981933593752,call
1090.0,1.093150684931507,689.17,0.16358258300781253,call
1100.0,1.093150684931507,689.17,0.15796740478515625,call
1110.0,1.093150684931507,689.17,0.17127293579101563,call
1120.0,1.093150684931507,689.17,0.17310397216796874,call
1130.0,1.093150684931507,689.17,0.174812939453125,call
1140.0,1.093150684931507,689.17,0.17652190673828128,call
1150.0,1.093150684931507,689.17,0.1694418994140625,call
1160.0,1.093150684931507,689.17,0.17945156494140624,call
1170.0,1.093150684931507,689.17,0.17090672851562502,call
1180.0,1.093150684931507,689.17,0.18335777587890623,call
1190.0,1.093150684931507,689.17,0.18433432861328125,call
1200.0,1.093150684931507,689.17,0.1821370849609375,call
1210.0,1.093150684931507,689.17,0.17774259765625,call
1220.0,1.093150684931507,689.17,0.19190261230468753,call
1230.0,1.093150684931507,689.17,0.179695703125,call
1240.0,1.093150684931507,689.17,0.1948322705078125,call
1250.0,1.093150684931507,689.17,0.19727365234375,call
1260.0,1.093150684931507,689.17,0.1977619287109375,call
1270.0,1.093150684931507,689.17,0.20020331054687499,call
1280.0,1.093150684931507,689.17,0.187508125,call
1290.0,1.093150684931507,689.17,0.18946123046875002,call
1300.0,1.093150684931507,689.17,0.20703917968749996,call
1310.0,1.093150684931507,689.17,0.20899228515624996,call
1320.0,1.093150684931507,689.17,0.21314263427734376,call
1330.0,1.093150684931507,689.17,0.2153398779296875,call
1340.0,1.093150684931507,689.17,0.195320546875,call
330.0,1.2657534246575342,689.17,0.52304554107666,call
355.0,1.2657534246575342,689.17,0.49883008499145504,call
370.0,1.2657534246575342,689.17,0.4823049816894531,call
410.0,1.2657534246575342,689.17,0.44124399093627925,call
425.0,1.2657534246575342,689.17,0.4284419949340821,call
435.0,1.2657534246575342,689.17,0.41974457214355465,call
500.0,1.2657534246575342,689.17,0.3630968842315674,call
505.0,1.2657534246575342,689.17,0.3609072698974609,call
510.0,1.2657534246575342,689.17,0.3560626528167724,call
520.0,1.2657534246575342,689.17,0.3487766539001465,call
525.0,1.2657534246575342,689.17,0.3438252263641357,call
530.0,1.2657534246575342,689.17,0.3412312581634521,call
535.0,1.2657534246575342,689.17,0.33620353744506837,call
540.0,1.2657534246575342,689.17,0.3334569828796387,call
550.0,1.2657534246575342,689.17,0.3254461987304687,call
560.0,1.2657534246575342,689.17,0.31936563209533686,call
565.0,1.2657534246575342,689.17,0.31407088523864746,call
570.0,1.2657534246575342,689.17,0.31084368362426756,call
575.0,1.2657534246575342,689.17,0.30752493019104,call
580.0,1.2657534246575342,689.17,0.3041222542572021,call
585.0,1.2657534246575342,689.17,0.30063565582275387,call
590.0,1.2657534246575342,689.17,0.29707276420593254,call
595.0,1.2657534246575342,689.17,0.2934183207702636,call
600.0,1.2657534246575342,689.17,0.28967995483398434,call
605.0,1.2657534246575342,689.17,0.2877573666381835,call
610.0,1.2657534246575342,689.17,0.2838282677459716,call
615.0,1.2657534246575342,689.17,0.27982287567138664,call
620.0,1.2657534246575342,689.17,0.27755696815490727,call
625.0,1.2657534246575342,689.17,0.2733608431243896,call
630.0,1.2657534246575342,689.17,0.27085842674255367,call
635.0,1.2657534246575342,689.17,0.2664715687561035,call
640.0,1.2657534246575342,689.17,0.2637402728271484,call
645.0,1.2657534246575342,689.17,0.2591550525665284,call
650.0,1.2657534246575342,689.17,0.25618724777221685,call
655.0,1.2657534246575342,689.17,0.2530973738861084,call
660.0,1.2657534246575342,689.17,0.2498778015899658,call
665.0,1.2657534246575342,689.17,0.24652853088378907,call
670.0,1.2657534246575342,689.17,0.2430495617675781,call
675.0,1.2657534246575342,689.17,0.2394332649230957,call
680.0,1.2657534246575342,689.17,0.23732757308959956,call
685.0,1.2657534246575342,689.17,0.23342899147033688,call
690.0,1.2657534246575342,689.17,0.23101049758911135,call
695.0,1.2657534246575342,689.17,0.2268067432403564,call
700.0,1.2657534246575342,689.17,0.224067817993164,call
705.0,1.2657534246575342,689.17,0.22116104774475095,call
710.0,1.2657534246575342,689.17,0.21808261783599853,call
715.0,1.2657534246575342,689.17,0.21482108428955077,call
720.0,1.2657534246575342,689.17,0.212997677230835,call
725.0,1.2657534246575342,689.17,0.2093584924316406,call
730.0,1.2657534246575342,689.17,0.20715361946105953,call
735.0,1.2657534246575342,689.17,0.20311008079528806,call
740.0,1.2657534246575342,689.17,0.20048559532165525,call
745.0,1.2657534246575342,689.17,0.19764748893737794,call
750.0,1.2657534246575342,689.17,0.1962589530181885,call
755.0,1.2657534246575342,689.17,0.1765829412841797,call
760.0,1.2657534246575342,689.17,0.191151124458313,call
765.0,1.2657534246575342,689.17,0.1891026525115967,call
770.0,1.2657534246575342,689.17,0.1868214863586426,call
775.0,1.2657534246575342,689.17,0.1842885527038574,call
780.0,1.2657534246575342,689.17,0.1814962222290039,call
785.0,1.2657534246575342,689.17,0.1802755313110352,call
790.0,1.2657534246575342,689.17,0.17385164535522463,call
795.0,1.2657534246575342,689.17,0.1771551401519775,call
800.0,1.2657534246575342,689.17,0.17521729331970212,call
805.0,1.2657534246575342,689.17,0.17301242034912112,call
810.0,1.2657534246575342,689.17,0.1726156958007813,call
815.0,1.2657534246575342,689.17,0.1720282382965088,call
820.0,1.2657534246575342,689.17,0.16898414031982423,call
825.0,1.2657534246575342,689.17,0.16789314781188966,call
830.0,1.2657534246575342,689.17,0.16895362304687503,call
840.0,1.2657534246575342,689.17,0.1656348696136475,call
845.0,1.2657534246575342,689.17,0.16619180984497073,call
850.0,1.2657534246575342,689.17,0.16661905166625984,call
855.0,1.2657534246575342,689.17,0.16690133644104008,call
860.0,1.2657534246575342,689.17,0.16410137664794922,call
865.0,1.2657534246575342,689.17,0.15917283706665042,call
870.0,1.2657534246575342,689.17,0.16681741394042973,call
875.0,1.2657534246575342,689.17,0.1664512066650391,call
880.0,1.2657534246575342,689.17,0.16590189575195316,call
885.0,1.2657534246575342,689.17,0.1651389639282227,call
890.0,1.2657534246575342,689.17,0.159188095703125,call
895.0,1.2657534246575342,689.17,0.16291120300292972,call
900.0,1.2657534246575342,689.17,0.16930457168579105,call
905.0,1.2657534246575342,689.17,0.1679465530395508,call
910.0,1.2657534246575342,689.17,0.17043371078491215,call
915.0,1.2657534246575342,689.17,0.17289035125732422,call
920.0,1.2657534246575342,689.17,0.16668008621215824,call
925.0,1.2657534246575342,689.17,0.15342033111572267,call
930.0,1.2657534246575342,689.17,0.18012294494628905,call
935.0,1.2657534246575342,689.17,0.1824880335998535,call
940.0,1.2657534246575342,689.17,0.18483786361694332,call
945.0,1.2657534246575342,689.17,0.1871724349975586,call
950.0,1.2657534246575342,689.17,0.18947648910522463,call
955.0,1.2657534246575342,689.17,0.1480798083496094,call
960.0,1.2657534246575342,689.17,0.1500023965454102,call
965.0,1.2657534246575342,689.17,0.15152826019287113,call
970.0,1.2657534246575342,689.17,0.15320671020507814,call
975.0,1.2657534246575342,689.17,0.15644154113769532,call
980.0,1.2657534246575342,689.17,0.20293460647583006,call
985.0,1.2657534246575342,689.17,0.2051165914916992,call
990.0,1.2657534246575342,689.17,0.20728331787109372,call
995.0,1.2657534246575342,689.17,0.20941952697753902,call
1000.0,1.2657534246575342,689.17,0.17469087036132813,call
1010.0,1.2657534246575342,689.17,0.1557701611328125,call
1020.0,1.2657534246575342,689.17,0.2199022102355957,call
1030.0,1.2657534246575342,689.17,0.22397626617431637,call
1040.0,1.2657534246575342,689.17,0.22800454620361327,call
1060.0,1.2657534246575342,689.17,0.2358932612609863,call
1070.0,1.2657534246575342,689.17,0.23975369628906246,call
1080.0,1.2657534246575342,689.17,0.2435530967712402,call
1090.0,1.2657534246575342,689.17,0.24730672134399412,call
1100.0,1.2657534246575342,689.17,0.2510145700073242,call
1110.0,1.2657534246575342,689.17,0.2546766427612305,call
1120.0,1.2657534246575342,689.17,0.1626060302734375,call
1170.0,1.2657534246575342,689.17,0.27567252655029295,call
1190.0,1.2657534246575342,689.17,0.28234055068969727,call
1200.0,1.2657534246575342,689.17,0.2856211575317382,call
1230.0,1.2657534246575342,689.17,0.2952340985107421,call
1240.0,1.2657534246575342,689.17,0.17798673583984376,call
1280.0,1.2657534246575342,689.17,0.31055376953124997,call
1290.0,1.2657534246575342,689.17,0.3135139450073242,call
1300.0,1.2657534246575342,689.17,0.1840901904296875,call
1320.0,1.2657534246575342,689.17,0.32224188507080076,call
1330.0,1.2657534246575342,689.17,0.32509525009155266,call
1340.0,1.2657534246575342,689.17,0.32791809783935544,call
250.0,1.5123287671232877,689.17,0.4308528594970704,call
280.0,1.5123287671232877,689.17,1.0000000000000003e-05,call
300.0,1.5123287671232877,689.17,0.5029346582031251,call
310.0,1.5123287671232877,689.17,0.5178118287658693,call
375.0,1.5123287671232877,689.17,0.46046987289428715,call
400.0,1.5123287671232877,689.17,0.4355448902130127,call
410.0,1.5123287671232877,689.17,0.4269161312866212,call
435.0,1.5123287671232877,689.17,0.40796490478515623,call
450.0,1.5123287671232877,689.17,0.39449915809631353,call
455.0,1.5123287671232877,689.17,0.3927062683105469,call
465.0,1.5123287671232877,689.17,0.38355108642578123,call
470.0,1.5123287671232877,689.17,0.3789582368469238,call
500.0,1.5123287671232877,689.17,0.3581683446502686,call
505.0,1.5123287671232877,689.17,0.3533923914337158,call
510.0,1.5123287671232877,689.17,0.3508518284606933,call
515.0,1.5123287671232877,689.17,0.34822734298706054,call
530.0,1.5123287671232877,689.17,0.3377980649566651,call
535.0,1.5123287671232877,689.17,0.3328313787841797,call
540.0,1.5123287671232877,689.17,0.3299017205810546,call
545.0,1.5123287671232877,689.17,0.32689576919555663,call
550.0,1.5123287671232877,689.17,0.3238211539459228,call
555.0,1.5123287671232877,689.17,0.32067787483215326,call
560.0,1.5123287671232877,689.17,0.3174735611724854,call
565.0,1.5123287671232877,689.17,0.3142005836486816,call
570.0,1.5123287671232877,689.17,0.3108589422607422,call
575.0,1.5123287671232877,689.17,0.30744863700866687,call
580.0,1.5123287671232877,689.17,0.3039849265289306,call
585.0,1.5123287671232877,689.17,0.3004525521850586,call
590.0,1.5123287671232877,689.17,0.2968515139770508,call
595.0,1.5123287671232877,689.17,0.2931894412231445,call
600.0,1.5123287671232877,689.17,0.2912058184814452,call
605.0,1.5123287671232877,689.17,0.2873911593627929,call
610.0,1.5123287671232877,689.17,0.2852168036651611,call
615.0,1.5123287671232877,689.17,0.28125718749999995,call
620.0,1.5123287671232877,689.17,0.27889209884643557,call
625.0,1.5123287671232877,689.17,0.2747875256347656,call
630.0,1.5123287671232877,689.17,0.2722393333435058,call
635.0,1.5123287671232877,689.17,0.26959195991516116,call
640.0,1.5123287671232877,689.17,0.2652508778381348,call
645.0,1.5123287671232877,689.17,0.2624127714538575,call
650.0,1.5123287671232877,689.17,0.2594792985916138,call
655.0,1.5123287671232877,689.17,0.2564428299331665,call
660.0,1.5123287671232877,689.17,0.2533033654785156,call
665.0,1.5123287671232877,689.17,0.2500609052276611,call
670.0,1.5123287671232877,689.17,0.2482374981689453,call
675.0,1.5123287671232877,689.17,0.244773787689209,call
680.0,1.5123287671232877,689.17,0.24119945209503174,call
685.0,1.5123287671232877,689.17,0.23901365242004394,call
690.0,1.5123287671232877,689.17,0.23520662261962888,call
695.0,1.5123287671232877,689.17,0.22762308029174805,call
700.0,1.5123287671232877,689.17,0.2301941605377197,call
705.0,1.5123287671232877,689.17,0.22749338188171384,call
710.0,1.5123287671232877,689.17,0.2246476461791992,call
715.0,1.5123287671232877,689.17,0.22166458274841308,call
720.0,1.5123287671232877,689.17,0.22001665000915524,call
725.0,1.5123287671232877,689.17,0.2167398578262329,call
730.0,1.5123287671232877,689.17,0.2133066646194458,call
735.0,1.5123287671232877,689.17,0.211197158126831,call
740.0,1.5123287671232877,689.17,0.2089312506103515,call
745.0,1.5123287671232877,689.17,0.2064974980926513,call
750.0,1.5123287671232877,689.17,0.2038997152328491,call
755.0,1.5123287671232877,689.17,0.20111882873535153,call
760.0,1.5123287671232877,689.17,0.19969214622497558,call
765.0,1.5123287671232877,689.17,0.19654123779296873,call
770.0,1.5123287671232877,689.17,0.19475597732543942,call
775.0,1.5123287671232877,689.17,0.19278761322021482,call
780.0,1.5123287671232877,689.17,0.1906361454772949,call
785.0,1.5123287671232877,689.17,0.18827868614196777,call
790.0,1.5123287671232877,689.17,0.18570760589599605,call
795.0,1.5123287671232877,689.17,0.18460135475158687,call
800.0,1.5123287671232877,689.17,0.17551483673095702,call
805.0,1.5123287671232877,689.17,0.18008479835510252,call
810.0,1.5123287671232877,689.17,0.17837583106994628,call
815.0,1.5123287671232877,689.17,0.17829190856933597,call
820.0,1.5123287671232877,689.17,0.17618621673583984,call
825.0,1.5123287671232877,689.17,0.17575897491455078,call
830.0,1.5123287671232877,689.17,0.17321078262329104,call
835.0,1.5123287671232877,689.17,0.17240970420837406,call
840.0,1.5123287671232877,689.17,0.17142552215576173,call
845.0,1.5123287671232877,689.17,0.17025823646545415,call
850.0,1.5123287671232877,689.17,0.168877329864502,call
855.0,1.5123287671232877,689.17,0.16955633918762208,call
860.0,1.5123287671232877,689.17,0.1640632300567627,call
865.0,1.5123287671232877,689.17,0.16821357917785648,call
870.0,1.5123287671232877,689.17,0.16600870620727542,call
875.0,1.5123287671232877,689.17,0.16613077529907233,call
880.0,1.5123287671232877,689.17,0.16108016662597657,call
885.0,1.5123287671232877,689.17,0.1659858182525635,call
890.0,1.5123287671232877,689.17,0.16570353347778322,call
895.0,1.5123287671232877,689.17,0.16527629165649416,call
900.0,1.5123287671232877,689.17,0.16468883415222169,call
915.0,1.5123287671232877,689.17,0.16008835525512694,call
920.0,1.5123287671232877,689.17,0.16017990707397461,call
925.0,1.5123287671232877,689.17,0.16629862030029302,call
930.0,1.5123287671232877,689.17,0.168526381225586,call
935.0,1.5123287671232877,689.17,0.16697000030517584,call
940.0,1.5123287671232877,689.17,0.16912146804809575,call
945.0,1.5123287671232877,689.17,0.17125767715454104,call
950.0,1.5123287671232877,689.17,0.17336336898803711,call
955.0,1.5123287671232877,689.17,0.15960007888793942,call
960.0,1.5123287671232877,689.17,0.17754423538208008,call
970.0,1.5123287671232877,689.17,0.18164880859375,call
975.0,1.5123287671232877,689.17,0.18366294860839844,call
980.0,1.5123287671232877,689.17,0.18567708862304685,call
985.0,1.5123287671232877,689.17,0.18767597000122072,call
990.0,1.5123287671232877,689.17,0.18964433410644532,call
995.0,1.5123287671232877,689.17,0.1463708410644531,call
1000.0,1.5123287671232877,689.17,0.19356580368041992,call
1005.0,1.5123287671232877,689.17,0.1954883918762207,call
1010.0,1.5123287671232877,689.17,0.19741098007202146,call
1020.0,1.5123287671232877,689.17,0.2012103805541992,call
1040.0,1.5123287671232877,689.17,0.20862607788085932,call
1050.0,1.5123287671232877,689.17,0.2122576333618164,call
1060.0,1.5123287671232877,689.17,0.215828154296875,call
1080.0,1.5123287671232877,689.17,0.22284712707519527,call
1100.0,1.5123287671232877,689.17,0.22966773757934572,call
1110.0,1.5123287671232877,689.17,0.23300937896728519,call
1120.0,1.5123287671232877,689.17,0.23632050308227537,call
1130.0,1.5123287671232877,689.17,0.23958585128784177,call
1140.0,1.5123287671232877,689.17,0.24280542358398435,call
1150.0,1.5123287671232877,689.17,0.24597921997070313,call
1160.0,1.5123287671232877,689.17,0.24912249908447265,call
1170.0,1.5123287671232877,689.17,0.2522352609252929,call
1180.0,1.5123287671232877,689.17,0.2553022468566895,call
1190.0,1.5123287671232877,689.17,0.25833871551513676,call
1200.0,1.5123287671232877,689.17,0.2613294082641602,call
1210.0,1.5123287671232877,689.17,0.26428958374023437,call
1220.0,1.5123287671232877,689.17,0.2672192419433594,call
1230.0,1.5123287671232877,689.17,0.2701183828735352,call
1240.0,1.5123287671232877,689.17,0.2729870065307617,call
1250.0,1.5123287671232877,689.17,0.275825112915039,call
1260.0,1.5123287671232877,689.17,0.27863270202636714,call
1270.0,1.5123287671232877,689.17,0.2814097738647461,call
1280.0,1.5123287671232877,689.17,0.2841563284301757,call
1290.0,1.5123287671232877,689.17,0.2868723657226562,call
1300.0,1.5123287671232877,689.17,0.28955788574218744,call
1310.0,1.5123287671232877,689.17,0.2922128884887695,call
1320.0,1.5123287671232877,689.17,0.2948526325988769,call
1330.0,1.5123287671232877,689.17,0.2974618594360351,call
1340.0,1.5123287671232877,689.17,0.18335777587890623,call
500.0,0.00821917808219178,689.17,0.9531254687499999,put
505.0,0.00821917808219178,689.17,0.9531254687499999,put
510.0,0.00821917808219178,689.17,0.98437515625,put
515.0,0.00821917808219178,689.17,0.9531254687499999,put
520.0,0.00821917808219178,689.17,0.92187578125,put
525.0,0.00821917808219178,689.17,0.7812521875,put
530.0,0.00821917808219178,689.17,0.851563984375,put
535.0,0.00821917808219178,689.17,0.8242205078124999,put
540.0,0.00821917808219178,689.17,0.73437765625,put
550.0,0.00821917808219178,689.17,0.6875031250000001,put
555.0,0.00821917808219178,689.17,0.6562534375000001,put
560.0,0.00821917808219178,689.17,0.6718782812500002,put
570.0,0.00821917808219178,689.17,0.585941640625,put
575.0,0.00821917808219178,689.17,0.5937540625000001,put
580.0,0.00821917808219178,689.17,0.5312546875,put
585.0,0.00821917808219178,689.17,0.5390671093750001,put
590.0,0.00821917808219178,689.17,0.51562984375,put
595.0,0.00821917808219178,689.17,0.46094289062500005,put
600.0,0.00821917808219178,689.17,0.46484910156250003,put
605.0,0.00821917808219178,689.17,0.437505625,put
610.0,0.00821917808219178,689.17,0.414068359375,put
615.0,0.00821917808219178,689.17,0.38672488281249995,put
620.0,0.00821917808219178,689.17,0.3632876171875,put
625.0,0.00821917808219178,689.17,0.33789724609375,put
630.0,0.00821917808219178,689.17,0.31250687499999996,put
635.0,0.00821917808219178,689.17,0.3007882421875,put
640.0,0.00821917808219178,689.17,0.273444765625,put
645.0,0.00821917808219178,689.17,0.24805439453125,put
650.0,0.00821917808219178,689.17,0.22266402343749997,put
651.0,0.00821917808219178,689.17,0.21680470703125,put
652.0,0.00821917808219178,689.17,0.21192194335937498,put
653.0,0.00821917808219178,689.17,0.20703917968749996,put
654.0,0.00821917808219178,689.17,0.20117986328124998,put
655.0,0.00821917808219178,689.17,0.196297099609375,put
656.0,0.00821917808219178,689.17,0.1914143359375,put
657.0,0.00821917808219178,689.17,0.18555501953124998,put
658.0,0.00821917808219178,689.17,0.180672255859375,put
659.0,0.00821917808219178,689.17,0.1757894921875,put
660.0,0.00821917808219178,689.17,0.1757894921875,put
661.0,0.00821917808219178,689.17,0.17090672851562502,put
662.0,0.00821917808219178,689.17,0.165047412109375,put
663.0,0.00821917808219178,689.17,0.1601646484375,put
664.0,0.00821917808219178,689.17,0.15430533203125002,put
665.0,0.00821917808219178,689.17,0.15332877929687502,put
666.0,0.00821917808219178,689.17,0.14795773925781253,put
667.0,0.00821917808219178,689.17,0.14600463378906248,put
668.0,0.00821917808219178,689.17,0.1401453173828125,put
669.0,0.00821917808219178,689.17,0.13770393554687502,put
670.0,0.00821917808219178,689.17,0.13428600097656251,put
671.0,0.00821917808219178,689.17,0.13086806640624998,put
672.0,0.00821917808219178,689.17,0.12696185546875,put
673.0,0.00821917808219178,689.17,0.12256736816406251,put
674.0,0.00821917808219178,689.17,0.11963770996093749,put
675.0,0.00821917808219178,689.17,0.11792874267578124,put
676.0,0.00821917808219178,689.17,0.1137783935546875,put
677.0,0.00821917808219178,689.17,0.11255770263671874,put
678.0,0.00821917808219178,689.17,0.108407353515625,put
679.0,0.00821917808219178,689.17,0.10535562622070313,put
680.0,0.00821917808219178,689.17,0.10303631347656249,put
681.0,0.00821917808219178,689.17,0.09961837890625,put
682.0,0.00821917808219178,689.17,0.09778734252929688,put
683.0,0.00821917808219178,689.17,0.09449147705078126,put
684.0,0.00821917808219178,689.17,0.0915007843017578,put
685.0,0.00821917808219178,689.17,0.08851009155273437,put
686.0,0.00821917808219178,689.17,0.08594664062500001,put
687.0,0.00821917808219178,689.17,0.08204042968750001,put
688.0,0.00821917808219178,689.17,0.07850042602539065,put
689.0,0.00821917808219178,689.17,0.07520456054687502,put
690.0,0.00821917808219178,689.17,0.07081007324218751,put
691.0,0.00821917808219178,689.17,0.11292390991210938,put
692.0,0.00821917808219178,689.17,0.09937424072265624,put
693.0,0.00821917808219178,689.17,0.13288220642089843,put
694.0,0.00821917808219178,689.17,0.13422496643066406,put
695.0,0.00821917808219178,689.17,0.1374597973632813,put
696.0,0.00821917808219178,689.17,0.1422815264892578,put
698.0,0.00821917808219178,689.17,0.1596763720703125,put
700.0,0.00821917808219178,689.17,0.17957363403320312,put
703.0,0.00821917808219178,689.17,0.20813780151367184,put
704.0,0.00821917808219178,689.17,0.21741505249023438,put
705.0,0.00821917808219178,689.17,0.2264481652832031,put
706.0,0.00821917808219178,689.17,0.23548127807617186,put
709.0,0.00821917808219178,689.17,0.2617261328125,put
710.0,0.00821917808219178,689.17,0.27027096923828126,put
720.0,0.00821917808219178,689.17,0.3518131225585937,put
500.0,0.010958904109589041,689.17,0.851563984375,put
505.0,0.010958904109589041,689.17,0.9062509375,put
510.0,0.010958904109589041,689.17,0.8281267187499999,put
525.0,0.010958904109589041,689.17,0.73437765625,put
540.0,0.010958904109589041,689.17,0.6562534375000001,put
545.0,0.010958904109589041,689.17,0.64062859375,put
555.0,0.010958904109589041,689.17,0.6093789062500001,put
560.0,0.010958904109589041,689.17,0.585941640625,put
565.0,0.010958904109589041,689.17,0.5625043750000001,put
570.0,0.010958904109589041,689.17,0.5390671093750001,put
580.0,0.010958904109589041,689.17,0.507817421875,put
585.0,0.010958904109589041,689.17,0.48438015625,put
590.0,0.010958904109589041,689.17,0.46094289062500005,put
595.0,0.010958904109589041,689.17,0.437505625,put
600.0,0.010958904109589041,689.17,0.414068359375,put
605.0,0.010958904109589041,689.17,0.39063109375,put
610.0,0.010958904109589041,689.17,0.3711000390625,put
615.0,0.010958904109589041,689.17,0.36133451171875,put
620.0,0.010958904109589041,689.17,0.33789724609375,put
625.0,0.010958904109589041,689.17,0.31445998046874996,put
630.0,0.010958904109589041,689.17,0.2910227148437499,put
635.0,0.010958904109589041,689.17,0.26758544921875,put
640.0,0.010958904109589041,689.17,0.25391371093750004,put
645.0,0.010958904109589041,689.17,0.229499892578125,put
650.0,0.010958904109589041,689.17,0.20606262695312497,put
651.0,0.010958904109589041,689.17,0.20117986328124998,put
652.0,0.010958904109589041,689.17,0.20117986328124998,put
653.0,0.010958904109589041,689.17,0.196297099609375,put
654.0,0.010958904109589041,689.17,0.1914143359375,put
655.0,0.010958904109589041,689.17,0.186531572265625,put
656.0,0.010958904109589041,689.17,0.18164880859375,put
657.0,0.010958904109589041,689.17,0.18164880859375,put
658.0,0.010958904109589041,689.17,0.17627776855468752,put
659.0,0.010958904109589041,689.17,0.17090672851562502,put
660.0,0.010958904109589041,689.17,0.16993017578125003,put
661.0,0.010958904109589041,689.17,0.1645591357421875,put
662.0,0.010958904109589041,689.17,0.1626060302734375,put
663.0,0.010958904109589041,689.17,0.1601646484375,put
664.0,0.010958904109589041,689.17,0.157234990234375,put
665.0,0.010958904109589041,689.17,0.15430533203125002,put
666.0,0.010958904109589041,689.17,0.15088739746093754,put
667.0,0.010958904109589041,689.17,0.1489342919921875,put
668.0,0.010958904109589041,689.17,0.1450280810546875,put
669.0,0.010958904109589041,689.17,0.14258669921875,put
670.0,0.010958904109589041,689.17,0.14087773193359376,put
671.0,0.010958904109589041,689.17,0.1374597973632813,put
672.0,0.010958904109589041,689.17,0.13697152099609378,put
673.0,0.010958904109589041,689.17,0.13269910278320313,put
674.0,0.010958904109589041,689.17,0.13086806640624998,put
675.0,0.010958904109589041,689.17,0.12842668457031248,put
676.0,0.010958904109589041,689.17,0.125985302734375,put
677.0,0.010958904109589041,689.17,0.12366598999023437,put
678.0,0.010958904109589041,689.17,0.1206142626953125,put
679.0,0.010958904109589041,689.17,0.1186611572265625,put
680.0,0.010958904109589041,689.17,0.11579253356933594,put
681.0,0.010958904109589041,689.17,0.11365632446289062,put
682.0,0.010958904109589041,689.17,0.11097080444335936,put
683.0,0.010958904109589041,689.17,0.10816321533203124,put
684.0,0.010958904109589041,689.17,0.10559976440429686,put
685.0,0.010958904109589041,689.17,0.10303631347656249,put
686.0,0.010958904109589041,689.17,0.09998458618164063,put
687.0,0.010958904109589041,689.17,0.09729906616210937,put
688.0,0.010958904109589041,689.17,0.09388113159179687,put
689.0,0.010958904109589041,689.17,0.09650561706542969,put
690.0,0.010958904109589041,689.17,0.08777767700195313,put
691.0,0.010958904109589041,689.17,0.0971769970703125,put
692.0,0.010958904109589041,689.17,0.13776497009277344,put
693.0,0.010958904109589041,689.17,0.14075566284179689,put
694.0,0.010958904109589041,689.17,0.14002324829101562,put
695.0,0.010958904109589041,689.17,0.14020635192871095,put
696.0,0.010958904109589041,689.17,0.14154911193847658,put
697.0,0.010958904109589041,689.17,0.14386842468261718,put
699.0,0.010958904109589041,689.17,0.15729602478027344,put
700.0,0.010958904109589041,689.17,0.16108016662597657,put
703.0,0.010958904109589041,689.17,0.18665364135742188,put
705.0,0.010958904109589041,689.17,0.20252262329101559,put
730.0,0.010958904109589041,689.17,0.4688163470458985,put
500.0,0.0136986301369863,689.17,0.7812521875,put
510.0,0.0136986301369863,689.17,0.789064609375,put
515.0,0.0136986301369863,689.17,0.7656273437500001,put
520.0,0.0136986301369863,689.17,0.7421900781249999,put
525.0,0.0136986301369863,689.17,0.70312796875,put
530.0,0.0136986301369863,689.17,0.64062859375,put
535.0,0.0136986301369863,689.17,0.6250037500000001,put
540.0,0.0136986301369863,689.17,0.6250037500000001,put
550.0,0.0136986301369863,689.17,0.5625043750000001,put
555.0,0.0136986301369863,689.17,0.5390671093750001,put
560.0,0.0136986301369863,689.17,0.5351608984375,put
565.0,0.0136986301369863,689.17,0.51562984375,put
580.0,0.0136986301369863,689.17,0.46484910156250003,put
585.0,0.0136986301369863,689.17,0.4414118359375,put
590.0,0.0136986301369863,689.17,0.42188078125,put
600.0,0.0136986301369863,689.17,0.39453730468750003,put
605.0,0.0136986301369863,689.17,0.37305314453125,put
610.0,0.0136986301369863,689.17,0.35156898437499995,put
615.0,0.0136986301369863,689.17,0.33008482421874996,put
620.0,0.0136986301369863,689.17,0.31836619140624994,put
625.0,0.0136986301369863,689.17,0.29688203124999996,put
630.0,0.0136986301369863,689.17,0.27539787109374997,put
635.0,0.0136986301369863,689.17,0.25977302734375,put
640.0,0.0136986301369863,689.17,0.23731231445312498,put
645.0,0.0136986301369863,689.17,0.21973436523437498,put
650.0,0.0136986301369863,689.17,0.20117986328124998,put
651.0,0.0136986301369863,689.17,0.19678537597656248,put
652.0,0.0136986301369863,689.17,0.1958088232421875,put
653.0,0.0136986301369863,689.17,0.1909260595703125,put
654.0,0.0136986301369863,689.17,0.18946123046875002,put
655.0,0.0136986301369863,689.17,0.18457846679687498,put
656.0,0.0136986301369863,689.17,0.18262536132812499,put
657.0,0.0136986301369863,689.17,0.17774259765625,put
658.0,0.0136986301369863,689.17,0.1753012158203125,put
659.0,0.0136986301369863,689.17,0.17285983398437502,put
660.0,0.0136986301369863,689.17,0.16993017578125003,put
661.0,0.0136986301369863,689.17,0.16700051757812504,put
662.0,0.0136986301369863,689.17,0.16358258300781253,put
663.0,0.0136986301369863,689.17,0.1601646484375,put
664.0,0.0136986301369863,689.17,0.15821154296875,put
665.0,0.0136986301369863,689.17,0.1557701611328125,put
666.0,0.0136986301369863,689.17,0.15332877929687502,put
667.0,0.0136986301369863,689.17,0.15015498291015628,put
668.0,0.0136986301369863,689.17,0.1480798083496094,put
669.0,0.0136986301369863,689.17,0.15235222656250003,put
670.0,0.0136986301369863,689.17,0.14258669921875,put
671.0,0.0136986301369863,689.17,0.14026738647460937,put
672.0,0.0136986301369863,689.17,0.1381922119140625,put
673.0,0.0136986301369863,689.17,0.14270876831054688,put
674.0,0.0136986301369863,689.17,0.13990117919921874,put
675.0,0.0136986301369863,689.17,0.13062392822265623,put
676.0,0.0136986301369863,689.17,0.12854875366210936,put
677.0,0.0136986301369863,689.17,0.12690082092285154,put
678.0,0.0136986301369863,689.17,0.12409323181152344,put
679.0,0.0136986301369863,689.17,0.1215908154296875,put
680.0,0.0136986301369863,689.17,0.11933253723144531,put
681.0,0.0136986301369863,689.17,0.12256736816406251,put
682.0,0.0136986301369863,689.17,0.1145718426513672,put
683.0,0.0136986301369863,689.17,0.11231356445312499,put
684.0,0.0136986301369863,689.17,0.10913976806640624,put
685.0,0.0136986301369863,689.17,0.1067594207763672,put
686.0,0.0136986301369863,689.17,0.10492838439941406,put
687.0,0.0136986301369863,689.17,0.10144941528320311,put
688.0,0.0136986301369863,689.17,0.0989469989013672,put
689.0,0.0136986301369863,689.17,0.10169355346679687,put
690.0,0.0136986301369863,689.17,0.09778734252929688,put
691.0,0.0136986301369863,689.17,0.09046319702148437,put
693.0,0.0136986301369863,689.17,0.14069462829589846,put
695.0,0.0136986301369863,689.17,0.13886359191894532,put
696.0,0.0136986301369863,689.17,0.13922979919433598,put
698.0,0.0136986301369863,689.17,0.14215945739746094,put
699.0,0.0136986301369863,689.17,0.1447229083251953,put
700.0,0.0136986301369863,689.17,0.12696185546875,put
705.0,0.0136986301369863,689.17,0.18537191589355467,put
710.0,0.0136986301369863,689.17,0.20447572875976558,put
714.0,0.0136986301369863,689.17,0.2474440490722656,put
725.0,0.0136986301369863,689.17,0.31873239868164055,put
745.0,0.0136986301369863,689.17,0.43543045043945316,put
750.0,0.0136986301369863,689.17,0.4630180651855469,put
500.0,0.01643835616438356,689.17,0.7187528125,put
510.0,0.01643835616438356,689.17,0.70312796875,put
520.0,0.01643835616438356,689.17,0.6718782812500002,put
525.0,0.01643835616438356,689.17,0.6171913281250001,put
530.0,0.01643835616438356,689.17,0.6171913281250001,put
545.0,0.01643835616438356,689.17,0.5546919531250001,put
550.0,0.01643835616438356,689.17,0.5351608984375,put
560.0,0.01643835616438356,689.17,0.507817421875,put
565.0,0.01643835616438356,689.17,0.48828636718750007,put
570.0,0.01643835616438356,689.17,0.4687553125,put
575.0,0.01643835616438356,689.17,0.46484910156250003,put
580.0,0.01643835616438356,689.17,0.445318046875,put
585.0,0.01643835616438356,689.17,0.42578699218750005,put
590.0,0.01643835616438356,689.17,0.40430283203125,put
595.0,0.01643835616438356,689.17,0.38477177734374995,put
600.0,0.01643835616438356,689.17,0.37500625,put
605.0,0.01643835616438356,689.17,0.35547519531249994,put
610.0,0.01643835616438356,689.17,0.334967587890625,put
615.0,0.01643835616438356,689.17,0.32227240234374993,put
620.0,0.01643835616438356,689.17,0.301764794921875,put
625.0,0.01643835616438356,689.17,0.28711650390624993,put
630.0,0.01643835616438356,689.17,0.27149166015625,put
635.0,0.01643835616438356,689.17,0.25489026367187506,put
640.0,0.01643835616438356,689.17,0.2368240380859375,put
645.0,0.01643835616438356,689.17,0.22071091796874998,put
650.0,0.01643835616438356,689.17,0.20557435058593748,put
651.0,0.01643835616438356,689.17,0.20117986328124998,put
652.0,0.01643835616438356,689.17,0.19873848144531248,put
653.0,0.01643835616438356,689.17,0.1958088232421875,put
654.0,0.01643835616438356,689.17,0.19312330322265625,put
655.0,0.01643835616438356,689.17,0.18994950683593753,put
656.0,0.01643835616438356,689.17,0.1870198486328125,put
657.0,0.01643835616438356,689.17,0.18360191406249998,put
658.0,0.01643835616438356,689.17,0.18042811767578126,put
659.0,0.01643835616438356,689.17,0.1782308740234375,put
660.0,0.01643835616438356,689.17,0.17603363037109376,put
661.0,0.01643835616438356,689.17,0.1733481103515625,put
662.0,0.01643835616438356,689.17,0.1706625903320313,put
663.0,0.01643835616438356,689.17,0.16748879394531252,put
664.0,0.01643835616438356,689.17,0.16541361938476565,put
665.0,0.01643835616438356,689.17,0.16285016845703126,put
666.0,0.01643835616438356,689.17,0.16101913208007812,put
667.0,0.01643835616438356,689.17,0.15796740478515625,put
668.0,0.01643835616438356,689.17,0.15552602294921875,put
669.0,0.01643835616438356,689.17,0.15332877929687502,put
670.0,0.01643835616438356,689.17,0.15088739746093754,put
671.0,0.01643835616438356,689.17,0.15467153930664065,put
672.0,0.01643835616438356,689.17,0.14661497924804687,put
673.0,0.01643835616438356,689.17,0.1447229083251953,put
674.0,0.01643835616438356,689.17,0.14185428466796873,put
675.0,0.01643835616438356,689.17,0.13904669555664065,put
676.0,0.01643835616438356,689.17,0.13721565917968753,put
677.0,0.01643835616438356,689.17,0.1348963464355469,put
678.0,0.01643835616438356,689.17,0.1324549645996094,put
679.0,0.01643835616438356,689.17,0.1302577209472656,put
680.0,0.01643835616438356,689.17,0.1274501318359375,put
681.0,0.01643835616438356,689.17,0.12513081909179688,put
682.0,0.01643835616438356,689.17,0.12281150634765625,put
683.0,0.01643835616438356,689.17,0.12018702087402343,put
684.0,0.01643835616438356,689.17,0.1175015008544922,put
685.0,0.01643835616438356,689.17,0.11548736083984376,put
686.0,0.01643835616438356,689.17,0.11292390991210938,put
687.0,0.01643835616438356,689.17,0.10932287170410156,put
688.0,0.01643835616438356,689.17,0.10749183532714844,put
689.0,0.01643835616438356,689.17,0.10968907897949219,put
690.0,0.01643835616438356,689.17,0.10215131256103514,put
691.0,0.01643835616438356,689.17,0.10462321166992186,put
692.0,0.01643835616438356,689.17,0.13019668640136717,put
693.0,0.01643835616438356,689.17,0.14447877014160154,put
694.0,0.01643835616438356,689.17,0.1428918719482422,put
695.0,0.01643835616438356,689.17,0.14185428466796873,put
696.0,0.01643835616438356,689.17,0.14118290466308597,put
697.0,0.01643835616438356,689.17,0.1412439392089844,put
699.0,0.01643835616438356,689.17,0.14325807922363282,put
700.0,0.01643835616438356,689.17,0.14405152832031248,put
705.0,0.01643835616438356,689.17,0.16913672668457033,put
720.0,0.01643835616438356,689.17,0.2633130310058594,put
150.0,0.019178082191780823,689.17,2.8750028125,put
155.0,0.019178082191780823,689.17,3.06250234375,put
160.0,0.019178082191780823,689.17,2.750003125,put
165.0,0.019178082191780823,689.17,3.0781273046874995,put
170.0,0.019178082191780823,689.17,2.81250296875,put
175.0,0.019178082191780823,689.17,2.9218776953125003,put
180.0,0.019178082191780823,689.17,2.7656280859375,put
185.0,0.019178082191780823,689.17,2.6562533593750004,put
190.0,0.019178082191780823,689.17,2.7812530468750003,put
195.0,0.019178082191780823,689.17,2.3750040624999995,put
200.0,0.019178082191780823,689.17,2.3125042187499996,put
205.0,0.019178082191780823,689.17,2.4531288671875,put
210.0,0.019178082191780823,689.17,2.2500043749999996,put
215.0,0.019178082191780823,689.17,2.3593791015624994,put
220.0,0.019178082191780823,689.17,2.1250046874999997,put
225.0,0.019178082191780823,689.17,2.3593791015624994,put
230.0,0.019178082191780823,689.17,2.0625048437499998,put
235.0,0.019178082191780823,689.17,2.1250046874999997,put
240.0,0.019178082191780823,689.17,2.1406296484375,put
245.0,0.019178082191780823,689.17,1.9375003125,put
250.0,0.019178082191780823,689.17,2.1406296484375,put
255.0,0.019178082191780823,689.17,2.16406708984375,put
260.0,0.019178082191780823,689.17,2.1250046874999997,put
265.0,0.019178082191780823,689.17,2.0625048437499998,put
270.0,0.019178082191780823,689.17,1.9062504687500001,put
275.0,0.019178082191780823,689.17,2.00781748046875,put
280.0,0.019178082191780823,689.17,1.8437507812499998,put
285.0,0.019178082191780823,689.17,1.8125009374999999,put
290.0,0.019178082191780823,689.17,1.78125109375,put
295.0,0.019178082191780823,689.17,1.859375703125,put
300.0,0.019178082191780823,689.17,1.703126484375,put
305.0,0.019178082191780823,689.17,1.671876640625,put
310.0,0.019178082191780823,689.17,1.640626796875,put
315.0,0.019178082191780823,689.17,1.609376953125,put
320.0,0.019178082191780823,689.17,1.609376953125,put
325.0,0.019178082191780823,689.17,1.5468772656249998,put
330.0,0.019178082191780823,689.17,1.5156274218749999,put
335.0,0.019178082191780823,689.17,1.3750031249999999,put
340.0,0.019178082191780823,689.17,1.4609401953124999,put
345.0,0.019178082191780823,689.17,1.4375028125,put
350.0,0.019178082191780823,689.17,1.5000025,put
355.0,0.019178082191780823,689.17,1.3750031249999999,put
360.0,0.019178082191780823,689.17,1.3437532812499997,put
365.0,0.019178082191780823,689.17,1.21875390625,put
370.0,0.019178082191780823,689.17,1.1875040625,put
375.0,0.019178082191780823,689.17,1.15625421875,put
380.0,0.019178082191780823,689.17,1.15625421875,put
385.0,0.019178082191780823,689.17,1.125004375,put
390.0,0.019178082191780823,689.17,1.09375453125,put
395.0,0.019178082191780823,689.17,1.0625046875000002,put
400.0,0.019178082191780823,689.17,1.0625046875000002,put
405.0,0.019178082191780823,689.17,1.1171919140625,put
410.0,0.019178082191780823,689.17,1.0625046875000002,put
415.0,0.019178082191780823,689.17,1.09375453125,put
420.0,0.019178082191780823,689.17,1.0703171484375003,put
425.0,0.019178082191780823,689.17,0.937500625,put
430.0,0.019178082191780823,689.17,0.9687503125,put
435.0,0.019178082191780823,689.17,0.9062509375,put
440.0,0.019178082191780823,689.17,0.92187578125,put
445.0,0.019178082191780823,689.17,0.9062509375,put
450.0,0.019178082191780823,689.17,0.87500125,put
455.0,0.019178082191780823,689.17,0.85937640625,put
460.0,0.019178082191780823,689.17,0.8984385156249999,put
465.0,0.019178082191780823,689.17,0.8125018749999999,put
470.0,0.019178082191780823,689.17,0.8359391406249999,put
475.0,0.019178082191780823,689.17,0.8164080859374999,put
480.0,0.019178082191780823,689.17,0.7500025,put
485.0,0.019178082191780823,689.17,0.7578149218750001,put
490.0,0.019178082191780823,689.17,0.73437765625,put
495.0,0.019178082191780823,689.17,0.7187528125,put
500.0,0.019178082191780823,689.17,0.6953155468750001,put
505.0,0.019178082191780823,689.17,0.6718782812500002,put
510.0,0.019178082191780823,689.17,0.6562534375000001,put
515.0,0.019178082191780823,689.17,0.632816171875,put
520.0,0.019178082191780823,689.17,0.6171913281250001,put
525.0,0.019178082191780823,689.17,0.5937540625000001,put
530.0,0.019178082191780823,689.17,0.5898478515625001,put
535.0,0.019178082191780823,689.17,0.570316796875,put
540.0,0.019178082191780823,689.17,0.5625043750000001,put
545.0,0.019178082191780823,689.17,0.5429733203125001,put
550.0,0.019178082191780823,689.17,0.523442265625,put
555.0,0.019178082191780823,689.17,0.5039112109375,put
560.0,0.019178082191780823,689.17,0.500005,put
565.0,0.019178082191780823,689.17,0.48828636718750007,put
570.0,0.019178082191780823,689.17,0.4687553125,put
575.0,0.019178082191780823,689.17,0.44727115234375,put
580.0,0.019178082191780823,689.17,0.43848217773437503,put
585.0,0.019178082191780823,689.17,0.41797457031249996,put
590.0,0.019178082191780823,689.17,0.398443515625,put
595.0,0.019178082191780823,689.17,0.38672488281249995,put
600.0,0.019178082191780823,689.17,0.367193828125,put
601.0,0.019178082191780823,689.17,0.3632876171875,put
602.0,0.019178082191780823,689.17,0.35938140625,put
603.0,0.019178082191780823,689.17,0.36133451171875,put
604.0,0.019178082191780823,689.17,0.35742830078125,put
605.0,0.019178082191780823,689.17,0.35352208984374994,put
606.0,0.019178082191780823,689.17,0.34961587890624996,put
607.0,0.019178082191780823,689.17,0.34570966796874997,put
608.0,0.019178082191780823,689.17,0.34180345703125,put
609.0,0.019178082191780823,689.17,0.33789724609375,put
610.0,0.019178082191780823,689.17,0.33887379882812496,put
611.0,0.019178082191780823,689.17,0.334967587890625,put
612.0,0.019178082191780823,689.17,0.331061376953125,put
613.0,0.019178082191780823,689.17,0.32617861328125,put
614.0,0.019178082191780823,689.17,0.32227240234374993,put
615.0,0.019178082191780823,689.17,0.31836619140624994,put
616.0,0.019178082191780823,689.17,0.3193427441406249,put
617.0,0.019178082191780823,689.17,0.3154365332031249,put
618.0,0.019178082191780823,689.17,0.31055376953124997,put
619.0,0.019178082191780823,689.17,0.30664755859375,put
620.0,0.019178082191780823,689.17,0.30274134765625,put
621.0,0.019178082191780823,689.17,0.30274134765625,put
622.0,0.019178082191780823,689.17,0.29883513671874995,put
623.0,0.019178082191780823,689.17,0.29444064941406245,put
624.0,0.019178082191780823,689.17,0.29004616210937495,put
625.0,0.019178082191780823,689.17,0.28613995117187496,put
626.0,0.019178082191780823,689.17,0.28565167480468745,put
627.0,0.019178082191780823,689.17,0.28125718749999995,put
628.0,0.019178082191780823,689.17,0.28076891113281244,put
629.0,0.019178082191780823,689.17,0.27637442382812494,put
630.0,0.019178082191780823,689.17,0.27246821289062495,put
631.0,0.019178082191780823,689.17,0.2710033837890625,put
632.0,0.019178082191780823,689.17,0.266608896484375,put
633.0,0.019178082191780823,689.17,0.26270268554687504,put
634.0,0.019178082191780823,689.17,0.260749580078125,put
635.0,0.019178082191780823,689.17,0.256843369140625,put
636.0,0.019178082191780823,689.17,0.25489026367187506,put
637.0,0.019178082191780823,689.17,0.25049577636718745,put
638.0,0.019178082191780823,689.17,0.2485426708984375,put
639.0,0.019178082191780823,689.17,0.24439232177734377,put
640.0,0.019178082191780823,689.17,0.242195078125,put
641.0,0.019178082191780823,689.17,0.23780059082031246,put
642.0,0.019178082191780823,689.17,0.23535920898437498,put
643.0,0.019178082191780823,689.17,0.2309647216796875,put
644.0,0.019178082191780823,689.17,0.22852333984375,put
645.0,0.019178082191780823,689.17,0.2260819580078125,put
646.0,0.019178082191780823,689.17,0.22315229980468748,put
647.0,0.019178082191780823,689.17,0.21875781249999998,put
648.0,0.019178082191780823,689.17,0.215828154296875,put
649.0,0.019178082191780823,689.17,0.21289849609375,put
650.0,0.019178082191780823,689.17,0.21143366699218746,put
651.0,0.019178082191780823,689.17,0.20801573242187496,put
652.0,0.019178082191780823,689.17,0.2048419360351562,put
653.0,0.019178082191780823,689.17,0.20264469238281246,put
654.0,0.019178082191780823,689.17,0.1992267578125,put
655.0,0.019178082191780823,689.17,0.19678537597656248,put
656.0,0.019178082191780823,689.17,0.19409985595703128,put
657.0,0.019178082191780823,689.17,0.1914143359375,put
658.0,0.019178082191780823,689.17,0.188484677734375,put
659.0,0.019178082191780823,689.17,0.18640950317382812,put
660.0,0.019178082191780823,689.17,0.1840901904296875,put
661.0,0.019178082191780823,689.17,0.18140467041015623,put
662.0,0.019178082191780823,689.17,0.178719150390625,put
663.0,0.019178082191780823,689.17,0.1772543212890625,put
664.0,0.019178082191780823,689.17,0.17408052490234377,put
665.0,0.019178082191780823,689.17,0.1720053503417969,put
666.0,0.019178082191780823,689.17,0.16968603759765627,put
667.0,0.019178082191780823,689.17,0.16773293212890628,put
668.0,0.019178082191780823,689.17,0.16541361938476565,put
669.0,0.019178082191780823,689.17,0.16346051391601565,put
670.0,0.019178082191780823,689.17,0.16101913208007812,put
671.0,0.019178082191780823,689.17,0.15931016479492188,put
672.0,0.019178082191780823,689.17,0.15668567932128907,put
673.0,0.019178082191780823,689.17,0.15467153930664065,put
674.0,0.019178082191780823,689.17,0.15265739929199224,put
675.0,0.019178082191780823,689.17,0.15058222473144534,put
676.0,0.019178082191780823,689.17,0.14887325744628904,put
677.0,0.019178082191780823,689.17,0.14673704833984375,put
678.0,0.019178082191780823,689.17,0.14478394287109375,put
679.0,0.019178082191780823,689.17,0.14264773376464845,put
680.0,0.019178082191780823,689.17,0.14099980102539064,put
681.0,0.019178082191780823,689.17,0.13904669555664065,put
682.0,0.019178082191780823,689.17,0.1374597973632813,put
683.0,0.019178082191780823,689.17,0.13581186462402345,put
684.0,0.019178082191780823,689.17,0.13413341461181644,put
685.0,0.019178082191780823,689.17,0.13233289550781252,put
686.0,0.019178082191780823,689.17,0.1308985836791992,put
687.0,0.019178082191780823,689.17,0.12952530639648438,put
688.0,0.019178082191780823,689.17,0.12824358093261717,put
689.0,0.019178082191780823,689.17,0.12690082092285154,put
690.0,0.019178082191780823,689.17,0.1287928918457031,put
691.0,0.019178082191780823,689.17,0.1445398046875,put
692.0,0.019178082191780823,689.17,0.17051000396728522,put
693.0,0.019178082191780823,689.17,0.170479486694336,put
694.0,0.019178082191780823,689.17,0.17090672851562502,put
695.0,0.019178082191780823,689.17,0.1715781085205078,put
696.0,0.019178082191780823,689.17,0.17328707580566405,put
697.0,0.019178082191780823,689.17,0.17505707763671874,put
698.0,0.019178082191780823,689.17,0.1774374249267578,put
699.0,0.019178082191780823,689.17,0.1805501867675781,put
700.0,0.019178082191780823,689.17,0.185005708618164,put
701.0,0.019178082191780823,689.17,0.18885088500976563,put
702.0,0.019178082191780823,689.17,0.19184157775878907,put
703.0,0.019178082191780823,689.17,0.19660227233886718,put
704.0,0.019178082191780823,689.17,0.2018512432861328,put
705.0,0.019178082191780823,689.17,0.20685607604980466,put
706.0,0.019178082191780823,689.17,0.2127153924560547,put
707.0,0.019178082191780823,689.17,0.21839160522460935,put
708.0,0.019178082191780823,689.17,0.22431195617675775,put
709.0,0.019178082191780823,689.17,0.2304764453125,put
710.0,0.019178082191780823,689.17,0.23651886535644528,put
711.0,0.019178082191780823,689.17,0.24280542358398435,put
712.0,0.019178082191780823,689.17,0.249030947265625,put
713.0,0.019178082191780823,689.17,0.2551954364013672,put
714.0,0.019178082191780823,689.17,0.26129889099121095,put
715.0,0.019178082191780823,689.17,0.26770751831054684,put
716.0,0.019178082191780823,689.17,0.27368890380859373,put
717.0,0.019178082191780823,689.17,0.2799144274902343,put
718.0,0.019178082191780823,689.17,0.2862009857177734,put
719.0,0.019178082191780823,689.17,0.3491276025390625,put
720.0,0.019178082191780823,689.17,0.2981027221679687,put
725.0,0.019178082191780823,689.17,0.32770447692871096,put
730.0,0.019178082191780823,689.17,0.3562686444091796,put
735.0,0.019178082191780823,689.17,0.38397832824707034,put
740.0,0.019178082191780823,689.17,0.41089456298828125,put
745.0,0.019178082191780823,689.17,0.4371394177246094,put
750.0,0.019178082191780823,689.17,0.46326220336914065,put
755.0,0.019178082191780823,689.17,0.48828636718750007,put
760.0,0.019178082191780823,689.17,0.5128222546386718,put
765.0,0.019178082191780823,689.17,4.517338337707519,put
770.0,0.019178082191780823,689.17,0.5632367895507813,put
775.0,0.019178082191780823,689.17,0.5864299169921875,put
780.0,0.019178082191780823,689.17,3.0787376547241205,put
785.0,0.019178082191780823,689.17,4.673282966995239,put
790.0,0.019178082191780823,689.17,0.6541782629394532,put
795.0,0.019178082191780823,689.17,4.478703132095336,put
800.0,0.019178082191780823,689.17,1.173588116455078,put
805.0,0.019178082191780823,689.17,1.2019082873535156,put
810.0,0.019178082191780823,689.17,0.5583540258789064,put
825.0,0.019178082191780823,689.17,4.208439798049926,put
830.0,0.019178082191780823,689.17,0.622074091796875,put
835.0,0.019178082191780823,689.17,0.63867548828125,put
840.0,0.019178082191780823,689.17,0.6543003320312502,put
630.0,0.0273972602739726,689.17,0.24781025634765624,put
667.0,0.0273972602739726,689.17,0.16309430664062502,put
615.0,0.030136986301369864,689.17,0.28174546386718746,put
662.0,0.030136986301369864,689.17,0.1729819030761719,put
666.0,0.030136986301369864,689.17,0.16590189575195316,put
670.0,0.030136986301369864,689.17,0.1590049920654297,put
684.0,0.030136986301369864,689.17,0.1397791101074219,put
610.0,0.03287671232876712,689.17,0.2876047802734374,put
615.0,0.03287671232876712,689.17,0.27539787109374997,put
400.0,0.038356164383561646,689.17,0.8125018749999999,put
405.0,0.038356164383561646,689.17,0.8125018749999999,put
410.0,0.038356164383561646,689.17,0.773439765625,put
415.0,0.038356164383561646,689.17,0.7578149218750001,put
420.0,0.038356164383561646,689.17,0.7656273437500001,put
425.0,0.038356164383561646,689.17,0.7421900781249999,put
430.0,0.038356164383561646,689.17,0.70312796875,put
435.0,0.038356164383561646,689.17,0.6875031250000001,put
440.0,0.038356164383561646,689.17,0.6953155468750001,put
445.0,0.038356164383561646,689.17,0.6796907031250001,put
450.0,0.038356164383561646,689.17,0.6640658593750002,put
455.0,0.038356164383561646,689.17,0.6250037500000001,put
460.0,0.038356164383561646,689.17,0.632816171875,put
465.0,0.038356164383561646,689.17,0.6132851171875001,put
470.0,0.038356164383561646,689.17,0.6132851171875001,put
475.0,0.038356164383561646,689.17,0.5976602734375001,put
480.0,0.038356164383561646,689.17,0.5820354296875,put
485.0,0.038356164383561646,689.17,0.5742230078125,put
490.0,0.038356164383561646,689.17,0.5585981640625001,put
495.0,0.038356164383561646,689.17,0.5449264257812501,put
500.0,0.038356164383561646,689.17,0.5390671093750001,put
505.0,0.038356164383561646,689.17,0.523442265625,put
510.0,0.038356164383561646,689.17,0.507817421875,put
515.0,0.038356164383561646,689.17,0.50586431640625,put
520.0,0.038356164383561646,689.17,0.49023947265625006,put
525.0,0.038356164383561646,689.17,0.47461462890625,put
530.0,0.038356164383561646,689.17,0.4687553125,put
535.0,0.038356164383561646,689.17,0.45313046875,put
540.0,0.038356164383561646,689.17,0.43945873046875,put
545.0,0.038356164383561646,689.17,0.43164630859375,put
550.0,0.038356164383561646,689.17,0.41602146484374997,put
555.0,0.038356164383561646,689.17,0.40039662109375,put
560.0,0.038356164383561646,689.17,0.39258419921875,put
565.0,0.038356164383561646,689.17,0.37695935546875,put
570.0,0.038356164383561646,689.17,0.367193828125,put
575.0,0.038356164383561646,689.17,0.35645174804687496,put
580.0,0.038356164383561646,689.17,0.34180345703125,put
585.0,0.038356164383561646,689.17,0.33008482421874996,put
590.0,0.038356164383561646,689.17,0.31836619140624994,put
595.0,0.038356164383561646,689.17,0.30664755859375,put
600.0,0.038356164383561646,689.17,0.29395237304687494,put
605.0,0.038356164383561646,689.17,0.2836985693359374,put
610.0,0.038356164383561646,689.17,0.2700268310546875,put
615.0,0.038356164383561646,689.17,0.25830819824218754,put
620.0,0.038356164383561646,689.17,0.24805439453125,put
625.0,0.038356164383561646,689.17,0.23633576171874998,put
630.0,0.038356164383561646,689.17,0.2238847143554687,put
635.0,0.038356164383561646,689.17,0.21314263427734376,put
640.0,0.038356164383561646,689.17,0.20191227783203125,put
645.0,0.038356164383561646,689.17,0.19104812866210938,put
648.0,0.038356164383561646,689.17,0.18531088134765622,put
649.0,0.038356164383561646,689.17,0.1828694995117187,put
650.0,0.038356164383561646,689.17,0.18042811767578126,put
651.0,0.038356164383561646,689.17,0.17859708129882812,put
652.0,0.038356164383561646,689.17,0.17664397583007813,put
653.0,0.038356164383561646,689.17,0.17456880126953128,put
654.0,0.038356164383561646,689.17,0.1724936267089844,put
655.0,0.038356164383561646,689.17,0.1706625903320313,put
656.0,0.038356164383561646,689.17,0.174812939453125,put
657.0,0.038356164383561646,689.17,0.16687844848632816,put
658.0,0.038356164383561646,689.17,0.1651694812011719,put
659.0,0.038356164383561646,689.17,0.16248396118164063,put
660.0,0.038356164383561646,689.17,0.16059189025878906,put
661.0,0.038356164383561646,689.17,0.15894395751953128,put
662.0,0.038356164383561646,689.17,0.15717395568847659,put
663.0,0.038356164383561646,689.17,0.15515981567382814,put
664.0,0.038356164383561646,689.17,0.1530846411132813,put
665.0,0.038356164383561646,689.17,0.15119257019042973,put
666.0,0.038356164383561646,689.17,0.14948360290527346,put
667.0,0.038356164383561646,689.17,0.14753049743652347,put
668.0,0.038356164383561646,689.17,0.14576049560546872,put
669.0,0.038356164383561646,689.17,0.14411256286621094,put
670.0,0.038356164383561646,689.17,0.14771360107421877,put
671.0,0.038356164383561646,689.17,0.1404504901123047,put
672.0,0.038356164383561646,689.17,0.13868048828125001,put
673.0,0.038356164383561646,689.17,0.13672738281250002,put
674.0,0.038356164383561646,689.17,0.13776497009277344,put
675.0,0.038356164383561646,689.17,0.1333094482421875,put
676.0,0.038356164383561646,689.17,0.13672738281250002,put
677.0,0.038356164383561646,689.17,0.13187513641357423,put
678.0,0.038356164383561646,689.17,0.13327893096923826,put
679.0,0.038356164383561646,689.17,0.13147841186523437,put
680.0,0.038356164383561646,689.17,0.12479512908935547,put
681.0,0.038356164383561646,689.17,0.12311667907714845,put
682.0,0.038356164383561646,689.17,0.1246730599975586,put
683.0,0.038356164383561646,689.17,0.11994288269042967,put
684.0,0.038356164383561646,689.17,0.11823391540527343,put
685.0,0.038356164383561646,689.17,0.11667753448486329,put
686.0,0.038356164383561646,689.17,0.11512115356445313,put
687.0,0.038356164383561646,689.17,0.11390046264648437,put
688.0,0.038356164383561646,689.17,0.1149075326538086,put
689.0,0.038356164383561646,689.17,0.11100132171630858,put
690.0,0.038356164383561646,689.17,0.11060459716796875,put
691.0,0.038356164383561646,689.17,0.1419763537597656,put
692.0,0.038356164383561646,689.17,0.14103031829833984,put
693.0,0.038356164383561646,689.17,0.14023686920166017,put
694.0,0.038356164383561646,689.17,0.139657041015625,put
695.0,0.038356164383561646,689.17,0.13959600646972659,put
696.0,0.038356164383561646,689.17,0.13956548919677736,put
697.0,0.038356164383561646,689.17,0.14011480010986327,put
698.0,0.038356164383561646,689.17,0.14093876647949222,put
699.0,0.038356164383561646,689.17,0.14283083740234376,put
700.0,0.038356164383561646,689.17,0.14362428649902342,put
701.0,0.038356164383561646,689.17,0.1453637710571289,put
702.0,0.038356164383561646,689.17,0.147469462890625,put
703.0,0.038356164383561646,689.17,0.1500329138183594,put
704.0,0.038356164383561646,689.17,0.15287102020263676,put
705.0,0.038356164383561646,689.17,0.1559532647705078,put
708.0,0.038356164383561646,689.17,0.16629862030029302,put
710.0,0.038356164383561646,689.17,0.17426362854003907,put
715.0,0.038356164383561646,689.17,0.19553416778564453,put
720.0,0.038356164383561646,689.17,0.2174760870361328,put
730.0,0.038356164383561646,689.17,0.2595899237060547,put
750.0,0.038356164383561646,689.17,0.33765310791015624,put
800.0,0.038356164383561646,689.17,0.5087329400634766,put
345.0,0.052054794520547946,689.17,0.8437515624999999,put
350.0,0.052054794520547946,689.17,0.85937640625,put
355.0,0.052054794520547946,689.17,0.8437515624999999,put
360.0,0.052054794520547946,689.17,0.7812521875,put
365.0,0.052054794520547946,689.17,0.8125018749999999,put
370.0,0.052054794520547946,689.17,0.79687703125,put
375.0,0.052054794520547946,689.17,0.7812521875,put
380.0,0.052054794520547946,689.17,0.7656273437500001,put
385.0,0.052054794520547946,689.17,0.7656273437500001,put
390.0,0.052054794520547946,689.17,0.73437765625,put
395.0,0.052054794520547946,689.17,0.7187528125,put
400.0,0.052054794520547946,689.17,0.7187528125,put
405.0,0.052054794520547946,689.17,0.70312796875,put
410.0,0.052054794520547946,689.17,0.6875031250000001,put
415.0,0.052054794520547946,689.17,0.6718782812500002,put
420.0,0.052054794520547946,689.17,0.6757844921875001,put
425.0,0.052054794520547946,689.17,0.6601596484375001,put
430.0,0.052054794520547946,689.17,0.6445348046875,put
435.0,0.052054794520547946,689.17,0.6289099609375001,put
440.0,0.052054794520547946,689.17,0.6171913281250001,put
445.0,0.052054794520547946,689.17,0.6015664843750002,put
450.0,0.052054794520547946,689.17,0.5976602734375001,put
455.0,0.052054794520547946,689.17,0.5820354296875,put
460.0,0.052054794520547946,689.17,0.57812921875,put
465.0,0.052054794520547946,689.17,0.570316796875,put
470.0,0.052054794520547946,689.17,0.5566450585937501,put
475.0,0.052054794520547946,689.17,0.5429733203125001,put
480.0,0.052054794520547946,689.17,0.5351608984375,put
485.0,0.052054794520547946,689.17,0.5195360546875,put
490.0,0.052054794520547946,689.17,0.5117236328125,put
495.0,0.052054794520547946,689.17,0.5019581054687501,put
500.0,0.052054794520547946,689.17,0.49805189453125004,put
505.0,0.052054794520547946,689.17,0.48242705078125003,put
510.0,0.052054794520547946,689.17,0.4687553125,put
515.0,0.052054794520547946,689.17,0.46289599609375004,put
520.0,0.052054794520547946,689.17,0.44824770507812495,put
525.0,0.052054794520547946,689.17,0.44043528320312497,put
530.0,0.052054794520547946,689.17,0.42676354492187507,put
535.0,0.052054794520547946,689.17,0.41797457031249996,put
536.0,0.052054794520547946,689.17,0.415044912109375,put
537.0,0.052054794520547946,689.17,0.41211525390625,put
538.0,0.052054794520547946,689.17,0.40918559570312496,put
539.0,0.052054794520547946,689.17,0.4062559375,put
540.0,0.052054794520547946,689.17,0.40430283203125,put
541.0,0.052054794520547946,689.17,0.401373173828125,put
542.0,0.052054794520547946,689.17,0.40332627929687503,put
543.0,0.052054794520547946,689.17,0.40039662109375,put
544.0,0.052054794520547946,689.17,0.397466962890625,put
545.0,0.052054794520547946,689.17,0.39453730468750003,put
546.0,0.052054794520547946,689.17,0.39160764648437496,put
547.0,0.052054794520547946,689.17,0.3891662646484375,put
548.0,0.052054794520547946,689.17,0.39063109375,put
549.0,0.052054794520547946,689.17,0.387701435546875,put
550.0,0.052054794520547946,689.17,0.38477177734374995,put
551.0,0.052054794520547946,689.17,0.38184211914062494,put
552.0,0.052054794520547946,689.17,0.3794007373046875,put
553.0,0.052054794520547946,689.17,0.37695935546875,put
554.0,0.052054794520547946,689.17,0.37793590820312495,put
555.0,0.052054794520547946,689.17,0.37500625,put
556.0,0.052054794520547946,689.17,0.372076591796875,put
557.0,0.052054794520547946,689.17,0.36914693359375,put
558.0,0.052054794520547946,689.17,0.366217275390625,put
559.0,0.052054794520547946,689.17,0.36377589355468753,put
560.0,0.052054794520547946,689.17,0.36426416992187505,put
561.0,0.052054794520547946,689.17,0.36133451171875,put
562.0,0.052054794520547946,689.17,0.358404853515625,put
563.0,0.052054794520547946,689.17,0.35596347167968745,put
564.0,0.052054794520547946,689.17,0.35645174804687496,put
565.0,0.052054794520547946,689.17,0.35352208984374994,put
566.0,0.052054794520547946,689.17,0.3505924316406249,put
567.0,0.052054794520547946,689.17,0.34766277343749996,put
568.0,0.052054794520547946,689.17,0.3481510498046875,put
569.0,0.052054794520547946,689.17,0.3452213916015625,put
570.0,0.052054794520547946,689.17,0.34229173339843744,put
571.0,0.052054794520547946,689.17,0.34229173339843744,put
572.0,0.052054794520547946,689.17,0.3393620751953125,put
573.0,0.052054794520547946,689.17,0.336920693359375,put
574.0,0.052054794520547946,689.17,0.33399103515625,put
575.0,0.052054794520547946,689.17,0.33350275878906255,put
576.0,0.052054794520547946,689.17,0.3305731005859375,put
577.0,0.052054794520547946,689.17,0.32813171874999997,put
578.0,0.052054794520547946,689.17,0.32520206054687495,put
579.0,0.052054794520547946,689.17,0.32471378417968744,put
580.0,0.052054794520547946,689.17,0.3217841259765625,put
581.0,0.052054794520547946,689.17,0.32129584960937496,put
582.0,0.052054794520547946,689.17,0.31836619140624994,put
583.0,0.052054794520547946,689.17,0.3154365332031249,put
584.0,0.052054794520547946,689.17,0.3149482568359374,put
585.0,0.052054794520547946,689.17,0.31201859863281245,put
586.0,0.052054794520547946,689.17,0.3112861840820312,put
587.0,0.052054794520547946,689.17,0.3083565258789062,put
588.0,0.052054794520547946,689.17,0.305671005859375,put
589.0,0.052054794520547946,689.17,0.304694453125,put
590.0,0.052054794520547946,689.17,0.301764794921875,put
591.0,0.052054794520547946,689.17,0.3007882421875,put
592.0,0.052054794520547946,689.17,0.2978585839843749,put
593.0,0.052054794520547946,689.17,0.29492892578124996,put
594.0,0.052054794520547946,689.17,0.29395237304687494,put
595.0,0.052054794520547946,689.17,0.2910227148437499,put
596.0,0.052054794520547946,689.17,0.28955788574218744,put
597.0,0.052054794520547946,689.17,0.2866282275390625,put
598.0,0.052054794520547946,689.17,0.28565167480468745,put
599.0,0.052054794520547946,689.17,0.2827220166015625,put
600.0,0.052054794520547946,689.17,0.28125718749999995,put
601.0,0.052054794520547946,689.17,0.278327529296875,put
602.0,0.052054794520547946,689.17,0.27686270019531245,put
603.0,0.052054794520547946,689.17,0.27539787109374997,put
604.0,0.052054794520547946,689.17,0.27246821289062495,put
605.0,0.052054794520547946,689.17,0.2710033837890625,put
606.0,0.052054794520547946,689.17,0.26929441650390623,put
607.0,0.052054794520547946,689.17,0.26636475830078127,put
608.0,0.052054794520547946,689.17,0.264655791015625,put
609.0,0.052054794520547946,689.17,0.2617261328125,put
610.0,0.052054794520547946,689.17,0.2600171655273438,put
611.0,0.052054794520547946,689.17,0.25830819824218754,put
612.0,0.052054794520547946,689.17,0.2563550927734375,put
613.0,0.052054794520547946,689.17,0.2534254345703125,put
614.0,0.052054794520547946,689.17,0.2514723291015625,put
615.0,0.052054794520547946,689.17,0.24951922363281248,put
616.0,0.052054794520547946,689.17,0.24768818725585937,put
617.0,0.052054794520547946,689.17,0.2456130126953125,put
618.0,0.052054794520547946,689.17,0.2436599072265625,put
619.0,0.052054794520547946,689.17,0.2417068017578125,put
620.0,0.052054794520547946,689.17,0.2395095581054687,put
621.0,0.052054794520547946,689.17,0.2375564526367187,put
622.0,0.052054794520547946,689.17,0.23535920898437498,put
623.0,0.052054794520547946,689.17,0.23316196533203126,put
624.0,0.052054794520547946,689.17,0.2309647216796875,put
625.0,0.052054794520547946,689.17,0.229499892578125,put
626.0,0.052054794520547946,689.17,0.22730264892578123,put
627.0,0.052054794520547946,689.17,0.2249833361816406,put
628.0,0.052054794520547946,689.17,0.22339643798828124,put
629.0,0.052054794520547946,689.17,0.2210771252441406,put
630.0,0.052054794520547946,689.17,0.21936815795898437,put
631.0,0.052054794520547946,689.17,0.21692677612304687,put
632.0,0.052054794520547946,689.17,0.21521780883789063,put
633.0,0.052054794520547946,689.17,0.2133867724609375,put
634.0,0.052054794520547946,689.17,0.2108233215332031,put
635.0,0.052054794520547946,689.17,0.20887021606445308,put
636.0,0.052054794520547946,689.17,0.20691711059570309,put
637.0,0.052054794520547946,689.17,0.2049640051269531,put
638.0,0.052054794520547946,689.17,0.2034991760253906,put
639.0,0.052054794520547946,689.17,0.20130193237304686,put
640.0,0.052054794520547946,689.17,0.1991046887207031,put
641.0,0.052054794520547946,689.17,0.1974567559814453,put
642.0,0.052054794520547946,689.17,0.19568675415039063,put
643.0,0.052054794520547946,689.17,0.19336744140625,put
644.0,0.052054794520547946,689.17,0.19147537048339847,put
645.0,0.052054794520547946,689.17,0.19519847778320312,put
646.0,0.052054794520547946,689.17,0.18799640136718748,put
647.0,0.052054794520547946,689.17,0.18586019226074219,put
648.0,0.052054794520547946,689.17,0.18415122497558595,put
649.0,0.052054794520547946,689.17,0.1823201885986328,put
650.0,0.052054794520547946,689.17,0.18042811767578126,put
651.0,0.052054794520547946,689.17,0.17847501220703127,put
652.0,0.052054794520547946,689.17,0.1763998376464844,put
653.0,0.052054794520547946,689.17,0.17469087036132813,put
654.0,0.052054794520547946,689.17,0.17859708129882812,put
655.0,0.052054794520547946,689.17,0.17090672851562502,put
656.0,0.052054794520547946,689.17,0.1695639685058594,put
657.0,0.052054794520547946,689.17,0.16742775939941407,put
658.0,0.052054794520547946,689.17,0.16584086120605473,put
659.0,0.052054794520547946,689.17,0.1638267211914063,put
660.0,0.052054794520547946,689.17,0.16205671936035154,put
661.0,0.052054794520547946,689.17,0.16040878662109376,put
662.0,0.052054794520547946,689.17,0.15869981933593752,put
663.0,0.052054794520547946,689.17,0.15680774841308598,put
664.0,0.052054794520547946,689.17,0.15479360839843753,put
665.0,0.052054794520547946,689.17,0.15296257202148442,put
666.0,0.052054794520547946,689.17,0.15125360473632815,put
667.0,0.052054794520547946,689.17,0.14936153381347655,put
668.0,0.052054794520547946,689.17,0.1525048129272461,put
669.0,0.052054794520547946,689.17,0.14545532287597657,put
670.0,0.052054794520547946,689.17,0.14405152832031248,put
671.0,0.052054794520547946,689.17,0.14399049377441403,put
672.0,0.052054794520547946,689.17,0.1415796292114258,put
673.0,0.052054794520547946,689.17,0.1422815264892578,put
674.0,0.052054794520547946,689.17,0.13712410736083985,put
675.0,0.052054794520547946,689.17,0.13526255371093754,put
676.0,0.052054794520547946,689.17,0.13434703552246097,put
677.0,0.052054794520547946,689.17,0.13172255004882813,put
678.0,0.052054794520547946,689.17,0.13501841552734378,put
679.0,0.052054794520547946,689.17,0.12824358093261717,put
680.0,0.052054794520547946,689.17,0.12659564819335936,put
681.0,0.052054794520547946,689.17,0.12491719818115235,put
682.0,0.052054794520547946,689.17,0.12329978271484376,put
683.0,0.052054794520547946,689.17,0.1215908154296875,put
684.0,0.052054794520547946,689.17,0.1254665090942383,put
685.0,0.052054794520547946,689.17,0.11853908813476563,put
686.0,0.052054794520547946,689.17,0.11698270721435547,put
687.0,0.052054794520547946,689.17,0.11527373992919923,put
688.0,0.052054794520547946,689.17,0.11386994537353515,put
689.0,0.052054794520547946,689.17,0.11216097808837888,put
690.0,0.052054794520547946,689.17,0.11118442535400389,put
691.0,0.052054794520547946,689.17,0.11234408172607421,put
692.0,0.052054794520547946,689.17,0.1374597973632813,put
693.0,0.052054794520547946,689.17,0.13626962371826173,put
694.0,0.052054794520547946,689.17,0.13495738098144533,put
695.0,0.052054794520547946,689.17,0.1344385873413086,put
696.0,0.052054794520547946,689.17,0.13376720733642578,put
697.0,0.052054794520547946,689.17,0.1334925518798828,put
698.0,0.052054794520547946,689.17,0.13355358642578125,put
699.0,0.052054794520547946,689.17,0.13385875915527345,put
700.0,0.052054794520547946,689.17,0.13459117370605472,put
701.0,0.052054794520547946,689.17,0.13544565734863284,put
702.0,0.052054794520547946,689.17,0.13639169281005858,put
703.0,0.052054794520547946,689.17,0.13785652191162112,put
704.0,0.052054794520547946,689.17,0.1395044546508789,put
705.0,0.052054794520547946,689.17,0.14136600830078128,put
707.0,0.052054794520547946,689.17,0.14600463378906248,put
708.0,0.052054794520547946,689.17,0.2845225357055663,put
709.0,0.052054794520547946,689.17,0.1511315356445313,put
710.0,0.052054794520547946,689.17,0.15418326293945314,put
715.0,0.052054794520547946,689.17,0.17054052124023442,put
720.0,0.052054794520547946,689.17,0.18860674682617187,put
725.0,0.052054794520547946,689.17,0.2067950415039062,put
730.0,0.052054794520547946,689.17,0.2245560943603515,put
735.0,0.052054794520547946,689.17,0.2420730090332031,put
740.0,0.052054794520547946,689.17,1.7602245875549316,put
750.0,0.052054794520547946,689.17,0.29175512939453113,put
755.0,0.052054794520547946,689.17,1.3547700718688962,put
765.0,0.052054794520547946,689.17,0.34027759338378905,put
775.0,0.052054794520547946,689.17,0.6480137738037108,put
780.0,0.052054794520547946,689.17,1.0000000000000003e-05,put
790.0,0.052054794520547946,689.17,0.41223732299804683,put
400.0,0.057534246575342465,689.17,0.6875031250000001,put
405.0,0.057534246575342465,689.17,0.6992217578125001,put
410.0,0.057534246575342465,689.17,0.6718782812500002,put
415.0,0.057534246575342465,689.17,0.6562534375000001,put
420.0,0.057534246575342465,689.17,0.6445348046875,put
425.0,0.057534246575342465,689.17,0.6289099609375001,put
430.0,0.057534246575342465,689.17,0.6250037500000001,put
435.0,0.057534246575342465,689.17,0.6132851171875001,put
440.0,0.057534246575342465,689.17,0.5976602734375001,put
445.0,0.057534246575342465,689.17,0.5937540625000001,put
450.0,0.057534246575342465,689.17,0.57812921875,put
455.0,0.057534246575342465,689.17,0.5722699023437501,put
460.0,0.057534246575342465,689.17,0.5585981640625001,put
465.0,0.057534246575342465,689.17,0.5507857421875001,put
470.0,0.057534246575342465,689.17,0.5429733203125001,put
475.0,0.057534246575342465,689.17,0.5293015820312501,put
480.0,0.057534246575342465,689.17,0.51562984375,put
485.0,0.057534246575342465,689.17,0.50586431640625,put
490.0,0.057534246575342465,689.17,0.5019581054687501,put
495.0,0.057534246575342465,689.17,0.48828636718750007,put
500.0,0.057534246575342465,689.17,0.481450498046875,put
505.0,0.057534246575342465,689.17,0.47461462890625,put
510.0,0.057534246575342465,689.17,0.46094289062500005,put
515.0,0.057534246575342465,689.17,0.44727115234375,put
520.0,0.057534246575342465,689.17,0.43848217773437503,put
525.0,0.057534246575342465,689.17,0.424810439453125,put
530.0,0.057534246575342465,689.17,0.4165097412109374,put
535.0,0.057534246575342465,689.17,0.40332627929687503,put
540.0,0.057534246575342465,689.17,0.393560751953125,put
545.0,0.057534246575342465,689.17,0.3842835009765625,put
550.0,0.057534246575342465,689.17,0.37402969726562496,put
555.0,0.057534246575342465,689.17,0.36377589355468753,put
560.0,0.057534246575342465,689.17,0.35352208984374994,put
565.0,0.057534246575342465,689.17,0.34278000976562495,put
570.0,0.057534246575342465,689.17,0.33399103515625,put
575.0,0.057534246575342465,689.17,0.3227606787109374,put
580.0,0.057534246575342465,689.17,0.31323928955078123,put
585.0,0.057534246575342465,689.17,0.30322962402343745,put
590.0,0.057534246575342465,689.17,0.29444064941406245,put
595.0,0.057534246575342465,689.17,0.2836985693359374,put
600.0,0.057534246575342465,689.17,0.27368890380859373,put
605.0,0.057534246575342465,689.17,0.26319096191406255,put
610.0,0.057534246575342465,689.17,0.2534254345703125,put
615.0,0.057534246575342465,689.17,0.2430495617675781,put
620.0,0.057534246575342465,689.17,0.2337723107910156,put
625.0,0.057534246575342465,689.17,0.22364057617187497,put
630.0,0.057534246575342465,689.17,0.21399711791992188,put
635.0,0.057534246575342465,689.17,0.20459779785156246,put
640.0,0.057534246575342465,689.17,0.19507640869140624,put
645.0,0.057534246575342465,689.17,0.18610433044433594,put
648.0,0.057534246575342465,689.17,0.1805501867675781,put
649.0,0.057534246575342465,689.17,0.17902432312011718,put
650.0,0.057534246575342465,689.17,0.17707121765136719,put
651.0,0.057534246575342465,689.17,0.17542328491210937,put
652.0,0.057534246575342465,689.17,0.17401949035644532,put
653.0,0.057534246575342465,689.17,0.17188328125000002,put
654.0,0.057534246575342465,689.17,0.17029638305664066,put
655.0,0.057534246575342465,689.17,0.16828224304199224,put
656.0,0.057534246575342465,689.17,0.16681741394042973,put
657.0,0.057534246575342465,689.17,0.16492534301757814,put
658.0,0.057534246575342465,689.17,0.16327741027832032,put
659.0,0.057534246575342465,689.17,0.166573275756836,put
660.0,0.057534246575342465,689.17,0.1593711993408203,put
661.0,0.057534246575342465,689.17,0.1579063702392578,put
662.0,0.057534246575342465,689.17,0.1563805065917969,put
663.0,0.057534246575342465,689.17,0.1544274011230469,put
664.0,0.057534246575342465,689.17,0.152901537475586,put
665.0,0.057534246575342465,689.17,0.15070429382324224,put
666.0,0.057534246575342465,689.17,0.14917843017578125,put
667.0,0.057534246575342465,689.17,0.14859860198974612,put
668.0,0.057534246575342465,689.17,0.1458520474243164,put
669.0,0.057534246575342465,689.17,0.14411256286621094,put
670.0,0.057534246575342465,689.17,0.1424035955810547,put
671.0,0.057534246575342465,689.17,0.14096928375244144,put
672.0,0.057534246575342465,689.17,0.14249514739990232,put
673.0,0.057534246575342465,689.17,0.13703255554199223,put
674.0,0.057534246575342465,689.17,0.13901617828369145,put
675.0,0.057534246575342465,689.17,0.13376720733642578,put
676.0,0.057534246575342465,689.17,0.1348963464355469,put
677.0,0.057534246575342465,689.17,0.13031875549316402,put
678.0,0.057534246575342465,689.17,0.1287318572998047,put
679.0,0.057534246575342465,689.17,0.1271449591064453,put
680.0,0.057534246575342465,689.17,0.12497823272705078,put
681.0,0.057534246575342465,689.17,0.12394064544677735,put
682.0,0.057534246575342465,689.17,0.12232322998046877,put
683.0,0.057534246575342465,689.17,0.12064477996826173,put
684.0,0.057534246575342465,689.17,0.11914943359374999,put
685.0,0.057534246575342465,689.17,0.11789822540283201,put
686.0,0.057534246575342465,689.17,0.11618925811767578,put
687.0,0.057534246575342465,689.17,0.11454132537841799,put
688.0,0.057534246575342465,689.17,0.11301546173095703,put
689.0,0.057534246575342465,689.17,0.1116727017211914,put
690.0,0.057534246575342465,689.17,0.11045201080322264,put
691.0,0.057534246575342465,689.17,0.12955582366943358,put
692.0,0.057534246575342465,689.17,0.13541514007568362,put
693.0,0.057534246575342465,689.17,0.13382824188232423,put
694.0,0.057534246575342465,689.17,0.13337048278808594,put
695.0,0.057534246575342465,689.17,0.1326075509643555,put
696.0,0.057534246575342465,689.17,0.13141737731933595,put
697.0,0.057534246575342465,689.17,0.1310511700439453,put
698.0,0.057534246575342465,689.17,0.13102065277099606,put
699.0,0.057534246575342465,689.17,0.1310511700439453,put
700.0,0.057534246575342465,689.17,0.13147841186523437,put
701.0,0.057534246575342465,689.17,0.13199720550537108,put
702.0,0.057534246575342465,689.17,0.1329737582397461,put
703.0,0.057534246575342465,689.17,0.13391979370117188,put
704.0,0.057534246575342465,689.17,0.13538462280273442,put
705.0,0.057534246575342465,689.17,0.137002038269043,put
707.0,0.057534246575342465,689.17,0.14093876647949222,put
708.0,0.057534246575342465,689.17,0.14328859649658204,put
710.0,0.057534246575342465,689.17,0.1482629119873047,put
715.0,0.057534246575342465,689.17,0.16327741027832032,put
720.0,0.057534246575342465,689.17,0.18030604858398439,put
725.0,0.057534246575342465,689.17,0.19739572143554687,put
735.0,0.057534246575342465,689.17,0.23133092895507812,put
500.0,0.07671232876712329,689.17,0.45166563964843753,put
505.0,0.07671232876712329,689.17,0.442388388671875,put
510.0,0.07671232876712329,689.17,0.42969320312500003,put
515.0,0.07671232876712329,689.17,0.41992767578125,put
520.0,0.07671232876712329,689.17,0.4106504248046875,put
525.0,0.07671232876712329,689.17,0.4008848974609375,put
530.0,0.07671232876712329,689.17,0.393560751953125,put
535.0,0.07671232876712329,689.17,0.3833069482421875,put
540.0,0.07671232876712329,689.17,0.37500625,put
545.0,0.07671232876712329,689.17,0.36426416992187505,put
550.0,0.07671232876712329,689.17,0.35352208984374994,put
555.0,0.07671232876712329,689.17,0.3461979443359374,put
560.0,0.07671232876712329,689.17,0.3354558642578125,put
565.0,0.07671232876712329,689.17,0.32569033691406246,put
570.0,0.07671232876712329,689.17,0.317389638671875,put
575.0,0.07671232876712329,689.17,0.30713583496093744,put
580.0,0.07671232876712329,689.17,0.2990792749023437,put
585.0,0.07671232876712329,689.17,0.2884592639160155,put
590.0,0.07671232876712329,689.17,0.2795482202148437,put
595.0,0.07671232876712329,689.17,0.27027096923828126,put
600.0,0.07671232876712329,689.17,0.2613599255371094,put
605.0,0.07671232876712329,689.17,0.25196060546875,put
610.0,0.07671232876712329,689.17,0.24280542358398435,put
615.0,0.07671232876712329,689.17,0.2342605871582031,put
620.0,0.07671232876712329,689.17,0.2249833361816406,put
625.0,0.07671232876712329,689.17,0.2161943615722656,put
630.0,0.07671232876712329,689.17,0.20783262878417966,put
635.0,0.07671232876712329,689.17,0.2000812414550781,put
640.0,0.07671232876712329,689.17,0.19117019775390626,put
645.0,0.07671232876712329,689.17,0.18335777587890623,put
648.0,0.07671232876712329,689.17,0.17865811584472657,put
649.0,0.07671232876712329,689.17,0.17737639038085937,put
650.0,0.07671232876712329,689.17,0.17542328491210937,put
651.0,0.07671232876712329,689.17,0.1790853576660156,put
652.0,0.07671232876712329,689.17,0.17719328674316404,put
653.0,0.07671232876712329,689.17,0.17078465942382814,put
654.0,0.07671232876712329,689.17,0.1710287976074219,put
655.0,0.07671232876712329,689.17,0.16782448394775396,put
656.0,0.07671232876712329,689.17,0.16669534484863285,put
657.0,0.07671232876712329,689.17,0.16919776123046876,put
658.0,0.07671232876712329,689.17,0.16754982849121097,put
659.0,0.07671232876712329,689.17,0.16538310211181645,put
660.0,0.07671232876712329,689.17,0.1598594757080078,put
661.0,0.07671232876712329,689.17,0.1626975820922852,put
662.0,0.07671232876712329,689.17,0.16031723480224608,put
663.0,0.07671232876712329,689.17,0.15863878479003907,put
664.0,0.07671232876712329,689.17,0.1568993002319336,put
665.0,0.07671232876712329,689.17,0.15152826019287113,put
666.0,0.07671232876712329,689.17,0.1538170556640625,put
667.0,0.07671232876712329,689.17,0.15284050292968754,put
668.0,0.07671232876712329,689.17,0.15119257019042973,put
669.0,0.07671232876712329,689.17,0.14643187561035154,put
670.0,0.07671232876712329,689.17,0.1481103256225586,put
671.0,0.07671232876712329,689.17,0.1453332537841797,put
672.0,0.07671232876712329,689.17,0.1437463555908203,put
673.0,0.07671232876712329,689.17,0.14328859649658204,put
674.0,0.07671232876712329,689.17,0.14035893829345703,put
675.0,0.07671232876712329,689.17,0.14008428283691404,put
676.0,0.07671232876712329,689.17,0.1344080700683594,put
677.0,0.07671232876712329,689.17,0.13691048645019532,put
678.0,0.07671232876712329,689.17,0.1339808282470703,put
679.0,0.07671232876712329,689.17,0.13233289550781252,put
680.0,0.07671232876712329,689.17,0.12928116821289062,put
681.0,0.07671232876712329,689.17,0.1307765145874023,put
682.0,0.07671232876712329,689.17,0.1259395268249512,put
683.0,0.07671232876712329,689.17,0.12342185180664064,put
684.0,0.07671232876712329,689.17,0.12204857452392578,put
685.0,0.07671232876712329,689.17,0.1247035772705078,put
686.0,0.07671232876712329,689.17,0.11899684722900389,put
687.0,0.07671232876712329,689.17,0.11744046630859376,put
688.0,0.07671232876712329,689.17,0.11603667175292968,put
689.0,0.07671232876712329,689.17,0.11908839904785155,put
690.0,0.07671232876712329,689.17,0.1137783935546875,put
691.0,0.07671232876712329,689.17,0.13185987777709962,put
692.0,0.07671232876712329,689.17,0.13065444549560545,put
693.0,0.07671232876712329,689.17,0.13326367233276365,put
694.0,0.07671232876712329,689.17,0.13218030914306644,put
695.0,0.07671232876712329,689.17,0.13099013549804686,put
696.0,0.07671232876712329,689.17,0.13013565185546871,put
698.0,0.07671232876712329,689.17,0.12870134002685546,put
699.0,0.07671232876712329,689.17,0.12256736816406251,put
700.0,0.07671232876712329,689.17,0.12802996002197264,put
702.0,0.07671232876712329,689.17,0.12781633911132811,put
703.0,0.07671232876712329,689.17,0.1281215118408203,put
704.0,0.07671232876712329,689.17,0.12854875366210936,put
705.0,0.07671232876712329,689.17,0.12912858184814452,put
720.0,0.07671232876712329,689.17,0.15808947387695313,put
210.0,0.0958904109589041,689.17,1.0625046875000002,put
215.0,0.0958904109589041,689.17,1.0781296093750001,put
220.0,0.0958904109589041,689.17,1.09375453125,put
225.0,0.0958904109589041,689.17,1.0703171484375003,put
230.0,0.0958904109589041,689.17,1.015629921875,put
235.0,0.0958904109589041,689.17,1.000005,put
240.0,0.0958904109589041,689.17,0.98437515625,put
245.0,0.0958904109589041,689.17,0.992187578125,put
250.0,0.0958904109589041,689.17,0.945313046875,put
255.0,0.0958904109589041,689.17,0.92187578125,put
260.0,0.0958904109589041,689.17,0.9062509375,put
265.0,0.0958904109589041,689.17,0.8906260937499999,put
270.0,0.0958904109589041,689.17,0.9062509375,put
275.0,0.0958904109589041,689.17,0.85937640625,put
280.0,0.0958904109589041,689.17,0.8437515624999999,put
285.0,0.0958904109589041,689.17,0.8281267187499999,put
290.0,0.0958904109589041,689.17,0.851563984375,put
295.0,0.0958904109589041,689.17,0.79687703125,put
300.0,0.0958904109589041,689.17,0.804689453125,put
305.0,0.0958904109589041,689.17,0.804689453125,put
310.0,0.0958904109589041,689.17,0.789064609375,put
315.0,0.0958904109589041,689.17,0.789064609375,put
320.0,0.0958904109589041,689.17,0.7617211328125001,put
325.0,0.0958904109589041,689.17,0.7578149218750001,put
330.0,0.0958904109589041,689.17,0.7578149218750001,put
335.0,0.0958904109589041,689.17,0.7421900781249999,put
340.0,0.0958904109589041,689.17,0.726565234375,put
345.0,0.0958904109589041,689.17,0.710940390625,put
350.0,0.0958904109589041,689.17,0.7148466015625,put
355.0,0.0958904109589041,689.17,0.70312796875,put
360.0,0.0958904109589041,689.17,0.6875031250000001,put
365.0,0.0958904109589041,689.17,0.69336244140625,put
370.0,0.0958904109589041,689.17,0.6796907031250001,put
375.0,0.0958904109589041,689.17,0.6757844921875001,put
380.0,0.0958904109589041,689.17,0.6562534375000001,put
385.0,0.0958904109589041,689.17,0.6445348046875,put
390.0,0.0958904109589041,689.17,0.6347692773437501,put
395.0,0.0958904109589041,689.17,0.6259803027343751,put
400.0,0.0958904109589041,689.17,0.6132851171875001,put
405.0,0.0958904109589041,689.17,0.6074258007812501,put
410.0,0.0958904109589041,689.17,0.5976602734375001,put
415.0,0.0958904109589041,689.17,0.58789474609375,put
420.0,0.0958904109589041,689.17,0.5751995605468749,put
425.0,0.0958904109589041,689.17,0.56836369140625,put
430.0,0.0958904109589041,689.17,0.5556685058593751,put
435.0,0.0958904109589041,689.17,0.5488326367187502,put
440.0,0.0958904109589041,689.17,0.5361374511718751,put
445.0,0.0958904109589041,689.17,0.5283250292968751,put
450.0,0.0958904109589041,689.17,0.5224657128906249,put
455.0,0.0958904109589041,689.17,0.5083056982421875,put
460.0,0.0958904109589041,689.17,0.500005,put
465.0,0.0958904109589041,689.17,0.495122236328125,put
470.0,0.0958904109589041,689.17,0.48633326171875,put
475.0,0.0958904109589041,689.17,0.4770560107421875,put
480.0,0.0958904109589041,689.17,0.46484910156250003,put
485.0,0.0958904109589041,689.17,0.4555718505859375,put
490.0,0.0958904109589041,689.17,0.446294599609375,put
495.0,0.0958904109589041,689.17,0.43945873046875,put
500.0,0.0958904109589041,689.17,0.42969320312500003,put
505.0,0.0958904109589041,689.17,0.41992767578125,put
510.0,0.0958904109589041,689.17,0.41211525390625,put
515.0,0.0958904109589041,689.17,0.4023497265625,put
520.0,0.0958904109589041,689.17,0.3920959228515625,put
525.0,0.0958904109589041,689.17,0.383795224609375,put
530.0,0.0958904109589041,689.17,0.3767152172851562,put
535.0,0.0958904109589041,689.17,0.366217275390625,put
540.0,0.0958904109589041,689.17,0.35742830078125,put
545.0,0.0958904109589041,689.17,0.3493717407226562,put
550.0,0.0958904109589041,689.17,0.34009448974609374,put
555.0,0.0958904109589041,689.17,0.3303289624023437,put
560.0,0.0958904109589041,689.17,0.3217841259765625,put
565.0,0.0958904109589041,689.17,0.31372756591796874,put
570.0,0.0958904109589041,689.17,0.304694453125,put
575.0,0.0958904109589041,689.17,0.2960275476074219,put
580.0,0.0958904109589041,689.17,0.28711650390624993,put
585.0,0.0958904109589041,689.17,0.2788158056640625,put
590.0,0.0958904109589041,689.17,0.2699047619628906,put
595.0,0.0958904109589041,689.17,0.26148199462890626,put
600.0,0.0958904109589041,689.17,0.2525709509277344,put
605.0,0.0958904109589041,689.17,0.2442702526855469,put
610.0,0.0958904109589041,689.17,0.23603058898925777,put
615.0,0.0958904109589041,689.17,0.22809609802246095,put
620.0,0.0958904109589041,689.17,0.22028367614746092,put
625.0,0.0958904109589041,689.17,0.21253228881835937,put
628.0,0.0958904109589041,689.17,0.211372632446289,put
630.0,0.0958904109589041,689.17,0.2048419360351562,put
633.0,0.0958904109589041,689.17,0.20407900421142577,put
635.0,0.0958904109589041,689.17,0.19721261779785154,put
640.0,0.0958904109589041,689.17,0.18964433410644532,put
645.0,0.0958904109589041,689.17,0.18262536132812499,put
650.0,0.0958904109589041,689.17,0.1751181121826172,put
653.0,0.0958904109589041,689.17,0.17551483673095702,put
655.0,0.0958904109589041,689.17,0.1676108630371094,put
660.0,0.0958904109589041,689.17,0.16010361389160155,put
665.0,0.0958904109589041,689.17,0.15274895111083986,put
670.0,0.0958904109589041,689.17,0.14524170196533204,put
675.0,0.0958904109589041,689.17,0.13794807373046875,put
680.0,0.0958904109589041,689.17,0.13053237640380855,put
685.0,0.0958904109589041,689.17,0.12323874816894533,put
690.0,0.0958904109589041,689.17,0.11612822357177735,put
693.0,0.0958904109589041,689.17,0.12394064544677735,put
695.0,0.0958904109589041,689.17,0.11792874267578124,put
700.0,0.0958904109589041,689.17,0.12020227951049803,put
705.0,0.0958904109589041,689.17,0.12589375091552735,put
710.0,0.0958904109589041,689.17,0.1282740982055664,put
715.0,0.0958904109589041,689.17,0.1344385873413086,put
720.0,0.0958904109589041,689.17,0.1438989419555664,put
725.0,0.0958904109589041,689.17,0.15534291931152344,put
730.0,0.0958904109589041,689.17,0.16785500122070315,put
735.0,0.0958904109589041,689.17,0.1804891522216797,put
740.0,0.0958904109589041,689.17,0.3083565258789062,put
745.0,0.0958904109589041,689.17,0.3236151623535155,put
750.0,0.0958904109589041,689.17,0.2172929833984375,put
755.0,0.0958904109589041,689.17,0.2293167889404297,put
775.0,0.0958904109589041,689.17,2.579807017288208,put
780.0,0.0958904109589041,689.17,2.264896915893554,put
800.0,0.0958904109589041,689.17,0.3266668896484375,put
810.0,0.0958904109589041,689.17,0.34656415161132803,put
830.0,0.0958904109589041,689.17,1.4722316427612303,put
840.0,0.0958904109589041,689.17,0.4046080047607422,put
500.0,0.11506849315068493,689.17,0.4067442138671875,put
510.0,0.11506849315068493,689.17,0.3891662646484375,put
515.0,0.11506849315068493,689.17,0.38086556640624997,put
525.0,0.11506849315068493,689.17,0.36255520263671875,put
540.0,0.11506849315068493,689.17,0.3398503515625,put
550.0,0.11506849315068493,689.17,0.3232489550781249,put
555.0,0.11506849315068493,689.17,0.3147041186523437,put
560.0,0.11506849315068493,689.17,0.30689169677734374,put
565.0,0.11506849315068493,689.17,0.29871306762695304,put
570.0,0.11506849315068493,689.17,0.2902903002929687,put
575.0,0.11506849315068493,689.17,0.2823558093261719,put
580.0,0.11506849315068493,689.17,0.2740551110839844,put
590.0,0.11506849315068493,689.17,0.25843026733398444,put
595.0,0.11506849315068493,689.17,0.2507399145507812,put
600.0,0.11506849315068493,689.17,0.243171630859375,put
605.0,0.11506849315068493,689.17,0.23511507080078126,put
610.0,0.11506849315068493,689.17,0.23401644897460935,put
615.0,0.11506849315068493,689.17,0.22089402160644528,put
620.0,0.11506849315068493,689.17,0.2192460888671875,put
625.0,0.11506849315068493,689.17,0.20636779968261715,put
630.0,0.11506849315068493,689.17,0.19934882690429687,put
635.0,0.11506849315068493,689.17,0.19248244049072266,put
640.0,0.11506849315068493,689.17,0.18555501953124998,put
645.0,0.11506849315068493,689.17,0.1785665640258789,put
650.0,0.11506849315068493,689.17,0.1757894921875,put
651.0,0.11506849315068493,689.17,0.17029638305664066,put
652.0,0.11506849315068493,689.17,0.17292086853027344,put
653.0,0.11506849315068493,689.17,0.17151707397460939,put
654.0,0.11506849315068493,689.17,0.170204831237793,put
655.0,0.11506849315068493,689.17,0.16477275665283203,put
656.0,0.11506849315068493,689.17,0.16721413848876954,put
658.0,0.11506849315068493,689.17,0.16434551483154297,put
659.0,0.11506849315068493,689.17,0.16303327209472657,put
660.0,0.11506849315068493,689.17,0.15766223205566404,put
661.0,0.11506849315068493,689.17,0.16007309661865232,put
662.0,0.11506849315068493,689.17,0.15869981933593752,put
663.0,0.11506849315068493,689.17,0.1572655075073242,put
664.0,0.11506849315068493,689.17,0.1557701611328125,put
665.0,0.11506849315068493,689.17,0.1544579183959961,put
666.0,0.11506849315068493,689.17,0.15296257202148442,put
667.0,0.11506849315068493,689.17,0.1514977429199219,put
668.0,0.11506849315068493,689.17,0.15010920700073244,put
669.0,0.11506849315068493,689.17,0.1487511883544922,put
670.0,0.11506849315068493,689.17,0.14505859832763673,put
671.0,0.11506849315068493,689.17,0.1420984228515625,put
672.0,0.11506849315068493,689.17,0.14447877014160154,put
673.0,0.11506849315068493,689.17,0.14302919967651367,put
674.0,0.11506849315068493,689.17,0.141610146484375,put
675.0,0.11506849315068493,689.17,0.13657479644775394,put
676.0,0.11506849315068493,689.17,0.13887885055541993,put
677.0,0.11506849315068493,689.17,0.13741402145385745,put
678.0,0.11506849315068493,689.17,0.13254651641845705,put
679.0,0.11506849315068493,689.17,0.13465220825195315,put
680.0,0.11506849315068493,689.17,0.12964737548828126,put
681.0,0.11506849315068493,689.17,0.12836565002441402,put
682.0,0.11506849315068493,689.17,0.12683978637695312,put
683.0,0.11506849315068493,689.17,0.12543599182128906,put
684.0,0.11506849315068493,689.17,0.12421530090332032,put
685.0,0.11506849315068493,689.17,0.12276573043823241,put
686.0,0.11506849315068493,689.17,0.12268943725585937,put
687.0,0.11506849315068493,689.17,0.12000391723632811,put
688.0,0.11506849315068493,689.17,0.1186764158630371,put
689.0,0.11506849315068493,689.17,0.12123986679077148,put
690.0,0.11506849315068493,689.17,0.1159146026611328,put
691.0,0.11506849315068493,689.17,0.1186916744995117,put
693.0,0.11506849315068493,689.17,0.13111220458984374,put
695.0,0.11506849315068493,689.17,0.12195702270507813,put
696.0,0.11506849315068493,689.17,0.1287318572998047,put
697.0,0.11506849315068493,689.17,0.1277247872924805,put
698.0,0.11506849315068493,689.17,0.1267787518310547,put
700.0,0.11506849315068493,689.17,0.12506978454589845,put
705.0,0.11506849315068493,689.17,0.12265891998291016,put
730.0,0.11506849315068493,689.17,0.15470205657958985,put
750.0,0.11506849315068493,689.17,0.23053747985839845,put
415.0,0.13424657534246576,689.17,0.5302781347656251,put
420.0,0.13424657534246576,689.17,0.5205126074218749,put
425.0,0.13424657534246576,689.17,0.5122119091796875,put
430.0,0.13424657534246576,689.17,0.5024463818359376,put
435.0,0.13424657534246576,689.17,0.500005,put
440.0,0.13424657534246576,689.17,0.48828636718750007,put
445.0,0.13424657534246576,689.17,0.48242705078125003,put
450.0,0.13424657534246576,689.17,0.47119669433593747,put
455.0,0.13424657534246576,689.17,0.46484910156250003,put
460.0,0.13424657534246576,689.17,0.4555718505859375,put
465.0,0.13424657534246576,689.17,0.4467828759765625,put
470.0,0.13424657534246576,689.17,0.43970286865234376,put
475.0,0.13424657534246576,689.17,0.43066975585937506,put
480.0,0.13424657534246576,689.17,0.42310147216796873,put
485.0,0.13424657534246576,689.17,0.414068359375,put
490.0,0.13424657534246576,689.17,0.4062559375,put
495.0,0.13424657534246576,689.17,0.398443515625,put
500.0,0.13424657534246576,689.17,0.39038695556640624,put
505.0,0.13424657534246576,689.17,0.38233039550781245,put
510.0,0.13424657534246576,689.17,0.37402969726562496,put
515.0,0.13424657534246576,689.17,0.36694968994140625,put
520.0,0.13424657534246576,689.17,0.358404853515625,put
525.0,0.13424657534246576,689.17,0.3508365698242187,put
530.0,0.13424657534246576,689.17,0.34400070068359373,put
535.0,0.13424657534246576,689.17,0.335944140625,put
540.0,0.13424657534246576,689.17,0.3286199951171874,put
545.0,0.13424657534246576,689.17,0.3210517114257812,put
550.0,0.13424657534246576,689.17,0.3139717041015625,put
555.0,0.13424657534246576,689.17,0.3060372131347656,put
560.0,0.13424657534246576,689.17,0.2978585839843749,put
565.0,0.13424657534246576,689.17,0.2906565075683593,put
570.0,0.13424657534246576,689.17,0.28321029296874994,put
572.0,0.13424657534246576,689.17,0.2799144274902343,put
573.0,0.13424657534246576,689.17,0.2788158056640625,put
574.0,0.13424657534246576,689.17,0.2771068383789062,put
575.0,0.13424657534246576,689.17,0.2759471820068359,put
576.0,0.13424657534246576,689.17,0.2747875256347656,put
577.0,0.13424657534246576,689.17,0.27259028198242186,put
578.0,0.13424657534246576,689.17,0.2718578674316406,put
579.0,0.13424657534246576,689.17,0.2701489001464844,put
580.0,0.13424657534246576,689.17,0.26843993286132806,put
581.0,0.13424657534246576,689.17,0.26709717285156254,put
582.0,0.13424657534246576,689.17,0.26538820556640624,put
583.0,0.13424657534246576,689.17,0.2640454455566406,put
584.0,0.13424657534246576,689.17,0.2627637200927735,put
585.0,0.13424657534246576,689.17,0.26099371826171874,put
586.0,0.13424657534246576,689.17,0.25965095825195317,put
587.0,0.13424657534246576,689.17,0.2587354400634766,put
588.0,0.13424657534246576,689.17,0.2573316455078125,put
589.0,0.13424657534246576,689.17,0.25592785095214843,put
590.0,0.13424657534246576,689.17,0.2540968145751954,put
591.0,0.13424657534246576,689.17,0.25269302001953126,put
592.0,0.13424657534246576,689.17,0.2512281909179687,put
593.0,0.13424657534246576,689.17,0.25012956909179684,put
594.0,0.13424657534246576,689.17,0.2486647399902344,put
595.0,0.13424657534246576,689.17,0.24677266906738282,put
596.0,0.13424657534246576,689.17,0.2452468054199219,put
597.0,0.13424657534246576,689.17,0.24408714904785156,put
598.0,0.13424657534246576,689.17,0.2425612854003906,put
599.0,0.13424657534246576,689.17,0.2417068017578125,put
600.0,0.13424657534246576,689.17,0.23975369628906246,put
601.0,0.13424657534246576,689.17,0.2436599072265625,put
602.0,0.13424657534246576,689.17,0.2375564526367187,put
603.0,0.13424657534246576,689.17,0.24091335266113278,put
604.0,0.13424657534246576,689.17,0.2342605871582031,put
605.0,0.13424657534246576,689.17,0.2329178271484375,put
606.0,0.13424657534246576,689.17,0.2366409344482422,put
607.0,0.13424657534246576,689.17,0.23053747985839845,put
608.0,0.13424657534246576,689.17,0.2291336853027344,put
609.0,0.13424657534246576,689.17,0.23249058532714845,put
610.0,0.13424657534246576,689.17,0.22620402709960938,put
611.0,0.13424657534246576,689.17,0.2296829962158203,put
612.0,0.13424657534246576,689.17,0.22382367980957027,put
613.0,0.13424657534246576,689.17,0.2270890280151367,put
614.0,0.13424657534246576,689.17,0.2254716125488281,put
615.0,0.13424657534246576,689.17,0.21949022705078125,put
616.0,0.13424657534246576,689.17,0.21845263977050777,put
617.0,0.13424657534246576,689.17,0.2171098797607422,put
618.0,0.13424657534246576,689.17,0.2157060852050781,put
619.0,0.13424657534246576,689.17,0.21430229064941403,put
620.0,0.13424657534246576,689.17,0.21717091430664062,put
621.0,0.13424657534246576,689.17,0.21167780517578122,put
622.0,0.13424657534246576,689.17,0.21021297607421874,put
623.0,0.13424657534246576,689.17,0.20896176788330073,put
624.0,0.13424657534246576,689.17,0.21189142608642575,put
625.0,0.13424657534246576,689.17,0.20636779968261715,put
626.0,0.13424657534246576,689.17,0.20929745788574217,put
627.0,0.13424657534246576,689.17,0.20783262878417966,put
628.0,0.13424657534246576,689.17,0.20658142059326168,put
629.0,0.13424657534246576,689.17,0.20096624237060545,put
630.0,0.13424657534246576,689.17,0.1997150341796875,put
631.0,0.13424657534246576,689.17,0.20237003692626948,put
632.0,0.13424657534246576,689.17,0.19727365234375,put
633.0,0.13424657534246576,689.17,0.19654123779296873,put
634.0,0.13424657534246576,689.17,0.19849434326171872,put
635.0,0.13424657534246576,689.17,0.1930622686767578,put
636.0,0.13424657534246576,689.17,0.19181106048583985,put
637.0,0.13424657534246576,689.17,0.19428295959472658,put
638.0,0.13424657534246576,689.17,0.18875933319091798,put
639.0,0.13424657534246576,689.17,0.18756915954589842,put
640.0,0.13424657534246576,689.17,0.1902851968383789,put
641.0,0.13424657534246576,689.17,0.18894243682861328,put
642.0,0.13424657534246576,689.17,0.18354087951660153,put
643.0,0.13424657534246576,689.17,0.18253380950927733,put
644.0,0.13424657534246576,689.17,0.18131311859130855,put
645.0,0.13424657534246576,689.17,0.18366294860839844,put
646.0,0.13424657534246576,689.17,0.1783834603881836,put
647.0,0.13424657534246576,689.17,0.1771627694702148,put
648.0,0.13424657534246576,689.17,0.17954311676025392,put
649.0,0.13424657534246576,689.17,0.1775594940185547,put
650.0,0.13424657534246576,689.17,0.17325655853271482,put
651.0,0.13424657534246576,689.17,0.1756063885498047,put
652.0,0.13424657534246576,689.17,0.1735312139892578,put
653.0,0.13424657534246576,689.17,0.172157936706543,put
654.0,0.13424657534246576,689.17,0.16800758758544926,put
655.0,0.13424657534246576,689.17,0.16669534484863285,put
656.0,0.13424657534246576,689.17,0.1681143980407715,put
657.0,0.13424657534246576,689.17,0.16748879394531252,put
658.0,0.13424657534246576,689.17,0.16274335800170897,put
659.0,0.13424657534246576,689.17,0.16162947753906248,put
660.0,0.13424657534246576,689.17,0.16043930389404298,put
661.0,0.13424657534246576,689.17,0.15894395751953128,put
662.0,0.13424657534246576,689.17,0.15943223388671873,put
663.0,0.13424657534246576,689.17,0.15628895477294924,put
664.0,0.13424657534246576,689.17,0.15500722930908206,put
665.0,0.13424657534246576,689.17,0.15667042068481446,put
666.0,0.13424657534246576,689.17,0.15219964019775395,put
667.0,0.13424657534246576,689.17,0.15403067657470704,put
668.0,0.13424657534246576,689.17,0.1495141201782227,put
669.0,0.13424657534246576,689.17,0.14801877380371098,put
670.0,0.13424657534246576,689.17,0.14688963470458982,put
671.0,0.13424657534246576,689.17,0.1453637710571289,put
672.0,0.13424657534246576,689.17,0.1440820455932617,put
673.0,0.13424657534246576,689.17,0.14273928558349608,put
674.0,0.13424657534246576,689.17,0.14153385330200197,put
675.0,0.13424657534246576,689.17,0.14002324829101562,put
676.0,0.13424657534246576,689.17,0.13875678146362308,put
677.0,0.13424657534246576,689.17,0.1372919523620606,put
678.0,0.13424657534246576,689.17,0.1360560028076172,put
679.0,0.13424657534246576,689.17,0.1347437600708008,put
680.0,0.13424657534246576,689.17,0.1333247068786621,put
681.0,0.13424657534246576,689.17,0.13192091232299807,put
682.0,0.13424657534246576,689.17,0.13080703186035153,put
683.0,0.13424657534246576,689.17,0.12931168548583982,put
684.0,0.13424657534246576,689.17,0.1279078909301758,put
685.0,0.13424657534246576,689.17,0.12996780685424802,put
686.0,0.13424657534246576,689.17,0.12526814682006837,put
687.0,0.13424657534246576,689.17,0.12392538681030274,put
688.0,0.13424657534246576,689.17,0.12265891998291016,put
689.0,0.13424657534246576,689.17,0.12137719451904297,put
690.0,0.13424657534246576,689.17,0.12362021408081056,put
691.0,0.13424657534246576,689.17,0.12227745407104493,put
692.0,0.13424657534246576,689.17,0.1211177976989746,put
693.0,0.13424657534246576,689.17,0.13442332870483398,put
694.0,0.13424657534246576,689.17,0.13323315505981442,put
695.0,0.13424657534246576,689.17,0.11640287902832032,put
696.0,0.13424657534246576,689.17,0.1308985836791992,put
697.0,0.13424657534246576,689.17,0.12983047912597656,put
698.0,0.13424657534246576,689.17,0.1287318572998047,put
699.0,0.13424657534246576,689.17,0.12781633911132811,put
700.0,0.13424657534246576,689.17,0.12687030364990232,put
701.0,0.13424657534246576,689.17,0.12589375091552735,put
702.0,0.13424657534246576,689.17,0.12506978454589845,put
703.0,0.13424657534246576,689.17,0.1243373699951172,put
704.0,0.13424657534246576,689.17,0.12368124862670898,put
705.0,0.13424657534246576,689.17,0.12299460998535157,put
706.0,0.13424657534246576,689.17,0.11493804992675781,put
707.0,0.13424657534246576,689.17,0.12209435043334962,put
708.0,0.13424657534246576,689.17,0.12177391906738282,put
709.0,0.13424657534246576,689.17,0.12157555679321289,put
710.0,0.13424657534246576,689.17,0.12136193588256836,put
712.0,0.13424657534246576,689.17,0.20325503784179685,put
713.0,0.13424657534246576,689.17,0.12171288452148438,put
714.0,0.13424657534246576,689.17,0.12214012634277345,put
715.0,0.13424657534246576,689.17,0.12250633361816407,put
717.0,0.13424657534246576,689.17,0.12386435226440429,put
719.0,0.13424657534246576,689.17,0.1257716818237305,put
720.0,0.13424657534246576,689.17,0.12683978637695312,put
722.0,0.13424657534246576,689.17,0.12952530639648438,put
725.0,0.13424657534246576,689.17,0.13413341461181644,put
727.0,0.13424657534246576,689.17,0.13770393554687502,put
728.0,0.13424657534246576,689.17,0.13956548919677736,put
730.0,0.13424657534246576,689.17,0.14331911376953127,put
731.0,0.13424657534246576,689.17,0.14527221923828126,put
733.0,0.13424657534246576,689.17,0.1492394647216797,put
740.0,0.13424657534246576,689.17,0.16376568664550784,put
750.0,0.13424657534246576,689.17,0.1844563977050781,put
755.0,0.13424657534246576,689.17,0.19443554595947266,put
790.0,0.13424657534246576,689.17,0.6897461445617679,put
335.0,0.1917808219178082,689.17,0.6035195898437502,put
340.0,0.1917808219178082,689.17,0.596683720703125,put
345.0,0.1917808219178082,689.17,0.584965087890625,put
350.0,0.1917808219178082,689.17,0.5776409423828125,put
355.0,0.1917808219178082,689.17,0.570316796875,put
360.0,0.1917808219178082,689.17,0.5625043750000001,put
365.0,0.1917808219178082,689.17,0.5546919531250001,put
370.0,0.1917808219178082,689.17,0.5468795312500001,put
375.0,0.1917808219178082,689.17,0.5390671093750001,put
380.0,0.1917808219178082,689.17,0.5312546875,put
385.0,0.1917808219178082,689.17,0.5229539892578124,put
390.0,0.1917808219178082,689.17,0.5151415673828125,put
395.0,0.1917808219178082,689.17,0.5083056982421875,put
400.0,0.1917808219178082,689.17,0.5009815527343751,put
405.0,0.1917808219178082,689.17,0.49487809814453126,put
410.0,0.1917808219178082,689.17,0.48828636718750007,put
415.0,0.1917808219178082,689.17,0.47998566894531247,put
420.0,0.1917808219178082,689.17,0.4731497998046875,put
425.0,0.1917808219178082,689.17,0.46484910156250003,put
430.0,0.1917808219178082,689.17,0.4594780615234375,put
435.0,0.1917808219178082,689.17,0.45215391601562505,put
440.0,0.1917808219178082,689.17,0.44360907958984375,put
445.0,0.1917808219178082,689.17,0.4348201049804688,put
450.0,0.1917808219178082,689.17,0.42896078857421877,put
455.0,0.1917808219178082,689.17,0.42139250488281255,put
460.0,0.1917808219178082,689.17,0.415044912109375,put
465.0,0.1917808219178082,689.17,0.4062559375,put
470.0,0.1917808219178082,689.17,0.40064075927734377,put
475.0,0.1917808219178082,689.17,0.3939269592285156,put
480.0,0.1917808219178082,689.17,0.3859924682617187,put
485.0,0.1917808219178082,689.17,0.3790345300292969,put
490.0,0.1917808219178082,689.17,0.37183245361328127,put
495.0,0.1917808219178082,689.17,0.36463037719726565,put
500.0,0.1917808219178082,689.17,0.3587710607910156,put
505.0,0.1917808219178082,689.17,0.3513248461914062,put
510.0,0.1917808219178082,689.17,0.3443669079589844,put
515.0,0.1917808219178082,689.17,0.33801931518554684,put
520.0,0.1917808219178082,689.17,0.33081723876953123,put
525.0,0.1917808219178082,689.17,0.324103438720703,put
530.0,0.1917808219178082,689.17,0.3177558459472656,put
535.0,0.1917808219178082,689.17,0.3112251495361328,put
540.0,0.1917808219178082,689.17,0.30445031494140623,put
545.0,0.1917808219178082,689.17,0.2980416876220703,put
550.0,0.1917808219178082,689.17,0.29175512939453113,put
555.0,0.1917808219178082,689.17,0.2849192602539062,put
560.0,0.1917808219178082,689.17,0.27857166748046874,put
565.0,0.1917808219178082,689.17,0.27197993652343744,put
570.0,0.1917808219178082,689.17,0.26587648193359376,put
575.0,0.1917808219178082,689.17,0.25977302734375,put
580.0,0.1917808219178082,689.17,0.2536085382080079,put
585.0,0.1917808219178082,689.17,0.24768818725585937,put
590.0,0.1917808219178082,689.17,0.24597921997070313,put
595.0,0.1917808219178082,689.17,0.23603058898925777,put
600.0,0.1917808219178082,689.17,0.22992713439941403,put
605.0,0.1917808219178082,689.17,0.22715006256103515,put
610.0,0.1917808219178082,689.17,0.21808643249511717,put
615.0,0.1917808219178082,689.17,0.21186090881347652,put
620.0,0.1917808219178082,689.17,0.20633728240966792,put
625.0,0.1917808219178082,689.17,0.2000812414550781,put
630.0,0.1917808219178082,689.17,0.1943134768676758,put
635.0,0.1917808219178082,689.17,0.18845416046142577,put
640.0,0.1917808219178082,689.17,0.1825948440551758,put
645.0,0.1917808219178082,689.17,0.1769491485595703,put
650.0,0.1917808219178082,689.17,0.17105931488037113,put
655.0,0.1917808219178082,689.17,0.1651694812011719,put
660.0,0.1917808219178082,689.17,0.15892869888305666,put
665.0,0.1917808219178082,689.17,0.15313041702270513,put
670.0,0.1917808219178082,689.17,0.14707273834228518,put
675.0,0.1917808219178082,689.17,0.14104557693481445,put
680.0,0.1917808219178082,689.17,0.13501841552734378,put
685.0,0.1917808219178082,689.17,0.12915909912109375,put
690.0,0.1917808219178082,689.17,0.12296409271240236,put
695.0,0.1917808219178082,689.17,0.12006495178222655,put
700.0,0.1917808219178082,689.17,0.12476461181640625,put
705.0,0.1917808219178082,689.17,0.12207909179687501,put
710.0,0.1917808219178082,689.17,0.11846279495239259,put
715.0,0.1917808219178082,689.17,0.11626555130004884,put
720.0,0.1917808219178082,689.17,0.11618925811767578,put
725.0,0.1917808219178082,689.17,0.11853908813476563,put
730.0,0.1917808219178082,689.17,0.12345236907958985,put
735.0,0.1917808219178082,689.17,0.1304103073120117,put
740.0,0.1917808219178082,689.17,0.13843635009765626,put
750.0,0.1917808219178082,689.17,0.15519033294677737,put
760.0,0.1917808219178082,689.17,0.38266608551025383,put
765.0,0.1917808219178082,689.17,0.1798788067626953,put
780.0,0.1917808219178082,689.17,0.36888753677368163,put
420.0,0.21095890410958903,689.17,0.4626518579101563,put
425.0,0.21095890410958903,689.17,0.454107021484375,put
430.0,0.21095890410958903,689.17,0.44824770507812495,put
435.0,0.21095890410958903,689.17,0.4409235595703125,put
440.0,0.21095890410958903,689.17,0.4335994140625,put
445.0,0.21095890410958903,689.17,0.4272518212890626,put
450.0,0.21095890410958903,689.17,0.41968353759765625,put
455.0,0.21095890410958903,689.17,0.41309180664062495,put
460.0,0.21095890410958903,689.17,0.4054014538574219,put
465.0,0.21095890410958903,689.17,0.3986876538085938,put
470.0,0.21095890410958903,689.17,0.39258419921875,put
475.0,0.21095890410958903,689.17,0.385626260986328,put
480.0,0.21095890410958903,689.17,0.37854625366210937,put
485.0,0.21095890410958903,689.17,0.372076591796875,put
490.0,0.21095890410958903,689.17,0.3654848608398438,put
495.0,0.21095890410958903,689.17,0.3587710607910156,put
500.0,0.21095890410958903,689.17,0.35193519165039056,put
505.0,0.21095890410958903,689.17,0.3455875988769531,put
510.0,0.21095890410958903,689.17,0.33850759155273435,put
515.0,0.21095890410958903,689.17,0.3324041369628906,put
520.0,0.21095890410958903,689.17,0.32556826782226556,put
525.0,0.21095890410958903,689.17,0.31915964050292955,put
530.0,0.21095890410958903,689.17,0.3129951513671875,put
535.0,0.21095890410958903,689.17,0.3067085931396484,put
540.0,0.21095890410958903,689.17,0.3001778967285156,put
545.0,0.21095890410958903,689.17,0.2938913385009765,put
550.0,0.21095890410958903,689.17,0.2877268493652343,put
555.0,0.21095890410958903,689.17,0.28137925659179686,put
560.0,0.21095890410958903,689.17,0.27545890563964837,put
565.0,0.21095890410958903,689.17,0.26929441650390623,put
570.0,0.21095890410958903,689.17,0.2631604446411133,put
575.0,0.21095890410958903,689.17,0.26215337463378907,put
580.0,0.21095890410958903,689.17,0.25189957092285153,put
581.0,0.21095890410958903,689.17,0.25095353546142574,put
582.0,0.21095890410958903,689.17,0.2536695727539063,put
583.0,0.21095890410958903,689.17,0.24848163635253906,put
584.0,0.21095890410958903,689.17,0.2512892254638671,put
585.0,0.21095890410958903,689.17,0.24616232360839846,put
586.0,0.21095890410958903,689.17,0.245124736328125,put
587.0,0.21095890410958903,689.17,0.24378197631835938,put
588.0,0.21095890410958903,689.17,0.2427138717651367,put
589.0,0.21095890410958903,689.17,0.24161524993896483,put
590.0,0.21095890410958903,689.17,0.2442702526855469,put
591.0,0.21095890410958903,689.17,0.2391433508300781,put
592.0,0.21095890410958903,689.17,0.23798369445800777,put
593.0,0.21095890410958903,689.17,0.24069973175048825,put
594.0,0.21095890410958903,689.17,0.23944852355957028,put
595.0,0.21095890410958903,689.17,0.23844145355224605,put
596.0,0.21095890410958903,689.17,0.23346713806152342,put
597.0,0.21095890410958903,689.17,0.23609162353515623,put
598.0,0.21095890410958903,689.17,0.23099523895263674,put
599.0,0.21095890410958903,689.17,0.22992713439941403,put
600.0,0.21095890410958903,689.17,0.22846230529785155,put
601.0,0.21095890410958903,689.17,0.2275773043823242,put
602.0,0.21095890410958903,689.17,0.2264481652832031,put
603.0,0.21095890410958903,689.17,0.22534954345703123,put
604.0,0.21095890410958903,689.17,0.2241898870849609,put
605.0,0.21095890410958903,689.17,0.2230302307128906,put
606.0,0.21095890410958903,689.17,0.22184005706787108,put
607.0,0.21095890410958903,689.17,0.22083298706054685,put
608.0,0.21095890410958903,689.17,0.22315229980468748,put
609.0,0.21095890410958903,689.17,0.22205367797851558,put
610.0,0.21095890410958903,689.17,0.2209245388793945,put
611.0,0.21095890410958903,689.17,0.2197953997802734,put
612.0,0.21095890410958903,689.17,0.2186357434082031,put
613.0,0.21095890410958903,689.17,0.21744556976318358,put
614.0,0.21095890410958903,689.17,0.21625539611816402,put
615.0,0.21095890410958903,689.17,0.21143366699218746,put
616.0,0.21095890410958903,689.17,0.21393608337402342,put
617.0,0.21095890410958903,689.17,0.21283746154785155,put
618.0,0.21095890410958903,689.17,0.21155573608398434,put
619.0,0.21095890410958903,689.17,0.21042659698486327,put
620.0,0.21095890410958903,689.17,0.20850400878906244,put
621.0,0.21095890410958903,689.17,0.20475038421630853,put
622.0,0.21095890410958903,689.17,0.20700866241455074,put
623.0,0.21095890410958903,689.17,0.2026752096557617,put
624.0,0.21095890410958903,689.17,0.2046588323974609,put
625.0,0.21095890410958903,689.17,0.2035296932983398,put
626.0,0.21095890410958903,689.17,0.19925727508544921,put
627.0,0.21095890410958903,689.17,0.1981281359863281,put
628.0,0.21095890410958903,689.17,0.1968158932495117,put
629.0,0.21095890410958903,689.17,0.19904365417480469,put
630.0,0.21095890410958903,689.17,0.1945576150512695,put
631.0,0.21095890410958903,689.17,0.1966327896118164,put
632.0,0.21095890410958903,689.17,0.19245192321777344,put
633.0,0.21095890410958903,689.17,0.19130752548217772,put
634.0,0.21095890410958903,689.17,0.19319959640502932,put
635.0,0.21095890410958903,689.17,0.19208571594238283,put
636.0,0.21095890410958903,689.17,0.19094131820678711,put
637.0,0.21095890410958903,689.17,0.18976640319824223,put
638.0,0.21095890410958903,689.17,0.18857622955322267,put
639.0,0.21095890410958903,689.17,0.1874776077270508,put
640.0,0.21095890410958903,689.17,0.1834798449707031,put
641.0,0.21095890410958903,689.17,0.18517355361938476,put
642.0,0.21095890410958903,689.17,0.18396812133789062,put
643.0,0.21095890410958903,689.17,0.18012294494628905,put
644.0,0.21095890410958903,689.17,0.1789022540283203,put
645.0,0.21095890410958903,689.17,0.17777311492919923,put
646.0,0.21095890410958903,689.17,0.17937527175903317,put
647.0,0.21095890410958903,689.17,0.17551483673095702,put
648.0,0.21095890410958903,689.17,0.17699492446899412,put
649.0,0.21095890410958903,689.17,0.17591156127929689,put
650.0,0.21095890410958903,689.17,0.1718527639770508,put
651.0,0.21095890410958903,689.17,0.17115086669921875,put
652.0,0.21095890410958903,689.17,0.16968603759765627,put
653.0,0.21095890410958903,689.17,0.17127293579101563,put
654.0,0.21095890410958903,689.17,0.1700217276000977,put
655.0,0.21095890410958903,689.17,0.16623758575439457,put
656.0,0.21095890410958903,689.17,0.16773293212890628,put
657.0,0.21095890410958903,689.17,0.166573275756836,put
658.0,0.21095890410958903,689.17,0.16538310211181645,put
659.0,0.21095890410958903,689.17,0.16155318435668942,put
660.0,0.21095890410958903,689.17,0.16031723480224608,put
661.0,0.21095890410958903,689.17,0.1619499089050293,put
662.0,0.21095890410958903,689.17,0.15808947387695313,put
663.0,0.21095890410958903,689.17,0.1568993002319336,put
664.0,0.21095890410958903,689.17,0.15567860931396482,put
665.0,0.21095890410958903,689.17,0.1544274011230469,put
666.0,0.21095890410958903,689.17,0.15599904067993164,put
667.0,0.21095890410958903,689.17,0.15223015747070315,put
668.0,0.21095890410958903,689.17,0.15100946655273442,put
669.0,0.21095890410958903,689.17,0.14975825836181644,put
670.0,0.21095890410958903,689.17,0.14861386062622073,put
671.0,0.21095890410958903,689.17,0.1474389456176758,put
672.0,0.21095890410958903,689.17,0.1463708410644531,put
673.0,0.21095890410958903,689.17,0.14518066741943358,put
674.0,0.21095890410958903,689.17,0.1451959260559082,put
675.0,0.21095890410958903,689.17,0.14270876831054688,put
676.0,0.21095890410958903,689.17,0.144265149230957,put
677.0,0.21095890410958903,689.17,0.14028264511108396,put
678.0,0.21095890410958903,689.17,0.14183902603149412,put
679.0,0.21095890410958903,689.17,0.1407251455688477,put
680.0,0.21095890410958903,689.17,0.1368494519042969,put
681.0,0.21095890410958903,689.17,0.15059748336791995,put
682.0,0.21095890410958903,689.17,0.1368189346313477,put
683.0,0.21095890410958903,689.17,0.13665108963012695,put
684.0,0.21095890410958903,689.17,0.13417919052124022,put
685.0,0.21095890410958903,689.17,0.1326838441467285,put
686.0,0.21095890410958903,689.17,0.14432618377685547,put
687.0,0.21095890410958903,689.17,0.1430749755859375,put
688.0,0.21095890410958903,689.17,0.14190006057739257,put
689.0,0.21095890410958903,689.17,0.12813677047729488,put
690.0,0.21095890410958903,689.17,0.13691048645019532,put
691.0,0.21095890410958903,689.17,0.13822272918701173,put
692.0,0.21095890410958903,689.17,0.137002038269043,put
693.0,0.21095890410958903,689.17,0.13588815780639651,put
694.0,0.21095890410958903,689.17,0.13468272552490235,put
695.0,0.21095890410958903,689.17,0.1334925518798828,put
697.0,0.21095890410958903,689.17,0.13132582550048827,put
698.0,0.21095890410958903,689.17,0.13021194503784178,put
700.0,0.21095890410958903,689.17,0.12795366683959958,put
705.0,0.21095890410958903,689.17,0.12308616180419923,put
710.0,0.21095890410958903,689.17,0.11890529541015624,put
712.0,0.21095890410958903,689.17,0.11754727676391602,put
715.0,0.21095890410958903,689.17,0.11597563720703125,put
720.0,0.21095890410958903,689.17,0.11460235992431642,put
722.0,0.21095890410958903,689.17,0.11460235992431642,put
723.0,0.21095890410958903,689.17,0.11481598083496095,put
725.0,0.21095890410958903,689.17,0.11542632629394532,put
727.0,0.21095890410958903,689.17,0.11664701721191406,put
730.0,0.21095890410958903,689.17,0.11899684722900389,put
735.0,0.21095890410958903,689.17,0.12473409454345702,put
740.0,0.21095890410958903,689.17,0.1319361709594727,put
750.0,0.21095890410958903,689.17,0.14777463562011722,put
760.0,0.21095890410958903,689.17,0.16358258300781253,put
780.0,0.21095890410958903,689.17,0.19361157958984376,put
785.0,0.21095890410958903,689.17,0.20075262145996092,put
790.0,0.21095890410958903,689.17,0.552662554473877,put
245.0,0.2684931506849315,689.17,0.70117486328125,put
250.0,0.2684931506849315,689.17,0.6875031250000001,put
255.0,0.2684931506849315,689.17,0.6806672558593752,put
260.0,0.2684931506849315,689.17,0.6738313867187502,put
265.0,0.2684931506849315,689.17,0.6660189648437502,put
270.0,0.2684931506849315,689.17,0.6543003320312502,put
275.0,0.2684931506849315,689.17,0.64648791015625,put
280.0,0.2684931506849315,689.17,0.63867548828125,put
285.0,0.2684931506849315,689.17,0.6313513427734375,put
290.0,0.2684931506849315,689.17,0.6235389208984375,put
295.0,0.2684931506849315,689.17,0.6152382226562501,put
300.0,0.2684931506849315,689.17,0.6108437353515627,put
305.0,0.2684931506849315,689.17,0.5996133789062501,put
310.0,0.2684931506849315,689.17,0.5913126806640626,put
315.0,0.2684931506849315,689.17,0.5844768115234374,put
320.0,0.2684931506849315,689.17,0.5776409423828125,put
325.0,0.2684931506849315,689.17,0.569340244140625,put
330.0,0.2684931506849315,689.17,0.5610395458984375,put
335.0,0.2684931506849315,689.17,0.5551802294921876,put
340.0,0.2684931506849315,689.17,0.5468795312500001,put
345.0,0.2684931506849315,689.17,0.5405319384765627,put
350.0,0.2684931506849315,689.17,0.5319871020507813,put
355.0,0.2684931506849315,689.17,0.52539537109375,put
360.0,0.2684931506849315,689.17,0.5190477783203125,put
365.0,0.2684931506849315,689.17,0.5112353564453125,put
370.0,0.2684931506849315,689.17,0.5036670727539063,put
375.0,0.2684931506849315,689.17,0.4982960327148438,put
380.0,0.2684931506849315,689.17,0.49121602539062503,put
385.0,0.2684931506849315,689.17,0.48560084716796875,put
390.0,0.2684931506849315,689.17,0.47827670166015623,put
395.0,0.2684931506849315,689.17,0.47095255615234377,put
400.0,0.2684931506849315,689.17,0.46484910156250003,put
405.0,0.2684931506849315,689.17,0.45752495605468757,put
410.0,0.2684931506849315,689.17,0.450200810546875,put
415.0,0.2684931506849315,689.17,0.44482977050781247,put
420.0,0.2684931506849315,689.17,0.43726148681640625,put
425.0,0.2684931506849315,689.17,0.43066975585937506,put
430.0,0.2684931506849315,689.17,0.4249325085449219,put
435.0,0.2684931506849315,689.17,0.41809663940429687,put
440.0,0.2684931506849315,689.17,0.4112607702636719,put
445.0,0.2684931506849315,689.17,0.4058897302246094,put
450.0,0.2684931506849315,689.17,0.39893179199218753,put
455.0,0.2684931506849315,689.17,0.3924621301269531,put
460.0,0.2684931506849315,689.17,0.38672488281249995,put
465.0,0.2684931506849315,689.17,0.3795228063964844,put
470.0,0.2684931506849315,689.17,0.373480386352539,put
475.0,0.2684931506849315,689.17,0.3673158972167969,put
480.0,0.2684931506849315,689.17,0.3610903735351562,put
485.0,0.2684931506849315,689.17,0.35468174621582027,put
490.0,0.2684931506849315,689.17,0.34918863708496095,put
495.0,0.2684931506849315,689.17,0.3425969061279296,put
500.0,0.2684931506849315,689.17,0.3363103479003906,put
505.0,0.2684931506849315,689.17,0.33081723876953123,put
510.0,0.2684931506849315,689.17,0.32434757690429683,put
515.0,0.2684931506849315,689.17,0.31854929504394525,put
520.0,0.2684931506849315,689.17,0.3125679095458984,put
525.0,0.2684931506849315,689.17,0.30676962768554683,put
530.0,0.2684931506849315,689.17,0.3011544494628906,put
535.0,0.2684931506849315,689.17,0.295356167602539,put
540.0,0.2684931506849315,689.17,0.28967995483398434,put
545.0,0.2684931506849315,689.17,0.284064776611328,put
550.0,0.2684931506849315,689.17,0.27851063293457035,put
555.0,0.2684931506849315,689.17,0.2735058001708984,put
560.0,0.2684931506849315,689.17,0.27188838470458976,put
565.0,0.2684931506849315,689.17,0.2624280300903321,put
570.0,0.2684931506849315,689.17,0.2570569900512696,put
575.0,0.2684931506849315,689.17,0.2555616436767578,put
580.0,0.2684931506849315,689.17,0.2461012890625,put
585.0,0.2684931506849315,689.17,0.24085231811523436,put
590.0,0.2684931506849315,689.17,0.23596955444335935,put
595.0,0.2684931506849315,689.17,0.23035437622070312,put
600.0,0.2684931506849315,689.17,0.22522747436523435,put
605.0,0.2684931506849315,689.17,0.220436262512207,put
610.0,0.2684931506849315,689.17,0.21506522247314452,put
615.0,0.2684931506849315,689.17,0.20993832061767576,put
620.0,0.2684931506849315,689.17,0.20619995468139646,put
625.0,0.2684931506849315,689.17,0.19991339645385742,put
630.0,0.2684931506849315,689.17,0.19477123596191404,put
635.0,0.2684931506849315,689.17,0.19196364685058598,put
640.0,0.2684931506849315,689.17,0.1841054490661621,put
645.0,0.2684931506849315,689.17,0.1788717367553711,put
650.0,0.2684931506849315,689.17,0.1736380244445801,put
655.0,0.2684931506849315,689.17,0.16832801895141608,put
660.0,0.2684931506849315,689.17,0.16294172027587894,put
665.0,0.2684931506849315,689.17,0.15810473251342771,put
670.0,0.2684931506849315,689.17,0.1519860192871094,put
675.0,0.2684931506849315,689.17,0.1465081687927246,put
680.0,0.2684931506849315,689.17,0.14099980102539064,put
685.0,0.2684931506849315,689.17,0.13530832962036138,put
690.0,0.2684931506849315,689.17,0.12972366867065427,put
695.0,0.2684931506849315,689.17,0.12412374908447266,put
700.0,0.2684931506849315,689.17,0.12117883224487305,put
705.0,0.2684931506849315,689.17,0.12651935501098632,put
710.0,0.2684931506849315,689.17,0.12181969497680664,put
715.0,0.2684931506849315,689.17,0.11771512176513671,put
720.0,0.2684931506849315,689.17,0.11451080810546876,put
725.0,0.2684931506849315,689.17,0.11274080627441406,put
730.0,0.2684931506849315,689.17,0.11269503036499023,put
735.0,0.2684931506849315,689.17,0.11493804992675781,put
740.0,0.2684931506849315,689.17,0.11939357177734375,put
745.0,0.2684931506849315,689.17,0.1253139227294922,put
750.0,0.2684931506849315,689.17,0.1319361709594727,put
755.0,0.2684931506849315,689.17,0.1387720401000977,put
770.0,0.2684931506849315,689.17,0.15894395751953128,put
800.0,0.2684931506849315,689.17,0.19702951416015624,put
805.0,0.2684931506849315,689.17,0.2029803823852539,put
810.0,0.2684931506849315,689.17,0.30322962402343745,put
830.0,0.2684931506849315,689.17,0.9104012866210938,put
840.0,0.2684931506849315,689.17,1.0000000000000003e-05,put
845.0,0.2684931506849315,689.17,0.5127154441833495,put
850.0,0.2684931506849315,689.17,0.5062152650451661,put
345.0,0.29863013698630136,689.17,0.52539537109375,put
350.0,0.29863013698630136,689.17,0.5185595019531251,put
355.0,0.29863013698630136,689.17,0.5117236328125,put
360.0,0.29863013698630136,689.17,0.5046436254882812,put
365.0,0.29863013698630136,689.17,0.499028447265625,put
370.0,0.29863013698630136,689.17,0.49170430175781255,put
375.0,0.29863013698630136,689.17,0.4870656762695313,put
380.0,0.29863013698630136,689.17,0.47852083984375,put
385.0,0.29863013698630136,689.17,0.47241738525390625,put
390.0,0.29863013698630136,689.17,0.4650932397460938,put
395.0,0.29863013698630136,689.17,0.4587456469726563,put
400.0,0.29863013698630136,689.17,0.4523980541992188,put
405.0,0.29863013698630136,689.17,0.4467828759765625,put
410.0,0.29863013698630136,689.17,0.43921459228515625,put
415.0,0.29863013698630136,689.17,0.432622861328125,put
420.0,0.29863013698630136,689.17,0.42676354492187507,put
425.0,0.29863013698630136,689.17,0.42078215942382813,put
430.0,0.29863013698630136,689.17,0.41309180664062495,put
435.0,0.29863013698630136,689.17,0.40698835205078127,put
440.0,0.29863013698630136,689.17,0.4007628283691406,put
445.0,0.29863013698630136,689.17,0.39441523559570313,put
450.0,0.29863013698630136,689.17,0.38867798828125,put
455.0,0.29863013698630136,689.17,0.38269660278320305,put
460.0,0.29863013698630136,689.17,0.37616590637207037,put
465.0,0.29863013698630136,689.17,0.3706117626953125,put
470.0,0.29863013698630136,689.17,0.36389796264648444,put
475.0,0.29863013698630136,689.17,0.3580386462402344,put
480.0,0.29863013698630136,689.17,0.3526676062011719,put
485.0,0.29863013698630136,689.17,0.34613690979003897,put
490.0,0.29863013698630136,689.17,0.3404606970214844,put
495.0,0.29863013698630136,689.17,0.33460138061523437,put
500.0,0.29863013698630136,689.17,0.3290472369384765,put
504.0,0.29863013698630136,689.17,0.32398136962890617,put
505.0,0.29863013698630136,689.17,0.32294378234863275,put
506.0,0.29863013698630136,689.17,0.3219061950683593,put
507.0,0.29863013698630136,689.17,0.3205634350585937,put
508.0,0.29863013698630136,689.17,0.3198920550537109,put
509.0,0.29863013698630136,689.17,0.3184882604980468,put
510.0,0.29863013698630136,689.17,0.3170844659423828,put
511.0,0.29863013698630136,689.17,0.31641308593749995,put
512.0,0.29863013698630136,689.17,0.315314464111328,put
513.0,0.29863013698630136,689.17,0.3139717041015625,put
514.0,0.29863013698630136,689.17,0.31250687499999996,put
515.0,0.29863013698630136,689.17,0.3114692877197265,put
516.0,0.29863013698630136,689.17,0.31037066589355466,put
517.0,0.29863013698630136,689.17,0.30963825134277345,put
518.0,0.29863013698630136,689.17,0.30823445678710937,put
519.0,0.29863013698630136,689.17,0.307074800415039,put
520.0,0.29863013698630136,689.17,0.30597617858886716,put
521.0,0.29863013698630136,689.17,0.30487755676269535,put
522.0,0.29863013698630136,689.17,0.3037789349365234,put
523.0,0.29863013698630136,689.17,0.3029244512939453,put
524.0,0.29863013698630136,689.17,0.30152065673828127,put
525.0,0.29863013698630136,689.17,0.30036100036621094,put
526.0,0.29863013698630136,689.17,0.2995065167236328,put
527.0,0.29863013698630136,689.17,0.2980416876220703,put
528.0,0.29863013698630136,689.17,0.29718720397949216,put
529.0,0.29863013698630136,689.17,0.2960275476074219,put
530.0,0.29863013698630136,689.17,0.2948678912353515,put
531.0,0.29863013698630136,689.17,0.29395237304687494,put
532.0,0.29863013698630136,689.17,0.2927621994018553,put
533.0,0.29863013698630136,689.17,0.29157202575683583,put
534.0,0.29863013698630136,689.17,0.2903513348388671,put
535.0,0.29863013698630136,689.17,0.28971047210693357,put
536.0,0.29863013698630136,689.17,0.2882151257324218,put
537.0,0.29863013698630136,689.17,0.3213263668823242,put
538.0,0.29863013698630136,689.17,0.3198310205078124,put
539.0,0.29863013698630136,689.17,0.2853465020751953,put
540.0,0.29863013698630136,689.17,0.28412581115722646,put
541.0,0.29863013698630136,689.17,0.2831187411499023,put
542.0,0.29863013698630136,689.17,0.28211167114257807,put
543.0,0.29863013698630136,689.17,0.31473463592529294,put
544.0,0.29863013698630136,689.17,0.27985339294433587,put
545.0,0.29863013698630136,689.17,0.27857166748046874,put
546.0,0.29863013698630136,689.17,0.27802235656738283,put
547.0,0.29863013698630136,689.17,0.28116563568115227,put
548.0,0.29863013698630136,689.17,0.2757030438232422,put
549.0,0.29863013698630136,689.17,0.27893787475585935,put
550.0,0.29863013698630136,689.17,0.27378045562744135,put
551.0,0.29863013698630136,689.17,0.2769237347412109,put
552.0,0.29863013698630136,689.17,0.275825112915039,put
553.0,0.29863013698630136,689.17,0.27466545654296876,put
554.0,0.29863013698630136,689.17,0.2735058001708984,put
555.0,0.29863013698630136,689.17,0.2685009674072265,put
556.0,0.29863013698630136,689.17,0.2714306256103516,put
557.0,0.29863013698630136,689.17,0.27045407287597656,put
558.0,0.29863013698630136,689.17,0.26532717102050785,put
559.0,0.29863013698630136,689.17,0.26438113555908205,put
560.0,0.29863013698630136,689.17,0.2672802764892578,put
561.0,0.29863013698630136,689.17,0.2660901028442383,put
562.0,0.29863013698630136,689.17,0.26508303283691403,put
563.0,0.29863013698630136,689.17,0.2640454455566406,put
564.0,0.29863013698630136,689.17,0.2630078582763672,put
565.0,0.29863013698630136,689.17,0.25809457733154295,put
566.0,0.29863013698630136,689.17,0.2609021664428711,put
567.0,0.29863013698630136,689.17,0.2598340618896484,put
568.0,0.29863013698630136,689.17,0.2587659573364258,put
569.0,0.29863013698630136,689.17,0.2576978527832031,put
570.0,0.29863013698630136,689.17,0.252937158203125,put
571.0,0.29863013698630136,689.17,0.25202164001464844,put
572.0,0.29863013698630136,689.17,0.2545545736694337,put
573.0,0.29863013698630136,689.17,0.2536085382080079,put
574.0,0.29863013698630136,689.17,0.2524793991088867,put
575.0,0.29863013698630136,689.17,0.2515028463745117,put
576.0,0.29863013698630136,689.17,0.25034319000244143,put
577.0,0.29863013698630136,689.17,0.24558249542236327,put
578.0,0.29863013698630136,689.17,0.24832904998779298,put
579.0,0.29863013698630136,689.17,0.24381249359130858,put
580.0,0.29863013698630136,689.17,0.24246973358154295,put
581.0,0.29863013698630136,689.17,0.24179835357666019,put
582.0,0.29863013698630136,689.17,0.24417870086669924,put
583.0,0.29863013698630136,689.17,0.23993679992675776,put
584.0,0.29863013698630136,689.17,0.23886869537353517,put
585.0,0.29863013698630136,689.17,0.23749541809082028,put
586.0,0.29863013698630136,689.17,0.23691558990478517,put
590.0,0.29863013698630136,689.17,0.23252110260009767,put
595.0,0.29863013698630136,689.17,0.22763833892822266,put
600.0,0.29863013698630136,689.17,0.22296919616699218,put
605.0,0.29863013698630136,689.17,0.2181779843139648,put
610.0,0.29863013698630136,689.17,0.21323418609619144,put
615.0,0.29863013698630136,689.17,0.20815306015014645,put
620.0,0.29863013698630136,689.17,0.20343814147949218,put
625.0,0.29863013698630136,689.17,0.19837227416992187,put
630.0,0.29863013698630136,689.17,0.19344373458862307,put
635.0,0.29863013698630136,689.17,0.18860674682617187,put
640.0,0.29863013698630136,689.17,0.18352562088012692,put
645.0,0.29863013698630136,689.17,0.17859708129882812,put
650.0,0.29863013698630136,689.17,0.17586578536987307,put
655.0,0.29863013698630136,689.17,0.16838905349731448,put
660.0,0.29863013698630136,689.17,0.1632468930053711,put
665.0,0.29863013698630136,689.17,0.16031723480224608,put
670.0,0.29863013698630136,689.17,0.15268791656494146,put
675.0,0.29863013698630136,689.17,0.14753049743652347,put
680.0,0.29863013698630136,689.17,0.1421136814880371,put
685.0,0.29863013698630136,689.17,0.13658242576599125,put
690.0,0.29863013698630136,689.17,0.1310816873168945,put
695.0,0.29863013698630136,689.17,0.12687030364990232,put
700.0,0.29863013698630136,689.17,0.12296409271240236,put
705.0,0.29863013698630136,689.17,0.12731280410766604,put
710.0,0.29863013698630136,689.17,0.1225368508911133,put
715.0,0.29863013698630136,689.17,0.11815762222290038,put
720.0,0.29863013698630136,689.17,0.11451080810546876,put
725.0,0.29863013698630136,689.17,0.11194735717773435,put
730.0,0.29863013698630136,689.17,0.11090976989746093,put
735.0,0.29863013698630136,689.17,0.11177951217651366,put
740.0,0.29863013698630136,689.17,0.18495993270874017,put
745.0,0.29863013698630136,689.17,0.11956141677856444,put
750.0,0.29863013698630136,689.17,0.1254665090942383,put
760.0,0.29863013698630136,689.17,0.6753648796844484,put
790.0,0.29863013698630136,689.17,0.2593305268859864,put
800.0,0.29863013698630136,689.17,0.3315343946838379,put
430.0,0.38082191780821917,689.17,0.3920959228515625,put
435.0,0.38082191780821917,689.17,0.38611453735351553,put
440.0,0.38082191780821917,689.17,0.3795228063964844,put
445.0,0.38082191780821917,689.17,0.37476211181640623,put
450.0,0.38082191780821917,689.17,0.3689638299560547,put
455.0,0.38082191780821917,689.17,0.36310451354980466,put
460.0,0.38082191780821917,689.17,0.3575503698730469,put
465.0,0.38082191780821917,689.17,0.35193519165039056,put
470.0,0.38082191780821917,689.17,0.3458317370605468,put
475.0,0.38082191780821917,689.17,0.34076586975097656,put
480.0,0.38082191780821917,689.17,0.33521172607421873,put
485.0,0.38082191780821917,689.17,0.3292913751220703,put
490.0,0.38082191780821917,689.17,0.3244696459960937,put
495.0,0.38082191780821917,689.17,0.319220675048828,put
500.0,0.38082191780821917,689.17,0.31354446228027344,put
505.0,0.38082191780821917,689.17,0.3083565258789062,put
510.0,0.38082191780821917,689.17,0.3032601412963867,put
515.0,0.38082191780821917,689.17,0.2980416876220703,put
520.0,0.38082191780821917,689.17,0.29337254486083975,put
525.0,0.38082191780821917,689.17,0.2880930566406249,put
530.0,0.38082191780821917,689.17,0.28327132751464834,put
535.0,0.38082191780821917,689.17,0.2818064984130859,put
540.0,0.38082191780821917,689.17,0.2767101138305663,put
545.0,0.38082191780821917,689.17,0.2728649374389648,put
550.0,0.38082191780821917,689.17,0.26401492828369144,put
555.0,0.38082191780821917,689.17,0.2632214791870118,put
560.0,0.38082191780821917,689.17,0.2584913018798829,put
565.0,0.38082191780821917,689.17,0.25269302001953126,put
570.0,0.38082191780821917,689.17,0.24588766815185548,put
575.0,0.38082191780821917,689.17,0.24387352813720703,put
580.0,0.38082191780821917,689.17,0.2365341239929199,put
585.0,0.38082191780821917,689.17,0.23465731170654297,put
590.0,0.38082191780821917,689.17,0.23075110076904298,put
595.0,0.38082191780821917,689.17,0.2259751475524902,put
600.0,0.38082191780821917,689.17,0.22165695343017577,put
605.0,0.38082191780821917,689.17,0.21479056701660154,put
610.0,0.38082191780821917,689.17,0.21002987243652343,put
611.0,0.38082191780821917,689.17,0.21172358108520506,put
612.0,0.38082191780821917,689.17,0.21088435607910155,put
613.0,0.38082191780821917,689.17,0.20993832061767576,put
614.0,0.38082191780821917,689.17,0.20908383697509764,put
615.0,0.38082191780821917,689.17,0.2054217642211914,put
616.0,0.38082191780821917,689.17,0.20722228332519527,put
617.0,0.38082191780821917,689.17,0.2063067651367187,put
618.0,0.38082191780821917,689.17,0.2054827987670898,put
619.0,0.38082191780821917,689.17,0.204536763305664,put
620.0,0.38082191780821917,689.17,0.2009204664611816,put
621.0,0.38082191780821917,689.17,0.20270572692871092,put
622.0,0.38082191780821917,689.17,0.20180546737670896,put
623.0,0.38082191780821917,689.17,0.200905207824707,put
624.0,0.38082191780821917,689.17,0.19997443099975587,put
625.0,0.38082191780821917,689.17,0.1991046887207031,put
626.0,0.38082191780821917,689.17,0.1982349464416504,put
627.0,0.38082191780821917,689.17,0.19725839370727538,put
628.0,0.38082191780821917,689.17,0.19635813415527342,put
629.0,0.38082191780821917,689.17,0.19544261596679688,put
630.0,0.38082191780821917,689.17,0.19196364685058598,put
631.0,0.38082191780821917,689.17,0.19362683822631838,put
633.0,0.38082191780821917,689.17,0.19182631912231446,put
634.0,0.38082191780821917,689.17,0.19089554229736327,put
635.0,0.38082191780821917,689.17,0.18744709045410157,put
636.0,0.38082191780821917,689.17,0.1890645059204102,put
637.0,0.38082191780821917,689.17,0.18816424636840817,put
638.0,0.38082191780821917,689.17,0.18724872817993166,put
639.0,0.38082191780821917,689.17,0.18630269271850586,put
640.0,0.38082191780821917,689.17,0.18294579269409178,put
641.0,0.38082191780821917,689.17,0.1844563977050781,put
642.0,0.38082191780821917,689.17,0.18354087951660153,put
643.0,0.38082191780821917,689.17,0.1826711372375488,put
644.0,0.38082191780821917,689.17,0.18170984313964844,put
645.0,0.38082191780821917,689.17,0.1783376844787598,put
646.0,0.38082191780821917,689.17,0.1798940653991699,put
647.0,0.38082191780821917,689.17,0.1789480299377441,put
648.0,0.38082191780821917,689.17,0.17798673583984376,put
649.0,0.38082191780821917,689.17,0.17707121765136719,put
650.0,0.38082191780821917,689.17,0.17376009353637695,put
651.0,0.38082191780821917,689.17,0.17518677604675292,put
652.0,0.38082191780821917,689.17,0.17427888717651369,put
653.0,0.38082191780821917,689.17,0.1733557396697998,put
654.0,0.38082191780821917,689.17,0.17240207489013676,put
655.0,0.38082191780821917,689.17,0.17144078079223635,put
656.0,0.38082191780821917,689.17,0.17051000396728522,put
657.0,0.38082191780821917,689.17,0.16755745780944828,put
658.0,0.38082191780821917,689.17,0.16859504508972173,put
659.0,0.38082191780821917,689.17,0.16767189758300782,put
660.0,0.38082191780821917,689.17,0.16435314414978028,put
661.0,0.38082191780821917,689.17,0.163719910736084,put
662.0,0.38082191780821917,689.17,0.16481853256225587,put
663.0,0.38082191780821917,689.17,0.16198042617797853,put
664.0,0.38082191780821917,689.17,0.16088180435180666,put
665.0,0.38082191780821917,689.17,0.15963059616088865,put
666.0,0.38082191780821917,689.17,0.16103439071655273,put
667.0,0.38082191780821917,689.17,0.16010361389160155,put
668.0,0.38082191780821917,689.17,0.1572502488708496,put
669.0,0.38082191780821917,689.17,0.15628132545471193,put
670.0,0.38082191780821917,689.17,0.15483938430786137,put
671.0,0.38082191780821917,689.17,0.15629658409118655,put
672.0,0.38082191780821917,689.17,0.15338218452453614,put
673.0,0.38082191780821917,689.17,0.15267265792846685,put
674.0,0.38082191780821917,689.17,0.15338981384277345,put
675.0,0.38082191780821917,689.17,0.15242089042663579,put
676.0,0.38082191780821917,689.17,0.15142144973754884,put
677.0,0.38082191780821917,689.17,0.14870541244506835,put
678.0,0.38082191780821917,689.17,0.14946834426879885,put
679.0,0.38082191780821917,689.17,0.1466912724304199,put
680.0,0.38082191780821917,689.17,0.14510437423706057,put
681.0,0.38082191780821917,689.17,0.14658446197509767,put
682.0,0.38082191780821917,689.17,0.14325807922363282,put
683.0,0.38082191780821917,689.17,0.14347170013427735,put
684.0,0.38082191780821917,689.17,0.14365480377197265,put
685.0,0.38082191780821917,689.17,0.14023686920166017,put
686.0,0.38082191780821917,689.17,0.1417627328491211,put
687.0,0.38082191780821917,689.17,0.14075566284179689,put
688.0,0.38082191780821917,689.17,0.1397791101074219,put
689.0,0.38082191780821917,689.17,0.13882544532775878,put
690.0,0.38082191780821917,689.17,0.1378260046386719,put
691.0,0.38082191780821917,689.17,0.1368570812225342,put
692.0,0.38082191780821917,689.17,0.13590341644287113,put
693.0,0.38082191780821917,689.17,0.1349116050720215,put
694.0,0.38082191780821917,689.17,0.13393505233764647,put
695.0,0.38082191780821917,689.17,0.1329737582397461,put
696.0,0.38082191780821917,689.17,0.13196668823242189,put
697.0,0.38082191780821917,689.17,0.13103591140747067,put
698.0,0.38082191780821917,689.17,0.13000595344543456,put
699.0,0.38082191780821917,689.17,0.12905228866577145,put
700.0,0.38082191780821917,689.17,0.1281062532043457,put
701.0,0.38082191780821917,689.17,0.12710681251525877,put
702.0,0.38082191780821917,689.17,0.13413341461181644,put
703.0,0.38082191780821917,689.17,0.1331339739227295,put
704.0,0.38082191780821917,689.17,0.13221082641601564,put
705.0,0.38082191780821917,689.17,0.13123427368164062,put
706.0,0.38082191780821917,689.17,0.13027297958374018,put
707.0,0.38082191780821917,689.17,0.12925065093994142,put
708.0,0.38082191780821917,689.17,0.12831987411499018,put
710.0,0.38082191780821917,689.17,0.12645832046508787,put
711.0,0.38082191780821917,689.17,0.1254817677307129,put
715.0,0.38082191780821917,689.17,0.12185021224975587,put
720.0,0.38082191780821917,689.17,0.11747098358154298,put
725.0,0.38082191780821917,689.17,0.11367158309936523,put
730.0,0.38082191780821917,689.17,0.11049778671264648,put
735.0,0.38082191780821917,689.17,0.10852942260742188,put
740.0,0.38082191780821917,689.17,0.10807166351318359,put
745.0,0.38082191780821917,689.17,0.10950597534179687,put
750.0,0.38082191780821917,689.17,0.1128018408203125,put
800.0,0.38082191780821917,689.17,0.16584086120605473,put
810.0,0.38082191780821917,689.17,0.17594207855224608,put
435.0,0.4602739726027397,689.17,0.36914693359375,put
445.0,0.4602739726027397,689.17,0.3585269226074219,put
450.0,0.4602739726027397,689.17,0.35382726257324215,put
455.0,0.4602739726027397,689.17,0.3484562225341796,put
460.0,0.4602739726027397,689.17,0.3430241479492187,put
470.0,0.4602739726027397,689.17,0.3327703442382813,put
475.0,0.4602739726027397,689.17,0.3276434423828125,put
480.0,0.4602739726027397,689.17,0.32245550598144523,put
490.0,0.4602739726027397,689.17,0.3124458404541015,put
495.0,0.4602739726027397,689.17,0.3072273867797851,put
500.0,0.4602739726027397,689.17,0.302314105834961,put
505.0,0.4602739726027397,689.17,0.29730927307128896,put
510.0,0.4602739726027397,689.17,0.2931894412231445,put
515.0,0.4602739726027397,689.17,0.29090064575195307,put
520.0,0.4602739726027397,689.17,0.2863230548095703,put
525.0,0.4602739726027397,689.17,0.28314925842285155,put
530.0,0.4602739726027397,689.17,0.2772594247436523,put
535.0,0.4602739726027397,689.17,0.27259028198242186,put
540.0,0.4602739726027397,689.17,0.2678906219482422,put
545.0,0.4602739726027397,689.17,0.2634656173706055,put
550.0,0.4602739726027397,689.17,0.2590406127929688,put
555.0,0.4602739726027397,689.17,0.2551954364013672,put
560.0,0.4602739726027397,689.17,0.2507399145507812,put
565.0,0.4602739726027397,689.17,0.2466811172485352,put
570.0,0.4602739726027397,689.17,0.2435530967712402,put
575.0,0.4602739726027397,689.17,0.23859403991699218,put
580.0,0.4602739726027397,689.17,0.23450472534179687,put
585.0,0.4602739726027397,689.17,0.2309647216796875,put
588.0,0.4602739726027397,689.17,0.22849282257080078,put
589.0,0.4602739726027397,689.17,0.22768411483764645,put
590.0,0.4602739726027397,689.17,0.2267533380126953,put
595.0,0.4602739726027397,689.17,0.22220626434326168,put
598.0,0.4602739726027397,689.17,0.2200700552368164,put
599.0,0.4602739726027397,689.17,0.21923083023071288,put
600.0,0.4602739726027397,689.17,0.2156297920227051,put
601.0,0.4602739726027397,689.17,0.21753712158203126,put
605.0,0.4602739726027397,689.17,0.211372632446289,put
607.0,0.4602739726027397,689.17,0.21253228881835937,put
610.0,0.4602739726027397,689.17,0.21004513107299805,put
611.0,0.4602739726027397,689.17,0.20916013015747065,put
612.0,0.4602739726027397,689.17,0.20835142242431637,put
613.0,0.4602739726027397,689.17,0.20752745605468748,put
614.0,0.4602739726027397,689.17,0.20668823104858391,put
615.0,0.4602739726027397,689.17,0.2052844364929199,put
617.0,0.4602739726027397,689.17,0.2041705560302734,put
619.0,0.4602739726027397,689.17,0.20246158874511716,put
620.0,0.4602739726027397,689.17,0.2010883114624023,put
625.0,0.4602739726027397,689.17,0.19744149734497068,put
628.0,0.4602739726027397,689.17,0.19486278778076171,put
630.0,0.4602739726027397,689.17,0.19265028549194335,put
631.0,0.4602739726027397,689.17,0.19229933685302736,put
634.0,0.4602739726027397,689.17,0.18975114456176762,put
635.0,0.4602739726027397,689.17,0.18843890182495115,put
636.0,0.4602739726027397,689.17,0.18805743591308594,put
638.0,0.4602739726027397,689.17,0.18637898590087892,put
639.0,0.4602739726027397,689.17,0.18548635566711422,put
640.0,0.4602739726027397,689.17,0.18418174224853517,put
643.0,0.4602739726027397,689.17,0.18206842109680174,put
645.0,0.4602739726027397,689.17,0.1803594538116455,put
646.0,0.4602739726027397,689.17,0.17948208221435547,put
647.0,0.4602739726027397,689.17,0.17864285720825196,put
648.0,0.4602739726027397,689.17,0.1777273390197754,put
649.0,0.4602739726027397,689.17,0.17686522605895996,put
650.0,0.4602739726027397,689.17,0.17354647262573242,put
651.0,0.4602739726027397,689.17,0.1751333708190918,put
652.0,0.4602739726027397,689.17,0.17427888717651369,put
653.0,0.4602739726027397,689.17,0.17340151557922365,put
654.0,0.4602739726027397,689.17,0.172508885345459,put
655.0,0.4602739726027397,689.17,0.17116612533569336,put
656.0,0.4602739726027397,689.17,0.17078465942382814,put
657.0,0.4602739726027397,689.17,0.16988439987182619,put
658.0,0.4602739726027397,689.17,0.16897651100158692,put
659.0,0.4602739726027397,689.17,0.16810676872253422,put
660.0,0.4602739726027397,689.17,0.16680215530395515,put
661.0,0.4602739726027397,689.17,0.16635965484619147,put
662.0,0.4602739726027397,689.17,0.16542887802124023,put
663.0,0.4602739726027397,689.17,0.16459728233337403,put
664.0,0.4602739726027397,689.17,0.16368939346313482,put
665.0,0.4602739726027397,689.17,0.16234663345336914,put
666.0,0.4602739726027397,689.17,0.16191176231384277,put
667.0,0.4602739726027397,689.17,0.1589973627471924,put
668.0,0.4602739726027397,689.17,0.16010361389160155,put
669.0,0.4602739726027397,689.17,0.15925675956726074,put
670.0,0.4602739726027397,689.17,0.15832598274230958,put
671.0,0.4602739726027397,689.17,0.1574333525085449,put
672.0,0.4602739726027397,689.17,0.15656361022949222,put
673.0,0.4602739726027397,689.17,0.15561757476806642,put
674.0,0.4602739726027397,689.17,0.15471731521606447,put
675.0,0.4602739726027397,689.17,0.15383231430053712,put
676.0,0.4602739726027397,689.17,0.15293205474853522,put
677.0,0.4602739726027397,689.17,0.15200127792358398,put
678.0,0.4602739726027397,689.17,0.15110101837158207,put
679.0,0.4602739726027397,689.17,0.1501702415466309,put
680.0,0.4602739726027397,689.17,0.14927761131286624,put
681.0,0.4602739726027397,689.17,0.1484078690338135,put
682.0,0.4602739726027397,689.17,0.1474542042541504,put
683.0,0.4602739726027397,689.17,0.14658446197509767,put
684.0,0.4602739726027397,689.17,0.14315126876831058,put
685.0,0.4602739726027397,689.17,0.14223575057983395,put
690.0,0.4602739726027397,689.17,0.13771156486511232,put
695.0,0.4602739726027397,689.17,0.13340862937927248,put
700.0,0.4602739726027397,689.17,0.1310816873168945,put
705.0,0.4602739726027397,689.17,0.13343151733398437,put
710.0,0.4602739726027397,689.17,0.12883866775512692,put
715.0,0.4602739726027397,689.17,0.12429922340393068,put
720.0,0.4602739726027397,689.17,0.11985896018981931,put
725.0,0.4602739726027397,689.17,0.11565520584106445,put
730.0,0.4602739726027397,689.17,0.11174899490356444,put
735.0,0.4602739726027397,689.17,0.10848364669799804,put
740.0,0.4602739726027397,689.17,0.10616433395385741,put
760.0,0.4602739726027397,689.17,0.11307649627685548,put
245.0,0.5150684931506849,689.17,0.58789474609375,put
250.0,0.5150684931506849,689.17,0.5803264624023439,put
255.0,0.5150684931506849,689.17,0.5734905932617188,put
260.0,0.5150684931506849,689.17,0.5666547241210937,put
265.0,0.5150684931506849,689.17,0.5590864404296876,put
270.0,0.5150684931506849,689.17,0.5529829858398438,put
275.0,0.5150684931506849,689.17,0.5466353930664063,put
280.0,0.5150684931506849,689.17,0.5390671093750001,put
285.0,0.5150684931506849,689.17,0.5324753784179688,put
290.0,0.5150684931506849,689.17,0.5261277856445312,put
295.0,0.5150684931506849,689.17,0.5195360546875,put
300.0,0.5150684931506849,689.17,0.5129443237304687,put
305.0,0.5150684931506849,689.17,0.5069629382324219,put
310.0,0.5150684931506849,689.17,0.5007374145507812,put
315.0,0.5150684931506849,689.17,0.4953663745117188,put
320.0,0.5150684931506849,689.17,0.48950705810546885,put
325.0,0.5150684931506849,689.17,0.48438015625,put
330.0,0.5150684931506849,689.17,0.477544287109375,put
335.0,0.5150684931506849,689.17,0.47083048706054687,put
340.0,0.5150684931506849,689.17,0.46619186157226566,put
345.0,0.5150684931506849,689.17,0.45935599243164066,put
350.0,0.5150684931506849,689.17,0.45325253784179687,put
355.0,0.5150684931506849,689.17,0.44824770507812495,put
360.0,0.5150684931506849,689.17,0.4426325268554688,put
365.0,0.5150684931506849,689.17,0.4363459686279296,put
370.0,0.5150684931506849,689.17,0.43005941040039064,put
375.0,0.5150684931506849,689.17,0.4243221630859375,put
380.0,0.5150684931506849,689.17,0.4185849157714844,put
385.0,0.5150684931506849,689.17,0.4136411175537109,put
390.0,0.5150684931506849,689.17,0.40735455932617193,put
395.0,0.5150684931506849,689.17,0.4018614501953125,put
400.0,0.5150684931506849,689.17,0.3963683410644532,put
405.0,0.5150684931506849,689.17,0.39075316284179684,put
410.0,0.5150684931506849,689.17,0.38519901916503896,put
415.0,0.5150684931506849,689.17,0.3806214282226562,put
420.0,0.5150684931506849,689.17,0.3745790081787109,put
425.0,0.5150684931506849,689.17,0.369574175415039,put
430.0,0.5150684931506849,689.17,0.3640810662841797,put
435.0,0.5150684931506849,689.17,0.358954164428711,put
440.0,0.5150684931506849,689.17,0.3534000207519531,put
445.0,0.5150684931506849,689.17,0.34839518798828123,put
450.0,0.5150684931506849,689.17,0.3438786315917969,put
455.0,0.5150684931506849,689.17,0.33899586791992187,put
460.0,0.5150684931506849,689.17,0.33350275878906255,put
465.0,0.5150684931506849,689.17,0.3284368914794922,put
470.0,0.5150684931506849,689.17,0.32404240417480457,put
475.0,0.5150684931506849,689.17,0.3188544677734374,put
480.0,0.5150684931506849,689.17,0.31445998046874996,put
485.0,0.5150684931506849,689.17,0.30933307861328124,put
490.0,0.5150684931506849,689.17,0.3047249703979492,put
495.0,0.5150684931506849,689.17,0.3005746212768554,put
500.0,0.5150684931506849,689.17,0.2955697885131836,put
505.0,0.5150684931506849,689.17,0.29099219757080075,put
510.0,0.5150684931506849,689.17,0.2912058184814452,put
515.0,0.5150684931506849,689.17,0.2825083956909179,put
520.0,0.5150684931506849,689.17,0.27805287384033206,put
525.0,0.5150684931506849,689.17,0.27374993835449213,put
530.0,0.5150684931506849,689.17,0.26963010650634767,put
535.0,0.5150684931506849,689.17,0.2657238955688477,put
540.0,0.5150684931506849,689.17,0.26532717102050785,put
545.0,0.5150684931506849,689.17,0.25739268005371096,put
550.0,0.5150684931506849,689.17,0.25371534866333006,put
555.0,0.5150684931506849,689.17,0.2493513786315918,put
560.0,0.5150684931506849,689.17,0.24538413314819335,put
565.0,0.5150684931506849,689.17,0.24143214630126952,put
570.0,0.5150684931506849,689.17,0.2374801594543457,put
575.0,0.5150684931506849,689.17,0.2336197244262695,put
580.0,0.5150684931506849,689.17,0.2297135134887695,put
585.0,0.5150684931506849,689.17,0.2257767852783203,put
590.0,0.5150684931506849,689.17,0.2218553157043457,put
595.0,0.5150684931506849,689.17,0.2207261766052246,put
600.0,0.5150684931506849,689.17,0.21396660064697265,put
605.0,0.5150684931506849,689.17,0.21002987243652343,put
610.0,0.5150684931506849,689.17,0.2061236614990234,put
615.0,0.5150684931506849,689.17,0.20217167465209956,put
620.0,0.5150684931506849,689.17,0.19818917053222657,put
625.0,0.5150684931506849,689.17,0.19432873550415042,put
630.0,0.5150684931506849,689.17,0.1902089036560059,put
635.0,0.5150684931506849,689.17,0.18608907180786133,put
640.0,0.5150684931506849,689.17,0.1821218263244629,put
645.0,0.5150684931506849,689.17,0.17790281333923338,put
650.0,0.5150684931506849,689.17,0.17366854171752932,put
655.0,0.5150684931506849,689.17,0.1696097444152832,put
660.0,0.5150684931506849,689.17,0.16523051574707032,put
665.0,0.5150684931506849,689.17,0.1609504682159424,put
670.0,0.5150684931506849,689.17,0.1573570593261719,put
675.0,0.5150684931506849,689.17,0.15224541610717773,put
680.0,0.5150684931506849,689.17,0.14784329948425295,put
685.0,0.5150684931506849,689.17,0.14447877014160154,put
690.0,0.5150684931506849,689.17,0.13903143692016606,put
695.0,0.5150684931506849,689.17,0.1344614752960205,put
700.0,0.5150684931506849,689.17,0.1300746173095703,put
705.0,0.5150684931506849,689.17,0.1281443997955322,put
710.0,0.5150684931506849,689.17,0.12410849044799804,put
715.0,0.5150684931506849,689.17,0.12569538864135743,put
720.0,0.5150684931506849,689.17,0.1212856427001953,put
725.0,0.5150684931506849,689.17,0.1170437417602539,put
730.0,0.5150684931506849,689.17,0.11300783241271972,put
735.0,0.5150684931506849,689.17,0.10932287170410156,put
740.0,0.5150684931506849,689.17,0.10634743759155274,put
745.0,0.5150684931506849,689.17,0.10428752166748045,put
750.0,0.5150684931506849,689.17,0.10363140029907225,put
755.0,0.5150684931506849,689.17,0.10474528076171874,put
760.0,0.5150684931506849,689.17,0.10750709396362304,put
765.0,0.5150684931506849,689.17,0.7044402114868166,put
770.0,0.5150684931506849,689.17,0.11603667175292968,put
785.0,0.5150684931506849,689.17,1.0000000000000003e-05,put
790.0,0.5150684931506849,689.17,0.24086757675170894,put
800.0,0.5150684931506849,689.17,0.14325807922363282,put
820.0,0.5150684931506849,689.17,0.4045240822601318,put
840.0,0.5150684931506849,689.17,0.32379826599121087,put
845.0,0.5150684931506849,689.17,0.8216646862030029,put
850.0,0.5150684931506849,689.17,0.33396051788330083,put
860.0,0.5150684931506849,689.17,0.6578098184204101,put
865.0,0.5150684931506849,689.17,0.19620554779052735,put
870.0,0.5150684931506849,689.17,0.19919624053955076,put
410.0,0.547945205479452,689.17,0.12500875,put
420.0,0.547945205479452,689.17,0.12500875,put
430.0,0.547945205479452,689.17,0.12500875,put
440.0,0.547945205479452,689.17,0.34839518798828123,put
445.0,0.547945205479452,689.17,0.34360397613525384,put
450.0,0.547945205479452,689.17,0.33872121246337883,put
455.0,0.547945205479452,689.17,0.33350275878906255,put
460.0,0.547945205479452,689.17,0.32874206420898433,put
465.0,0.547945205479452,689.17,0.32388981781005854,put
470.0,0.547945205479452,689.17,0.3191901577758788,put
475.0,0.547945205479452,689.17,0.3145820495605468,put
480.0,0.547945205479452,689.17,0.3103096313476562,put
485.0,0.547945205479452,689.17,0.30573204040527346,put
490.0,0.547945205479452,689.17,0.30084927673339845,put
495.0,0.547945205479452,689.17,0.29645478942871095,put
500.0,0.547945205479452,689.17,0.29209081939697257,put
505.0,0.547945205479452,689.17,0.2913889221191405,put
510.0,0.547945205479452,689.17,0.2839732247924803,put
515.0,0.547945205479452,689.17,0.28363753479003895,put
520.0,0.547945205479452,689.17,0.27503166381835936,put
525.0,0.547945205479452,689.17,0.27149166015625,put
530.0,0.547945205479452,689.17,0.2709728665161133,put
535.0,0.547945205479452,689.17,0.2632214791870118,put
540.0,0.547945205479452,689.17,0.25891854370117195,put
545.0,0.547945205479452,689.17,0.2550733673095704,put
550.0,0.547945205479452,689.17,0.2511518977355957,put
554.0,0.547945205479452,689.17,0.2608869078063965,put
555.0,0.547945205479452,689.17,0.2472762040710449,put
556.0,0.547945205479452,689.17,0.2593915614318848,put
557.0,0.547945205479452,689.17,0.062509375,put
558.0,0.547945205479452,689.17,0.24828327407836914,put
559.0,0.547945205479452,689.17,0.2474745663452148,put
560.0,0.547945205479452,689.17,0.24666585861206058,put
561.0,0.547945205479452,689.17,0.24585715087890625,put
562.0,0.547945205479452,689.17,0.245124736328125,put
563.0,0.547945205479452,689.17,0.24428551132202148,put
564.0,0.547945205479452,689.17,0.24353783813476562,put
565.0,0.547945205479452,689.17,0.24210352630615234,put
566.0,0.547945205479452,689.17,0.24193568130493165,put
567.0,0.547945205479452,689.17,0.24117274948120115,put
568.0,0.547945205479452,689.17,0.24039455902099605,put
569.0,0.547945205479452,689.17,0.239616368560791,put
570.0,0.547945205479452,689.17,0.23592377853393554,put
571.0,0.547945205479452,689.17,0.24826801544189453,put
572.0,0.547945205479452,689.17,0.23731231445312498,put
573.0,0.547945205479452,689.17,0.23657989990234374,put
574.0,0.547945205479452,689.17,0.2681042428588867,put
575.0,0.547945205479452,689.17,0.23502351898193358,put
576.0,0.547945205479452,689.17,0.23418429397583007,put
577.0,0.547945205479452,689.17,0.2671429487609864,put
578.0,0.547945205479452,689.17,0.2430800790405273,put
579.0,0.547945205479452,689.17,0.23188023986816403,put
580.0,0.547945205479452,689.17,0.2283249775695801,put
581.0,0.547945205479452,689.17,0.2643201010131836,put
582.0,0.547945205479452,689.17,0.22959144439697265,put
583.0,0.547945205479452,689.17,0.23941800628662108,put
584.0,0.547945205479452,689.17,0.24964129272460936,put
585.0,0.547945205479452,689.17,0.22721109710693355,put
586.0,0.547945205479452,689.17,0.22646342391967772,put
587.0,0.547945205479452,689.17,0.23651886535644528,put
588.0,0.547945205479452,689.17,0.22492230163574217,put
589.0,0.547945205479452,689.17,0.22414411117553706,put
590.0,0.547945205479452,689.17,0.2233506620788574,put
591.0,0.547945205479452,689.17,0.22255721298217768,put
592.0,0.547945205479452,689.17,0.2217485052490234,put
593.0,0.547945205479452,689.17,0.2551191432189942,put
594.0,0.547945205479452,689.17,0.22019212432861324,put
595.0,0.547945205479452,689.17,0.21678944839477537,put
596.0,0.547945205479452,689.17,0.22997291030883787,put
597.0,0.547945205479452,689.17,0.21788807022094725,put
598.0,0.547945205479452,689.17,0.21709462112426758,put
599.0,0.547945205479452,689.17,0.21630117202758786,put
600.0,0.547945205479452,689.17,0.21295953063964845,put
601.0,0.547945205479452,689.17,0.21476004974365231,put
602.0,0.547945205479452,689.17,0.2140123765563965,put
603.0,0.547945205479452,689.17,0.21317315155029298,put
604.0,0.547945205479452,689.17,0.21239496109008787,put
605.0,0.547945205479452,689.17,0.21161677062988277,put
606.0,0.547945205479452,689.17,0.21089961471557617,put
607.0,0.547945205479452,689.17,0.21010616561889645,put
608.0,0.547945205479452,689.17,0.2093584924316406,put
609.0,0.547945205479452,689.17,0.20853452606201167,put
610.0,0.547945205479452,689.17,0.20533021240234373,put
611.0,0.547945205479452,689.17,0.20699340377807612,put
612.0,0.547945205479452,689.17,0.20621521331787107,put
613.0,0.547945205479452,689.17,0.2054217642211914,put
614.0,0.547945205479452,689.17,0.20461305648803707,put
615.0,0.547945205479452,689.17,0.20386538330078124,put
616.0,0.547945205479452,689.17,0.2030414169311523,put
617.0,0.547945205479452,689.17,0.20226322647094724,put
618.0,0.547945205479452,689.17,0.2014850360107422,put
619.0,0.547945205479452,689.17,0.20069158691406247,put
620.0,0.547945205479452,689.17,0.19741098007202146,put
621.0,0.547945205479452,689.17,0.1991352059936523,put
622.0,0.547945205479452,689.17,0.19837227416992187,put
623.0,0.547945205479452,689.17,0.19753304916381836,put
624.0,0.547945205479452,689.17,0.19675485870361326,put
625.0,0.547945205479452,689.17,0.19368024345397952,put
626.0,0.547945205479452,689.17,0.19519847778320312,put
627.0,0.547945205479452,689.17,0.1943821407318115,put
628.0,0.547945205479452,689.17,0.19361157958984376,put
629.0,0.547945205479452,689.17,0.20584900604248046,put
630.0,0.547945205479452,689.17,0.18964433410644532,put
631.0,0.547945205479452,689.17,0.1912159736633301,put
632.0,0.547945205479452,689.17,0.1903996366119385,put
633.0,0.547945205479452,689.17,0.1896290754699707,put
634.0,0.547945205479452,689.17,0.1887745918273926,put
635.0,0.547945205479452,689.17,0.18560079544067382,put
636.0,0.547945205479452,689.17,0.1871724349975586,put
637.0,0.547945205479452,689.17,0.18447928565979002,put
638.0,0.547945205479452,689.17,0.1855702781677246,put
639.0,0.547945205479452,689.17,0.22480023254394527,put
640.0,0.547945205479452,689.17,0.18396812133789062,put
641.0,0.547945205479452,689.17,0.1831441549682617,put
642.0,0.547945205479452,689.17,0.18237359382629395,put
643.0,0.547945205479452,689.17,0.1815267395019531,put
644.0,0.547945205479452,689.17,0.1807180317687988,put
645.0,0.547945205479452,689.17,0.17990932403564452,put
650.0,0.547945205479452,689.17,0.17347017944335938,put
655.0,0.547945205479452,689.17,0.17170017761230472,put
660.0,0.547945205479452,689.17,0.1651999984741211,put
665.0,0.547945205479452,689.17,0.1632468930053711,put
670.0,0.547945205479452,689.17,0.15680774841308598,put
675.0,0.547945205479452,689.17,0.15238274383544925,put
680.0,0.547945205479452,689.17,0.1484002397155762,put
685.0,0.547945205479452,689.17,0.14409730422973632,put
690.0,0.547945205479452,689.17,0.14183902603149412,put
695.0,0.547945205479452,689.17,0.13750557327270513,put
700.0,0.547945205479452,689.17,0.1331416032409668,put
705.0,0.547945205479452,689.17,0.12661853614807125,put
710.0,0.547945205479452,689.17,0.13053237640380855,put
715.0,0.547945205479452,689.17,0.1261684063720703,put
720.0,0.547945205479452,689.17,0.12183495361328125,put
725.0,0.547945205479452,689.17,0.11760831130981445,put
730.0,0.547945205479452,689.17,0.11359528991699218,put
735.0,0.547945205479452,689.17,0.1098874412536621,put
740.0,0.547945205479452,689.17,0.10672890350341799,put
745.0,0.547945205479452,689.17,0.10424174575805661,put
750.0,0.547945205479452,689.17,0.10305157211303709,put
755.0,0.547945205479452,689.17,0.10323467575073239,put
770.0,0.547945205479452,689.17,0.11277132354736327,put
780.0,0.547945205479452,689.17,0.12220116088867189,put
800.0,0.547945205479452,689.17,0.24613180633544923,put
300.0,0.7671232876712328,689.17,0.4577690942382813,put
305.0,0.7671232876712328,689.17,0.4542290905761719,put
310.0,0.7671232876712328,689.17,0.4484308087158203,put
315.0,0.7671232876712328,689.17,0.44165597412109375,put
320.0,0.7671232876712328,689.17,0.43774976318359377,put
325.0,0.7671232876712328,689.17,0.4310969976806641,put
330.0,0.7671232876712328,689.17,0.42578699218750005,put
335.0,0.7671232876712328,689.17,0.42200285034179685,put
340.0,0.7671232876712328,689.17,0.4157773266601562,put
345.0,0.7671232876712328,689.17,0.4115049084472656,put
350.0,0.7671232876712328,689.17,0.4063780065917969,put
355.0,0.7671232876712328,689.17,0.40161731201171874,put
360.0,0.7671232876712328,689.17,0.39642937561035163,put
365.0,0.7671232876712328,689.17,0.3915466119384765,put
370.0,0.7671232876712328,689.17,0.38568729553222647,put
375.0,0.7671232876712328,689.17,0.3816590155029296,put
380.0,0.7671232876712328,689.17,0.37579969909667965,put
385.0,0.7671232876712328,689.17,0.3719240054321289,put
390.0,0.7671232876712328,689.17,0.36713279357910156,put
395.0,0.7671232876712328,689.17,0.36255520263671875,put
400.0,0.7671232876712328,689.17,0.3572146798706054,put
405.0,0.7671232876712328,689.17,0.3532779516601562,put
410.0,0.7671232876712328,689.17,0.34882242980957034,put
415.0,0.7671232876712328,689.17,0.3442753561401367,put
420.0,0.7671232876712328,689.17,0.33991138610839844,put
425.0,0.7671232876712328,689.17,0.33484551879882807,put
430.0,0.7671232876712328,689.17,0.3305731005859375,put
435.0,0.7671232876712328,689.17,0.3268194760131836,put
440.0,0.7671232876712328,689.17,0.32257757507324214,put
445.0,0.7671232876712328,689.17,0.31793894958496094,put
450.0,0.7671232876712328,689.17,0.3137580831909179,put
455.0,0.7671232876712328,689.17,0.30982135498046875,put
460.0,0.7671232876712328,689.17,0.3061287649536133,put
465.0,0.7671232876712328,689.17,0.3020089331054688,put
470.0,0.7671232876712328,689.17,0.2978280667114257,put
475.0,0.7671232876712328,689.17,0.2942880630493163,put
480.0,0.7671232876712328,689.17,0.2904886625671386,put
485.0,0.7671232876712328,689.17,0.29025978302001954,put
490.0,0.7671232876712328,689.17,0.283362879333496,put
495.0,0.7671232876712328,689.17,0.27973132385253896,put
500.0,0.7671232876712328,689.17,0.2757640783691406,put
505.0,0.7671232876712328,689.17,0.2721630401611328,put
510.0,0.7671232876712328,689.17,0.2688671746826171,put
515.0,0.7671232876712328,689.17,0.26534242965698246,put
520.0,0.7671232876712328,689.17,0.26450320465087884,put
525.0,0.7671232876712328,689.17,0.2610242355346679,put
530.0,0.7671232876712328,689.17,0.25749949050903326,put
535.0,0.7671232876712328,689.17,0.2512892254638671,put
540.0,0.7671232876712328,689.17,0.24811542907714845,put
545.0,0.7671232876712328,689.17,0.2446059426879883,put
550.0,0.7671232876712328,689.17,0.24127955993652345,put
555.0,0.7671232876712328,689.17,0.2381362808227539,put
560.0,0.7671232876712328,689.17,0.23464205307006836,put
565.0,0.7671232876712328,689.17,0.233757052154541,put
570.0,0.7671232876712328,689.17,0.22809609802246095,put
575.0,0.7671232876712328,689.17,0.22492230163574217,put
580.0,0.7671232876712328,689.17,0.2217485052490234,put
585.0,0.7671232876712328,689.17,0.21833057067871092,put
590.0,0.7671232876712328,689.17,0.21726246612548827,put
595.0,0.7671232876712328,689.17,0.21396660064697265,put
600.0,0.7671232876712328,689.17,0.20852689674377436,put
605.0,0.7671232876712328,689.17,0.2054827987670898,put
610.0,0.7671232876712328,689.17,0.20210301078796386,put
615.0,0.7671232876712328,689.17,0.1986240416717529,put
620.0,0.7671232876712328,689.17,0.19525188301086424,put
625.0,0.7671232876712328,689.17,0.1938252005004883,put
630.0,0.7671232876712328,689.17,0.1885914881896973,put
635.0,0.7671232876712328,689.17,0.18502096725463862,put
640.0,0.7671232876712328,689.17,0.181549627456665,put
645.0,0.7671232876712328,689.17,0.17795621856689453,put
650.0,0.7671232876712328,689.17,0.17427888717651369,put
655.0,0.7671232876712328,689.17,0.17254703193664553,put
660.0,0.7671232876712328,689.17,0.16884681259155276,put
665.0,0.7671232876712328,689.17,0.163368962097168,put
670.0,0.7671232876712328,689.17,0.15946275115966796,put
675.0,0.7671232876712328,689.17,0.15551076431274413,put
680.0,0.7671232876712328,689.17,0.1518334329223633,put
685.0,0.7671232876712328,689.17,0.15030756927490235,put
690.0,0.7671232876712328,689.17,0.1439370885467529,put
695.0,0.7671232876712328,689.17,0.14008428283691404,put
700.0,0.7671232876712328,689.17,0.13603311485290528,put
705.0,0.7671232876712328,689.17,0.1347590187072754,put
710.0,0.7671232876712328,689.17,0.13086806640624998,put
715.0,0.7671232876712328,689.17,0.13113509254455566,put
720.0,0.7671232876712328,689.17,0.12390249885559082,put
725.0,0.7671232876712328,689.17,0.12297172203063966,put
730.0,0.7671232876712328,689.17,0.11895107131958008,put
735.0,0.7671232876712328,689.17,0.11489990333557129,put
740.0,0.7671232876712328,689.17,0.1082547671508789,put
745.0,0.7671232876712328,689.17,0.10722480918884278,put
750.0,0.7671232876712328,689.17,0.10376872802734374,put
755.0,0.7671232876712328,689.17,0.1009306216430664,put
760.0,0.7671232876712328,689.17,0.09884018844604492,put
765.0,0.7671232876712328,689.17,0.09792467025756837,put
775.0,0.7671232876712328,689.17,0.10079329391479491,put
780.0,0.7671232876712328,689.17,0.2074359042358398,put
800.0,0.7671232876712328,689.17,0.11856960540771484,put
840.0,0.7671232876712328,689.17,0.35396459030151356,put
850.0,0.7671232876712328,689.17,0.27574881973266596,put
470.0,0.8,689.17,0.29538668487548825,put
475.0,0.8,689.17,0.29566134033203123,put
480.0,0.8,689.17,0.2885813330078124,put
485.0,0.8,689.17,0.2881235739135741,put
490.0,0.8,689.17,0.2843089147949218,put
495.0,0.8,689.17,0.28064684204101553,put
500.0,0.8,689.17,0.27507743972778315,put
505.0,0.8,689.17,0.27341424835205075,put
510.0,0.8,689.17,0.26984372741699214,put
515.0,0.8,689.17,0.26634949966430665,put
520.0,0.8,689.17,0.26108527008056637,put
525.0,0.8,689.17,0.2594678546142578,put
530.0,0.8,689.17,0.25597362686157227,put
535.0,0.8,689.17,0.25261672683715825,put
540.0,0.8,689.17,0.24927508544921873,put
545.0,0.8,689.17,0.24596396133422854,put
550.0,0.8,689.17,0.24265283721923825,put
555.0,0.8,689.17,0.239341713104248,put
560.0,0.8,689.17,0.23368075897216795,put
565.0,0.8,689.17,0.23278049942016604,put
570.0,0.8,689.17,0.229499892578125,put
575.0,0.8,689.17,0.2262574323272705,put
580.0,0.8,689.17,0.2230302307128906,put
585.0,0.8,689.17,0.21976488250732418,put
590.0,0.8,689.17,0.21656056884765623,put
594.0,0.8,689.17,0.214576946105957,put
595.0,0.8,689.17,0.21327996200561522,put
596.0,0.8,689.17,0.21327233268737794,put
597.0,0.8,689.17,0.2126085820007324,put
598.0,0.8,689.17,0.20908383697509764,put
599.0,0.8,689.17,0.21131159790039059,put
600.0,0.8,689.17,0.2099917258453369,put
601.0,0.8,689.17,0.2099840965270996,put
602.0,0.8,689.17,0.20671874832153314,put
603.0,0.8,689.17,0.20867948310852044,put
604.0,0.8,689.17,0.20801573242187496,put
605.0,0.8,689.17,0.2067874121856689,put
606.0,0.8,689.17,0.20671874832153314,put
607.0,0.8,689.17,0.21476004974365231,put
608.0,0.8,689.17,0.21411918701171873,put
609.0,0.8,689.17,0.20474275489807123,put
610.0,0.8,689.17,0.20348391738891602,put
611.0,0.8,689.17,0.20336184829711912,put
612.0,0.8,689.17,0.20274387351989745,put
613.0,0.8,689.17,0.20206486419677733,put
614.0,0.8,689.17,0.2013705962371826,put
615.0,0.8,689.17,0.20020331054687499,put
618.0,0.8,689.17,0.19873848144531248,put
619.0,0.8,689.17,0.1980518428039551,put
620.0,0.8,689.17,0.19685403984069824,put
621.0,0.8,689.17,0.19672434143066403,put
622.0,0.8,689.17,0.19601481483459474,put
623.0,0.8,689.17,0.19535106414794923,put
624.0,0.8,689.17,0.1946796841430664,put
625.0,0.8,689.17,0.19399304550170898,put
626.0,0.8,689.17,0.1933521827697754,put
628.0,0.8,689.17,0.1919941641235352,put
629.0,0.8,689.17,0.21078517494201657,put
630.0,0.8,689.17,0.18862963478088376,put
631.0,0.8,689.17,0.18994950683593753,put
632.0,0.8,689.17,0.1892552388763428,put
633.0,0.8,689.17,0.18854571228027345,put
634.0,0.8,689.17,0.1878743322753906,put
635.0,0.8,689.17,0.18720295227050782,put
636.0,0.8,689.17,0.1865163136291504,put
637.0,0.8,689.17,0.18581441635131835,put
638.0,0.8,689.17,0.20620758399963376,put
639.0,0.8,689.17,0.18439536315917968,put
640.0,0.8,689.17,0.18174036041259767,put
641.0,0.8,689.17,0.1830220858764648,put
642.0,0.8,689.17,0.1823201885986328,put
643.0,0.8,689.17,0.18161066200256346,put
644.0,0.8,689.17,0.20172917419433595,put
645.0,0.8,689.17,0.18020686744689943,put
646.0,0.8,689.17,0.1795125994873047,put
647.0,0.8,689.17,0.17880307289123534,put
648.0,0.8,689.17,0.20787840469360347,put
649.0,0.8,689.17,0.17736113174438478,put
650.0,0.8,689.17,0.17666686378479005,put
651.0,0.8,689.17,0.1759191905975342,put
652.0,0.8,689.17,0.1752020346832275,put
653.0,0.8,689.17,0.1744772494506836,put
654.0,0.8,689.17,0.17374483489990233,put
655.0,0.8,689.17,0.17304293762207032,put
656.0,0.8,689.17,0.1723257817077637,put
657.0,0.8,689.17,0.17159336715698242,put
658.0,0.8,689.17,0.1708609526062012,put
659.0,0.8,689.17,0.17011327941894533,put
660.0,0.8,689.17,0.16939612350463867,put
661.0,0.8,689.17,0.16866370895385746,put
662.0,0.8,689.17,0.16792366508483889,put
663.0,0.8,689.17,0.16716836257934575,put
664.0,0.8,689.17,0.1664435773468018,put
665.0,0.8,689.17,0.16571116279602052,put
666.0,0.8,689.17,0.16496348960876464,put
667.0,0.8,689.17,0.164246333694458,put
668.0,0.8,689.17,0.16347577255249024,put
669.0,0.8,689.17,0.16272809936523439,put
670.0,0.8,689.17,0.16197279685974122,put
671.0,0.8,689.17,0.15889818161010744,put
672.0,0.8,689.17,0.1604621918487549,put
673.0,0.8,689.17,0.15970688934326172,put
674.0,0.8,689.17,0.1589821041107178,put
675.0,0.8,689.17,0.1582039136505127,put
676.0,0.8,689.17,0.15499959999084476,put
677.0,0.8,689.17,0.1567238259124756,put
678.0,0.8,689.17,0.1559456354522705,put
679.0,0.8,689.17,0.15519033294677737,put
680.0,0.8,689.17,0.1544579183959961,put
681.0,0.8,689.17,0.15367209861755374,put
682.0,0.8,689.17,0.1529167961120606,put
683.0,0.8,689.17,0.15218438156127934,put
684.0,0.8,689.17,0.15139856178283692,put
685.0,0.8,689.17,0.15067377655029301,put
686.0,0.8,689.17,0.1498955860900879,put
687.0,0.8,689.17,0.14914028358459472,put
688.0,0.8,689.17,0.14836972244262697,put
689.0,0.8,689.17,0.1476220492553711,put
690.0,0.8,689.17,0.14446351150512693,put
691.0,0.8,689.17,0.14612670288085935,put
695.0,0.8,689.17,0.14742368698120117,put
700.0,0.8,689.17,0.14347170013427735,put
705.0,0.8,689.17,0.1395120839691162,put
710.0,0.8,689.17,0.13556772644042972,put
715.0,0.8,689.17,0.13157759300231933,put
720.0,0.8,689.17,0.12757220092773439,put
725.0,0.8,689.17,0.12352866226196291,put
730.0,0.8,689.17,0.11956141677856444,put
735.0,0.8,689.17,0.11555602470397949,put
740.0,0.8,689.17,0.11165744308471678,put
750.0,0.8,689.17,0.10436381484985349,put
755.0,0.8,689.17,0.10132734619140624,put
760.0,0.8,689.17,0.09897751617431641,put
765.0,0.8,689.17,0.09758898025512697,put
775.0,0.8,689.17,0.09900803344726564,put
780.0,0.8,689.17,0.2031482273864746,put
785.0,0.8,689.17,0.10511148803710937,put
800.0,0.8,689.17,0.11582305084228516,put
850.0,0.8,689.17,0.2700573483276367,put
885.0,0.8,689.17,0.16904517486572268,put
150.0,1.0164383561643835,689.17,0.5927775097656252,put
200.0,1.0164383561643835,689.17,0.5278367529296876,put
210.0,1.0164383561643835,689.17,0.51562984375,put
220.0,1.0164383561643835,689.17,0.5035450036621094,put
230.0,1.0164383561643835,689.17,0.4973194799804688,put
240.0,1.0164383561643835,689.17,0.48560084716796875,put
245.0,1.0164383561643835,689.17,0.4804739453125,put
250.0,1.0164383561643835,689.17,0.471684970703125,put
255.0,1.0164383561643835,689.17,0.4664359997558594,put
260.0,1.0164383561643835,689.17,0.46130909790039065,put
265.0,1.0164383561643835,689.17,0.4580132324218751,put
270.0,1.0164383561643835,689.17,0.452703226928711,put
275.0,1.0164383561643835,689.17,0.44727115234375,put
280.0,1.0164383561643835,689.17,0.4401301104736328,put
285.0,1.0164383561643835,689.17,0.4373835559082031,put
290.0,1.0164383561643835,689.17,0.43237872314453124,put
295.0,1.0164383561643835,689.17,0.42731285583496104,put
300.0,1.0164383561643835,689.17,0.42035491760253907,put
305.0,1.0164383561643835,689.17,0.41748629394531245,put
310.0,1.0164383561643835,689.17,0.4124204266357422,put
315.0,1.0164383561643835,689.17,0.40759869750976563,put
320.0,1.0164383561643835,689.17,0.4028380029296875,put
325.0,1.0164383561643835,689.17,0.3967345483398438,put
330.0,1.0164383561643835,689.17,0.3934386828613281,put
335.0,1.0164383561643835,689.17,0.3873962628173828,put
340.0,1.0164383561643835,689.17,0.38281867187499996,put
345.0,1.0164383561643835,689.17,0.3795533236694336,put
350.0,1.0164383561643835,689.17,0.3740907318115234,put
355.0,1.0164383561643835,689.17,0.37067279724121094,put
360.0,1.0164383561643835,689.17,0.36524072265625,put
365.0,1.0164383561643835,689.17,0.36096830444335937,put
370.0,1.0164383561643835,689.17,0.3566958862304687,put
375.0,1.0164383561643835,689.17,0.3523624334716796,put
380.0,1.0164383561643835,689.17,0.3481815670776367,put
385.0,1.0164383561643835,689.17,0.34418380432128903,put
390.0,1.0164383561643835,689.17,0.34088793884277346,put
395.0,1.0164383561643835,689.17,0.336920693359375,put
400.0,1.0164383561643835,689.17,0.33219051605224614,put
405.0,1.0164383561643835,689.17,0.32901671966552726,put
410.0,1.0164383561643835,689.17,0.3252325778198242,put
415.0,1.0164383561643835,689.17,0.32059395233154286,put
420.0,1.0164383561643835,689.17,0.31687084503173824,put
425.0,1.0164383561643835,689.17,0.31320877227783206,put
430.0,1.0164383561643835,689.17,0.31021807952880853,put
435.0,1.0164383561643835,689.17,0.3058846267700196,put
440.0,1.0164383561643835,689.17,0.30228358856201176,put
445.0,1.0164383561643835,689.17,0.2987741021728515,put
450.0,1.0164383561643835,689.17,0.2969125485229491,put
455.0,1.0164383561643835,689.17,0.2933115103149413,put
460.0,1.0164383561643835,689.17,0.2889322816467284,put
465.0,1.0164383561643835,689.17,0.28565167480468745,put
470.0,1.0164383561643835,689.17,0.2826152061462402,put
475.0,1.0164383561643835,689.17,0.27924304748535156,put
480.0,1.0164383561643835,689.17,0.27579459564208975,put
485.0,1.0164383561643835,689.17,0.27255976470947263,put
490.0,1.0164383561643835,689.17,0.2727733856201171,put
495.0,1.0164383561643835,689.17,0.26959958923339844,put
500.0,1.0164383561643835,689.17,0.2631451860046387,put
505.0,1.0164383561643835,689.17,0.2602918209838867,put
510.0,1.0164383561643835,689.17,0.2569654382324219,put
515.0,1.0164383561643835,689.17,0.2541273318481446,put
520.0,1.0164383561643835,689.17,0.2509077595520019,put
525.0,1.0164383561643835,689.17,0.2478865495300293,put
530.0,1.0164383561643835,689.17,0.2478712908935547,put
535.0,1.0164383561643835,689.17,0.2419967158508301,put
540.0,1.0164383561643835,689.17,0.23911283355712887,put
545.0,1.0164383561643835,689.17,0.23615265808105468,put
550.0,1.0164383561643835,689.17,0.2332535171508789,put
555.0,1.0164383561643835,689.17,0.23033911758422854,put
560.0,1.0164383561643835,689.17,0.22748575256347653,put
565.0,1.0164383561643835,689.17,0.22476971527099604,put
570.0,1.0164383561643835,689.17,0.2218553157043457,put
575.0,1.0164383561643835,689.17,0.2187883297729492,put
580.0,1.0164383561643835,689.17,0.21607229248046872,put
585.0,1.0164383561643835,689.17,0.21303582382202146,put
590.0,1.0164383561643835,689.17,0.21250940086364747,put
595.0,1.0164383561643835,689.17,0.2073748696899414,put
600.0,1.0164383561643835,689.17,0.2045215046691894,put
605.0,1.0164383561643835,689.17,0.20154607055664062,put
610.0,1.0164383561643835,689.17,0.19844856735229488,put
615.0,1.0164383561643835,689.17,0.19545787460327146,put
620.0,1.0164383561643835,689.17,0.19246718185424805,put
625.0,1.0164383561643835,689.17,0.18946885978698733,put
630.0,1.0164383561643835,689.17,0.18640950317382812,put
635.0,1.0164383561643835,689.17,0.18337303451538084,put
640.0,1.0164383561643835,689.17,0.18025264335632327,put
645.0,1.0164383561643835,689.17,0.1770941056060791,put
650.0,1.0164383561643835,689.17,0.1739584558105469,put
655.0,1.0164383561643835,689.17,0.17079991806030276,put
660.0,1.0164383561643835,689.17,0.16736672485351564,put
665.0,1.0164383561643835,689.17,0.16619180984497073,put
670.0,1.0164383561643835,689.17,0.1609199509429932,put
675.0,1.0164383561643835,689.17,0.15731128341674805,put
680.0,1.0164383561643835,689.17,0.15405356452941896,put
685.0,1.0164383561643835,689.17,0.1504677849578858,put
690.0,1.0164383561643835,689.17,0.1498955860900879,put
695.0,1.0164383561643835,689.17,0.14643187561035154,put
700.0,1.0164383561643835,689.17,0.14013005874633788,put
705.0,1.0164383561643835,689.17,0.1394968253326416,put
710.0,1.0164383561643835,689.17,0.13273724937438966,put
715.0,1.0164383561643835,689.17,0.1324168180084229,put
720.0,1.0164383561643835,689.17,0.1256267247772217,put
725.0,1.0164383561643835,689.17,0.1278010804748535,put
730.0,1.0164383561643835,689.17,0.12403982658386231,put
735.0,1.0164383561643835,689.17,0.12027094337463379,put
740.0,1.0164383561643835,689.17,0.11644865493774414,put
745.0,1.0164383561643835,689.17,0.11267977172851562,put
750.0,1.0164383561643835,689.17,0.1088803712463379,put
755.0,1.0164383561643835,689.17,0.10520303985595703,put
760.0,1.0164383561643835,689.17,0.10166303619384764,put
765.0,1.0164383561643835,689.17,0.09852738639831543,put
770.0,1.0164383561643835,689.17,0.09592578887939454,put
775.0,1.0164383561643835,689.17,0.09412526977539062,put
780.0,1.0164383561643835,689.17,0.0937438038635254,put
785.0,1.0164383561643835,689.17,0.09481190841674805,put
800.0,1.0164383561643835,689.17,0.10294476165771484,put
805.0,1.0164383561643835,689.17,0.10622536849975586,put
810.0,1.0164383561643835,689.17,0.10929235443115234,put
820.0,1.0164383561643835,689.17,0.5060550493621826,put
835.0,1.0164383561643835,689.17,0.27180446220397947,put
840.0,1.0164383561643835,689.17,0.5378159011840821,put
855.0,1.0164383561643835,689.17,0.5734982225799561,put
860.0,1.0164383561643835,689.17,0.13768867691040043,put
870.0,1.0164383561643835,689.17,0.20050848327636717,put
875.0,1.0164383561643835,689.17,0.55166311378479,put
900.0,1.0164383561643835,689.17,0.15816576705932617,put
910.0,1.0164383561643835,689.17,0.3170158020782471,put
925.0,1.0164383561643835,689.17,0.17028112442016607,put
930.0,1.0164383561643835,689.17,0.17258517852783206,put
935.0,1.0164383561643835,689.17,0.1748434567260742,put
50.0,1.093150684931507,689.17,0.7929708203125,put
55.0,1.093150684931507,689.17,0.8007832421875,put
60.0,1.093150684931507,689.17,0.77929908203125,put
65.0,1.093150684931507,689.17,0.7578149218750001,put
70.0,1.093150684931507,689.17,0.7382838671874999,put
75.0,1.093150684931507,689.17,0.719729365234375,put
80.0,1.093150684931507,689.17,0.709963837890625,put
90.0,1.093150684931507,689.17,0.6835969140625001,put
95.0,1.093150684931507,689.17,0.6709017285156251,put
100.0,1.093150684931507,689.17,0.6630893066406252,put
105.0,1.093150684931507,689.17,0.65039412109375,put
125.0,1.093150684931507,689.17,0.6167030517578126,put
130.0,1.093150684931507,689.17,0.6079140771484376,put
140.0,1.093150684931507,689.17,0.5927775097656252,put
150.0,1.093150684931507,689.17,0.5786174951171875,put
160.0,1.093150684931507,689.17,0.5644574804687501,put
165.0,1.093150684931507,689.17,0.5583540258789064,put
170.0,1.093150684931507,689.17,0.551762294921875,put
175.0,1.093150684931507,689.17,0.5454147021484376,put
195.0,1.093150684931507,689.17,0.5205126074218749,put
200.0,1.093150684931507,689.17,0.5148974291992188,put
205.0,1.093150684931507,689.17,0.5090381127929688,put
210.0,1.093150684931507,689.17,0.5026905200195313,put
215.0,1.093150684931507,689.17,0.5037891418457032,put
220.0,1.093150684931507,689.17,0.4979298254394532,put
225.0,1.093150684931507,689.17,0.4919484399414063,put
230.0,1.093150684931507,689.17,0.48608912353515626,put
235.0,1.093150684931507,689.17,0.4802298071289062,put
240.0,1.093150684931507,689.17,0.47485876708984376,put
245.0,1.093150684931507,689.17,0.48682153808593753,put
250.0,1.093150684931507,689.17,0.46362841064453125,put
255.0,1.093150684931507,689.17,0.45825737060546884,put
260.0,1.093150684931507,689.17,0.4528252960205078,put
265.0,1.093150684931507,689.17,0.44788149780273434,put
270.0,1.093150684931507,689.17,0.4397639031982422,put
275.0,1.093150684931507,689.17,0.43744459045410156,put
280.0,1.093150684931507,689.17,0.43243975769042964,put
285.0,1.093150684931507,689.17,0.4250545776367188,put
290.0,1.093150684931507,689.17,0.4226742303466796,put
295.0,1.093150684931507,689.17,0.41760836303710935,put
300.0,1.093150684931507,689.17,0.411138701171875,put
305.0,1.093150684931507,689.17,0.40808697387695314,put
310.0,1.093150684931507,689.17,0.4035704174804688,put
315.0,1.093150684931507,689.17,0.3987486883544922,put
320.0,1.093150684931507,689.17,0.39417109741210943,put
325.0,1.093150684931507,689.17,0.38788453918457033,put
330.0,1.093150684931507,689.17,0.3849853982543945,put
335.0,1.093150684931507,689.17,0.3803467727661133,put
340.0,1.093150684931507,689.17,0.37470107727050783,put
345.0,1.093150684931507,689.17,0.37177141906738287,put
350.0,1.093150684931507,689.17,0.3668276208496094,put
355.0,1.093150684931507,689.17,0.36304347900390627,put
360.0,1.093150684931507,689.17,0.35871002624511716,put
365.0,1.093150684931507,689.17,0.3546207116699218,put
370.0,1.093150684931507,689.17,0.3504398452758788,put
375.0,1.093150684931507,689.17,0.34622846160888665,put
380.0,1.093150684931507,689.17,0.3421696643066406,put
385.0,1.093150684931507,689.17,0.3382634533691406,put
390.0,1.093150684931507,689.17,0.33432672515869144,put
395.0,1.093150684931507,689.17,0.3304815487670898,put
400.0,1.093150684931507,689.17,0.3257513714599609,put
405.0,1.093150684931507,689.17,0.322974299621582,put
410.0,1.093150684931507,689.17,0.31833567413330077,put
415.0,1.093150684931507,689.17,0.31464308410644526,put
420.0,1.093150684931507,689.17,0.3111335977172851,put
425.0,1.093150684931507,689.17,0.3075630767822265,put
430.0,1.093150684931507,689.17,0.30408410766601557,put
435.0,1.093150684931507,689.17,0.3012765185546875,put
440.0,1.093150684931507,689.17,0.2974923767089843,put
445.0,1.093150684931507,689.17,0.2940134075927734,put
450.0,1.093150684931507,689.17,0.2909311630249023,put
455.0,1.093150684931507,689.17,0.29184668121337876,put
460.0,1.093150684931507,689.17,0.28470563934326165,put
465.0,1.093150684931507,689.17,0.2812266702270507,put
470.0,1.093150684931507,689.17,0.2779918392944336,put
475.0,1.093150684931507,689.17,0.27506218109130853,put
480.0,1.093150684931507,689.17,0.271918901977539,put
485.0,1.093150684931507,689.17,0.26888243331909173,put
490.0,1.093150684931507,689.17,0.2657238955688477,put
495.0,1.093150684931507,689.17,0.26578493011474613,put
500.0,1.093150684931507,689.17,0.2594831132507324,put
505.0,1.093150684931507,689.17,0.25678233459472655,put
510.0,1.093150684931507,689.17,0.2568738864135742,put
515.0,1.093150684931507,689.17,0.25063310409545897,put
520.0,1.093150684931507,689.17,0.2478712908935547,put
525.0,1.093150684931507,689.17,0.24485008087158205,put
530.0,1.093150684931507,689.17,0.24221033676147458,put
535.0,1.093150684931507,689.17,0.23921964401245116,put
540.0,1.093150684931507,689.17,0.23651886535644528,put
545.0,1.093150684931507,689.17,0.23354343124389648,put
550.0,1.093150684931507,689.17,0.23101049758911135,put
555.0,1.093150684931507,689.17,0.23072058349609376,put
560.0,1.093150684931507,689.17,0.22515881050109862,put
565.0,1.093150684931507,689.17,0.22249617843627928,put
570.0,1.093150684931507,689.17,0.21952074432373048,put
575.0,1.093150684931507,689.17,0.21672841384887692,put
580.0,1.093150684931507,689.17,0.21411155769348142,put
585.0,1.093150684931507,689.17,0.2111361235809326,put
590.0,1.093150684931507,689.17,0.20831327583312984,put
595.0,1.093150684931507,689.17,0.2054904280853271,put
600.0,1.093150684931507,689.17,0.20282779602050777,put
605.0,1.093150684931507,689.17,0.2001880519104004,put
610.0,1.093150684931507,689.17,0.19707529006958008,put
615.0,1.093150684931507,689.17,0.19639628074645996,put
620.0,1.093150684931507,689.17,0.19113968048095703,put
625.0,1.093150684931507,689.17,0.18821765159606932,put
630.0,1.093150684931507,689.17,0.185280364074707,put
635.0,1.093150684931507,689.17,0.18276268905639648,put
640.0,1.093150684931507,689.17,0.1794134183502197,put
645.0,1.093150684931507,689.17,0.17633880310058597,put
650.0,1.093150684931507,689.17,0.17318789466857912,put
655.0,1.093150684931507,689.17,0.1700598741912842,put
660.0,1.093150684931507,689.17,0.16697000030517584,put
665.0,1.093150684931507,689.17,0.1638000185775757,put
670.0,1.093150684931507,689.17,0.16050796775817874,put
675.0,1.093150684931507,689.17,0.1572578781890869,put
680.0,1.093150684931507,689.17,0.1539238661193848,put
685.0,1.093150684931507,689.17,0.15078058700561525,put
690.0,1.093150684931507,689.17,0.1472787299346924,put
695.0,1.093150684931507,689.17,0.1438989419555664,put
700.0,1.093150684931507,689.17,0.14050389533996582,put
705.0,1.093150684931507,689.17,0.13711647804260255,put
710.0,1.093150684931507,689.17,0.1336069916534424,put
715.0,1.093150684931507,689.17,0.13037216072082516,put
720.0,1.093150684931507,689.17,0.12639728591918942,put
725.0,1.093150684931507,689.17,0.12859452957153317,put
730.0,1.093150684931507,689.17,0.12494771545410156,put
735.0,1.093150684931507,689.17,0.12127801338195801,put
740.0,1.093150684931507,689.17,0.11756253540039063,put
745.0,1.093150684931507,689.17,0.11386994537353515,put
750.0,1.093150684931507,689.17,0.11014683807373046,put
755.0,1.093150684931507,689.17,0.10643898941040039,put
760.0,1.093150684931507,689.17,0.10281506324768067,put
765.0,1.093150684931507,689.17,0.09945053390502928,put
770.0,1.093150684931507,689.17,0.09647509979248048,put
780.0,1.093150684931507,689.17,0.09270621658325195,put
785.0,1.093150684931507,689.17,0.09261466476440428,put
790.0,1.093150684931507,689.17,0.1828160942840576,put
795.0,1.093150684931507,689.17,0.09645984115600587,put
800.0,1.093150684931507,689.17,0.0993132061767578,put
870.0,1.093150684931507,689.17,0.5188723040008544,put
900.0,1.093150684931507,689.17,0.3114158824920653,put
910.0,1.093150684931507,689.17,0.48525752784729004,put
1000.0,1.093150684931507,689.17,0.19586985778808597,put
330.0,1.2657534246575342,689.17,0.4170590521240234,put
335.0,1.2657534246575342,689.17,0.40964335479736325,put
340.0,1.2657534246575342,689.17,0.4023192092895508,put
345.0,1.2657534246575342,689.17,0.40277696838378907,put
350.0,1.2657534246575342,689.17,0.3955443746948243,put
355.0,1.2657534246575342,689.17,0.38843385009765624,put
360.0,1.2657534246575342,689.17,0.3814148773193359,put
375.0,1.2657534246575342,689.17,0.36762106994628907,put
380.0,1.2657534246575342,689.17,0.36084623535156246,put
385.0,1.2657534246575342,689.17,0.36046476943969724,put
390.0,1.2657534246575342,689.17,0.3537662280273437,put
400.0,1.2657534246575342,689.17,0.33365534515380857,put
405.0,1.2657534246575342,689.17,0.33991138610839844,put
410.0,1.2657534246575342,689.17,0.3389043161010742,put
415.0,1.2657534246575342,689.17,0.3216010223388671,put
420.0,1.2657534246575342,689.17,0.3177863632202148,put
425.0,1.2657534246575342,689.17,0.31403273864746095,put
430.0,1.2657534246575342,689.17,0.3184119673156737,put
435.0,1.2657534246575342,689.17,0.3066017826843262,put
440.0,1.2657534246575342,689.17,0.3106453213500976,put
445.0,1.2657534246575342,689.17,0.3089668713378906,put
450.0,1.2657534246575342,689.17,0.29587496124267576,put
460.0,1.2657534246575342,689.17,0.2946847875976562,put
465.0,1.2657534246575342,689.17,0.28563641616821284,put
470.0,1.2657534246575342,689.17,0.28231003341674804,put
475.0,1.2657534246575342,689.17,0.27901416793823236,put
480.0,1.2657534246575342,689.17,0.27579459564208975,put
485.0,1.2657534246575342,689.17,0.27959399612426755,put
490.0,1.2657534246575342,689.17,0.2694317442321777,put
495.0,1.2657534246575342,689.17,0.26634949966430665,put
500.0,1.2657534246575342,689.17,0.2682415705871582,put
505.0,1.2657534246575342,689.17,0.26544924011230464,put
510.0,1.2657534246575342,689.17,0.25708750732421876,put
515.0,1.2657534246575342,689.17,0.2595899237060547,put
520.0,1.2657534246575342,689.17,0.25109086318969726,put
525.0,1.2657534246575342,689.17,0.24813068771362307,put
530.0,1.2657534246575342,689.17,0.25012956909179684,put
535.0,1.2657534246575342,689.17,0.24680318634033205,put
540.0,1.2657534246575342,689.17,0.24340051040649413,put
545.0,1.2657534246575342,689.17,0.23648834808349606,put
550.0,1.2657534246575342,689.17,0.2389755058288574,put
555.0,1.2657534246575342,689.17,0.23075110076904298,put
560.0,1.2657534246575342,689.17,0.22789773574829103,put
565.0,1.2657534246575342,689.17,0.23014075531005856,put
570.0,1.2657534246575342,689.17,0.22620402709960938,put
575.0,1.2657534246575342,689.17,0.21939867523193357,put
580.0,1.2657534246575342,689.17,0.22038285728454585,put
585.0,1.2657534246575342,689.17,0.21370720382690428,put
590.0,1.2657534246575342,689.17,0.2141039283752441,put
595.0,1.2657534246575342,689.17,0.20804624969482416,put
600.0,1.2657534246575342,689.17,0.20947293220520016,put
605.0,1.2657534246575342,689.17,0.20693236923217767,put
610.0,1.2657534246575342,689.17,0.19949378395080566,put
615.0,1.2657534246575342,689.17,0.19945563735961913,put
620.0,1.2657534246575342,689.17,0.19375653663635253,put
625.0,1.2657534246575342,689.17,0.19088028366088866,put
630.0,1.2657534246575342,689.17,0.18811084114074705,put
635.0,1.2657534246575342,689.17,0.18869066932678222,put
640.0,1.2657534246575342,689.17,0.18228967132568358,put
645.0,1.2657534246575342,689.17,0.17932949584960936,put
650.0,1.2657534246575342,689.17,0.1794057890319824,put
655.0,1.2657534246575342,689.17,0.173935567855835,put
660.0,1.2657534246575342,689.17,0.17295901512145997,put
665.0,1.2657534246575342,689.17,0.16792366508483889,put
670.0,1.2657534246575342,689.17,0.1674582766723633,put
675.0,1.2657534246575342,689.17,0.16178969322204587,put
680.0,1.2657534246575342,689.17,0.1611259425354004,put
685.0,1.2657534246575342,689.17,0.15763934410095212,put
690.0,1.2657534246575342,689.17,0.1539162368011475,put
695.0,1.2657534246575342,689.17,0.15157403610229492,put
700.0,1.2657534246575342,689.17,0.14896480926513672,put
710.0,1.2657534246575342,689.17,0.14129352977752685,put
715.0,1.2657534246575342,689.17,0.1394434201049805,put
720.0,1.2657534246575342,689.17,0.13563639030456545,put
725.0,1.2657534246575342,689.17,0.13146696788787843,put
730.0,1.2657534246575342,689.17,0.12858690025329586,put
740.0,1.2657534246575342,689.17,0.14052678329467772,put
750.0,1.2657534246575342,689.17,0.11448029083251954,put
760.0,1.2657534246575342,689.17,0.1069577830505371,put
765.0,1.2657534246575342,689.17,0.13161573959350586,put
770.0,1.2657534246575342,689.17,0.1010984666442871,put
780.0,1.2657534246575342,689.17,0.09476613250732424,put
790.0,1.2657534246575342,689.17,0.13256177505493166,put
800.0,1.2657534246575342,689.17,0.13749794395446782,put
810.0,1.2657534246575342,689.17,0.14452454605102538,put
820.0,1.2657534246575342,689.17,0.10903295761108397,put
50.0,1.5123287671232877,689.17,1.1337933935546878,put
65.0,1.5123287671232877,689.17,1.0092822973632813,put
70.0,1.5123287671232877,689.17,0.9752199743652343,put
75.0,1.5123287671232877,689.17,0.9438482177734374,put
80.0,1.5123287671232877,689.17,0.9146737048339844,put
90.0,1.5123287671232877,689.17,0.8623060644531251,put
95.0,1.5123287671232877,689.17,0.8386246606445311,put
100.0,1.5123287671232877,689.17,0.8162860168457031,put
120.0,1.5123287671232877,689.17,0.7379176599121093,put
135.0,1.5123287671232877,689.17,0.6882965740966798,put
145.0,1.5123287671232877,689.17,0.6584506811523438,put
150.0,1.5123287671232877,689.17,0.6444127355957032,put
175.0,1.5123287671232877,689.17,0.5809978424072266,put
180.0,1.5123287671232877,689.17,0.5695233477783204,put
200.0,1.5123287671232877,689.17,0.5267381311035157,put
210.0,1.5123287671232877,689.17,0.5070850073242188,put
220.0,1.5123287671232877,689.17,0.5552717813110352,put
230.0,1.5123287671232877,689.17,0.5351914157104493,put
240.0,1.5123287671232877,689.17,0.5160265682983399,put
245.0,1.5123287671232877,689.17,0.5067493173217773,put
250.0,1.5123287671232877,689.17,0.49768568725585943,put
260.0,1.5123287671232877,689.17,0.4801077380371094,put
275.0,1.5123287671232877,689.17,0.398443515625,put
280.0,1.5123287671232877,689.17,0.4470270141601562,put
290.0,1.5123287671232877,689.17,0.38587039916992183,put
295.0,1.5123287671232877,689.17,0.42377285217285154,put
300.0,1.5123287671232877,689.17,0.42471888763427734,put
305.0,1.5123287671232877,689.17,0.4172421557617187,put
310.0,1.5123287671232877,689.17,0.40988749298095706,put
315.0,1.5123287671232877,689.17,0.40265489929199216,put
320.0,1.5123287671232877,689.17,0.4030821411132813,put
325.0,1.5123287671232877,689.17,0.39597161651611334,put
330.0,1.5123287671232877,689.17,0.3889526437377929,put
335.0,1.5123287671232877,689.17,0.3820557400512695,put
340.0,1.5123287671232877,689.17,0.3820862573242187,put
345.0,1.5123287671232877,689.17,0.3752809054565429,put
350.0,1.5123287671232877,689.17,0.36856710540771487,put
355.0,1.5123287671232877,689.17,0.3682314154052735,put
365.0,1.5123287671232877,689.17,0.35510898803710933,put
370.0,1.5123287671232877,689.17,0.3544681253051757,put
375.0,1.5123287671232877,689.17,0.34802898071289057,put
380.0,1.5123287671232877,689.17,0.3416661293029785,put
385.0,1.5123287671232877,689.17,0.32791809783935544,put
390.0,1.5123287671232877,689.17,0.32404240417480457,put
395.0,1.5123287671232877,689.17,0.3085243708801269,put
400.0,1.5123287671232877,689.17,0.327155166015625,put
405.0,1.5123287671232877,689.17,0.31307144454956054,put
410.0,1.5123287671232877,689.17,0.3196936927795409,put
415.0,1.5123287671232877,689.17,0.3136360140991211,put
420.0,1.5123287671232877,689.17,0.302665054473877,put
425.0,1.5123287671232877,689.17,0.299262378540039,put
430.0,1.5123287671232877,689.17,0.3044350563049316,put
440.0,1.5123287671232877,689.17,0.2966531517028808,put
445.0,1.5123287671232877,689.17,0.2946847875976562,put
450.0,1.5123287671232877,689.17,0.28316451705932616,put
455.0,1.5123287671232877,689.17,0.28670452072143554,put
460.0,1.5123287671232877,689.17,0.27698476928710936,put
470.0,1.5123287671232877,689.17,0.2710033837890625,put
475.0,1.5123287671232877,689.17,0.2680432083129882,put
480.0,1.5123287671232877,689.17,0.2651593260192871,put
485.0,1.5123287671232877,689.17,0.26226018508911136,put
490.0,1.5123287671232877,689.17,0.2660519562530518,put
495.0,1.5123287671232877,689.17,0.2565687136840821,put
500.0,1.5123287671232877,689.17,0.2538145298004151,put
505.0,1.5123287671232877,689.17,0.2510450872802734,put
510.0,1.5123287671232877,689.17,0.2544477632141114,put
515.0,1.5123287671232877,689.17,0.24553671951293943,put
520.0,1.5123287671232877,689.17,0.24279779426574705,put
525.0,1.5123287671232877,689.17,0.24013516220092768,put
530.0,1.5123287671232877,689.17,0.23742675422668455,put
535.0,1.5123287671232877,689.17,0.23478701011657713,put
540.0,1.5123287671232877,689.17,0.23740386627197263,put
545.0,1.5123287671232877,689.17,0.23390200920104978,put
550.0,1.5123287671232877,689.17,0.22688303642272947,put
555.0,1.5123287671232877,689.17,0.22424329231262202,put
560.0,1.5123287671232877,689.17,0.22525036231994625,put
565.0,1.5123287671232877,689.17,0.22362531753540038,put
570.0,1.5123287671232877,689.17,0.21976488250732418,put
575.0,1.5123287671232877,689.17,0.21791095817565917,put
580.0,1.5123287671232877,689.17,0.21124293403625485,put
585.0,1.5123287671232877,689.17,0.20861844856262202,put
590.0,1.5123287671232877,689.17,0.20604736831665038,put
595.0,1.5123287671232877,689.17,0.20343814147949218,put
600.0,1.5123287671232877,689.17,0.20082891464233393,put
605.0,1.5123287671232877,689.17,0.19821205848693849,put
610.0,1.5123287671232877,689.17,0.19558757301330568,put
615.0,1.5123287671232877,689.17,0.19672434143066403,put
620.0,1.5123287671232877,689.17,0.19032334342956544,put
625.0,1.5123287671232877,689.17,0.18767597000122072,put
630.0,1.5123287671232877,689.17,0.1849980792999267,put
635.0,1.5123287671232877,689.17,0.1823125592803955,put
640.0,1.5123287671232877,689.17,0.17962703926086424,put
645.0,1.5123287671232877,689.17,0.17898617652893065,put
650.0,1.5123287671232877,689.17,0.1769110019683838,put
655.0,1.5123287671232877,689.17,0.1746679824066162,put
660.0,1.5123287671232877,689.17,0.17070836624145513,put
665.0,1.5123287671232877,689.17,0.16815254463195803,put
670.0,1.5123287671232877,689.17,0.16542124870300295,put
675.0,1.5123287671232877,689.17,0.16252210777282713,put
680.0,1.5123287671232877,689.17,0.1594436778640747,put
685.0,1.5123287671232877,689.17,0.15766986137390135,put
690.0,1.5123287671232877,689.17,0.1542099655532837,put
695.0,1.5123287671232877,689.17,0.1505517074584961,put
700.0,1.5123287671232877,689.17,0.1481522868728638,put
705.0,1.5123287671232877,689.17,0.14553161605834958,put
710.0,1.5123287671232877,689.17,0.14267062171936037,put
715.0,1.5123287671232877,689.17,0.13956548919677736,put
720.0,1.5123287671232877,689.17,0.13618570121765136,put
725.0,1.5123287671232877,689.17,0.13403423347473145,put
730.0,1.5123287671232877,689.17,0.13006698799133298,put
735.0,1.5123287671232877,689.17,0.12730517478942874,put
740.0,1.5123287671232877,689.17,0.12420767158508303,put
745.0,1.5123287671232877,689.17,0.12073633178710938,put
750.0,1.5123287671232877,689.17,0.11684537948608398,put
755.0,1.5123287671232877,689.17,0.11419800605773928,put
760.0,1.5123287671232877,689.17,0.11110813217163085,put
770.0,1.5123287671232877,689.17,0.10327282234191892,put
775.0,1.5123287671232877,689.17,0.10042708663940428,put
785.0,1.5123287671232877,689.17,0.09517811569213869,put
