K,T,S0,iv,type
5.0,0.019178082191780823,278.03,13.703126435546874,call
10.0,0.019178082191780823,278.03,11.679690200195312,call
15.0,0.019178082191780823,278.03,10.906253183593751,call
20.0,0.019178082191780823,278.03,9.648441469726562,call
25.0,0.019178082191780823,278.03,8.785160759277343,call
30.0,0.019178082191780823,278.03,8.058598713378906,call
35.0,0.019178082191780823,278.03,7.464844418945313,call
40.0,0.019178082191780823,278.03,6.917970102539062,call
45.0,0.019178082191780823,278.03,6.527345590820314,call
50.0,0.019178082191780823,278.03,5.589846762695313,call
55.0,0.019178082191780823,278.03,8.616215552368164,call
60.0,0.019178082191780823,278.03,4.753910307617186,call
65.0,0.019178082191780823,278.03,4.5117231103515625,call
70.0,0.019178082191780823,278.03,4.289067138671875,call
75.0,0.019178082191780823,278.03,4.126957966308594,call
80.0,0.019178082191780823,278.03,3.8886721533203126,call
85.0,0.019178082191780823,278.03,3.751953745117188,call
90.0,0.019178082191780823,278.03,3.540040212402343,call
95.0,0.019178082191780823,278.03,3.4189467651367185,call
100.0,0.019178082191780823,278.03,3.2294941137695305,call
105.0,0.019178082191780823,278.03,3.307618918457031,call
110.0,0.019178082191780823,278.03,2.983400979003906,call
115.0,0.019178082191780823,278.03,2.88281529296875,call
120.0,0.019178082191780823,278.03,2.488285029296875,call
125.0,0.019178082191780823,278.03,2.6337924780273436,call
130.0,0.019178082191780823,278.03,2.4892615893554684,call
135.0,0.019178082191780823,278.03,2.2900433374023432,call
140.0,0.019178082191780823,278.03,2.295902697753906,call
145.0,0.019178082191780823,278.03,2.25928169555664,call
150.0,0.019178082191780823,278.03,1.8955083349609376,call
155.0,0.019178082191780823,278.03,1.5273461132812498,call
160.0,0.019178082191780823,278.03,1.732423212890625,call
165.0,0.019178082191780823,278.03,1.8232430712890624,call
170.0,0.019178082191780823,278.03,1.5488303808593749,call
175.0,0.019178082191780823,278.03,1.4941431542968748,call
180.0,0.019178082191780823,278.03,1.1328168359375002,call
185.0,0.019178082191780823,278.03,1.32422212890625,call
190.0,0.019178082191780823,278.03,1.2812535937499998,call
195.0,0.019178082191780823,278.03,0.9433599414062499,call
200.0,0.019178082191780823,278.03,1.1220747021484376,call
205.0,0.019178082191780823,278.03,0.9501958105468749,call
210.0,0.019178082191780823,278.03,0.9785158398437501,call
215.0,0.019178082191780823,278.03,0.8828136718749999,call
220.0,0.019178082191780823,278.03,0.788088056640625,call
222.5,0.019178082191780823,278.03,0.5195360546875,call
225.0,0.019178082191780823,278.03,0.5429733203125001,call
227.5,0.019178082191780823,278.03,0.9372564868164062,call
230.0,0.019178082191780823,278.03,0.659183095703125,call
232.5,0.019178082191780823,278.03,0.6782258740234376,call
235.0,0.019178082191780823,278.03,0.5961954443359375,call
237.5,0.019178082191780823,278.03,0.6171913281250001,call
240.0,0.019178082191780823,278.03,0.594730615234375,call
242.5,0.019178082191780823,278.03,0.5019581054687501,call
245.0,0.019178082191780823,278.03,0.5551802294921876,call
247.5,0.019178082191780823,278.03,0.49805189453125004,call
250.0,0.019178082191780823,278.03,0.43604079589843747,call
252.5,0.019178082191780823,278.03,0.5205126074218749,call
255.0,0.019178082191780823,278.03,0.411138701171875,call
257.5,0.019178082191780823,278.03,0.47949739257812496,call
260.0,0.019178082191780823,278.03,0.32691102783203124,call
262.5,0.019178082191780823,278.03,0.2981027221679687,call
265.0,0.019178082191780823,278.03,0.2732006274414062,call
267.5,0.019178082191780823,278.03,0.2500075,call
270.0,0.019178082191780823,278.03,0.23035437622070312,call
272.5,0.019178082191780823,278.03,0.2546461254882813,call
275.0,0.019178082191780823,278.03,0.20069158691406247,call
277.5,0.019178082191780823,278.03,0.18836260864257812,call
280.0,0.019178082191780823,278.03,0.18238122314453126,call
282.5,0.019178082191780823,278.03,0.17627776855468752,call
285.0,0.019178082191780823,278.03,0.1753012158203125,call
287.5,0.019178082191780823,278.03,0.17627776855468752,call
290.0,0.019178082191780823,278.03,0.17993984130859375,call
292.5,0.019178082191780823,278.03,0.1860432958984375,call
295.0,0.019178082191780823,278.03,0.195320546875,call
300.0,0.019178082191780823,278.03,0.22071091796874998,call
305.0,0.019178082191780823,278.03,0.25391371093750004,call
310.0,0.019178082191780823,278.03,0.28321029296874994,call
315.0,0.019178082191780823,278.03,0.31836619140624994,call
320.0,0.019178082191780823,278.03,0.31641308593749995,call
325.0,0.019178082191780823,278.03,0.3437565625,call
330.0,0.019178082191780823,278.03,0.37500625,call
335.0,0.019178082191780823,278.03,0.500005,call
340.0,0.019178082191780823,278.03,0.46484910156250003,call
345.0,0.019178082191780823,278.03,0.46094289062500005,call
350.0,0.019178082191780823,278.03,0.49219257812500006,call
360.0,0.019178082191780823,278.03,0.51562984375,call
370.0,0.019178082191780823,278.03,0.5625043750000001,call
380.0,0.019178082191780823,278.03,0.6093789062500001,call
390.0,0.019178082191780823,278.03,0.6562534375000001,call
400.0,0.019178082191780823,278.03,0.70312796875,call
410.0,0.019178082191780823,278.03,0.7500025,call
420.0,0.019178082191780823,278.03,0.7812521875,call
430.0,0.019178082191780823,278.03,0.8281267187499999,call
440.0,0.019178082191780823,278.03,0.87500125,call
450.0,0.019178082191780823,278.03,0.9062509375,call
110.0,0.038356164383561646,278.03,2.6123081567382815,call
120.0,0.038356164383561646,278.03,2.3906290234374996,call
125.0,0.038356164383561646,278.03,1.2812535937499998,call
150.0,0.038356164383561646,278.03,1.5302757861328122,call
155.0,0.038356164383561646,278.03,1.6235370385742187,call
170.0,0.038356164383561646,278.03,0.9511723632812499,call
180.0,0.038356164383561646,278.03,0.84961087890625,call
185.0,0.038356164383561646,278.03,0.8242205078124999,call
190.0,0.038356164383561646,278.03,1.173588116455078,call
195.0,0.038356164383561646,278.03,1.0146533642578124,call
200.0,0.038356164383561646,278.03,0.7128934960937501,call
205.0,0.038356164383561646,278.03,0.8745129736328124,call
210.0,0.038356164383561646,278.03,0.631839619140625,call
215.0,0.038356164383561646,278.03,0.6152382226562501,call
220.0,0.038356164383561646,278.03,0.676761044921875,call
225.0,0.038356164383561646,278.03,0.5122119091796875,call
230.0,0.038356164383561646,278.03,0.6086464916992189,call
235.0,0.038356164383561646,278.03,0.5092822509765625,call
240.0,0.038356164383561646,278.03,0.4721732470703125,call
245.0,0.038356164383561646,278.03,0.4606987524414063,call
250.0,0.038356164383561646,278.03,0.3996642065429688,call
255.0,0.038356164383561646,278.03,0.3481510498046875,call
260.0,0.038356164383561646,278.03,0.2946847875976562,call
265.0,0.038356164383561646,278.03,0.2557447473144532,call
270.0,0.038356164383561646,278.03,0.2153398779296875,call
275.0,0.038356164383561646,278.03,0.19361157958984376,call
280.0,0.038356164383561646,278.03,0.18073329040527342,call
282.5,0.038356164383561646,278.03,0.18323570678710935,call
285.0,0.038356164383561646,278.03,0.17310397216796874,call
290.0,0.038356164383561646,278.03,0.17115086669921875,call
295.0,0.038356164383561646,278.03,0.17432466308593753,call
300.0,0.038356164383561646,278.03,0.180672255859375,call
305.0,0.038356164383561646,278.03,0.20117986328124998,call
310.0,0.038356164383561646,278.03,0.225593681640625,call
315.0,0.038356164383561646,278.03,0.22852333984375,call
320.0,0.038356164383561646,278.03,0.34717449707031245,call
325.0,0.038356164383561646,278.03,0.257819921875,call
330.0,0.038356164383561646,278.03,0.4062559375,call
335.0,0.038356164383561646,278.03,0.35938140625,call
340.0,0.038356164383561646,278.03,0.4643608251953125,call
345.0,0.038356164383561646,278.03,0.49219257812500006,call
350.0,0.038356164383561646,278.03,0.5195360546875,call
355.0,0.038356164383561646,278.03,0.5463912548828126,call
360.0,0.038356164383561646,278.03,0.5224657128906249,call
365.0,0.038356164383561646,278.03,0.5459029785156251,call
370.0,0.038356164383561646,278.03,0.569340244140625,call
380.0,0.038356164383561646,278.03,0.6152382226562501,call
385.0,0.038356164383561646,278.03,0.6367223828125,call
400.0,0.038356164383561646,278.03,0.70117486328125,call
145.0,0.057534246575342465,278.03,1.15234798828125,call
150.0,0.057534246575342465,278.03,1.1748088134765624,call
170.0,0.057534246575342465,278.03,0.9687503125,call
175.0,0.057534246575342465,278.03,0.870118486328125,call
190.0,0.057534246575342465,278.03,0.7578149218750001,call
195.0,0.057534246575342465,278.03,0.7124052197265626,call
200.0,0.057534246575342465,278.03,0.7016631396484375,call
205.0,0.057534246575342465,278.03,0.6381872119140625,call
210.0,0.057534246575342465,278.03,0.6645541357421877,call
215.0,0.057534246575342465,278.03,0.5629926513671876,call
220.0,0.057534246575342465,278.03,0.5200243310546875,call
225.0,0.057534246575342465,278.03,0.6857941577148439,call
230.0,0.057534246575342465,278.03,0.5463912548828126,call
235.0,0.057534246575342465,278.03,0.5632367895507813,call
240.0,0.057534246575342465,278.03,0.4630180651855469,call
245.0,0.057534246575342465,278.03,0.4859670544433594,call
250.0,0.057534246575342465,278.03,0.3931945446777344,call
255.0,0.057534246575342465,278.03,0.3221503332519531,call
260.0,0.057534246575342465,278.03,0.2771068383789062,call
265.0,0.057534246575342465,278.03,0.247077841796875,call
270.0,0.057534246575342465,278.03,0.22071091796874998,call
275.0,0.057534246575342465,278.03,0.2024005541992187,call
280.0,0.057534246575342465,278.03,0.18885088500976563,call
285.0,0.057534246575342465,278.03,0.18274743041992186,call
290.0,0.057534246575342465,278.03,0.17932949584960936,call
295.0,0.057534246575342465,278.03,0.17701018310546873,call
300.0,0.057534246575342465,278.03,0.178719150390625,call
305.0,0.057534246575342465,278.03,0.18799640136718748,call
310.0,0.057534246575342465,278.03,0.20020331054687499,call
315.0,0.057534246575342465,278.03,0.21192194335937498,call
320.0,0.057534246575342465,278.03,0.2827220166015625,call
325.0,0.057534246575342465,278.03,0.31836619140624994,call
330.0,0.057534246575342465,278.03,0.23438265625,call
335.0,0.057534246575342465,278.03,0.366217275390625,call
340.0,0.057534246575342465,278.03,0.39014281738281253,call
345.0,0.057534246575342465,278.03,0.4106504248046875,call
350.0,0.057534246575342465,278.03,0.41699801757812494,call
355.0,0.057534246575342465,278.03,0.4555718505859375,call
400.0,0.057534246575342465,278.03,0.584965087890625,call
150.0,0.07671232876712329,278.03,1.0957076464843751,call
170.0,0.07671232876712329,278.03,0.9150399121093751,call
190.0,0.07671232876712329,278.03,0.648441015625,call
195.0,0.07671232876712329,278.03,0.7697776928710938,call
200.0,0.07671232876712329,278.03,0.6889679541015626,call
210.0,0.07671232876712329,278.03,0.6098671826171876,call
220.0,0.07671232876712329,278.03,0.5459029785156251,call
225.0,0.07671232876712329,278.03,0.5483443603515626,call
230.0,0.07671232876712329,278.03,0.5122119091796875,call
235.0,0.07671232876712329,278.03,0.5101367346191408,call
240.0,0.07671232876712329,278.03,0.45386288330078123,call
245.0,0.07671232876712329,278.03,0.43396562133789063,call
250.0,0.07671232876712329,278.03,0.3726869372558594,call
255.0,0.07671232876712329,278.03,0.3043282458496094,call
260.0,0.07671232876712329,278.03,0.2791820129394531,call
265.0,0.07671232876712329,278.03,0.25580578186035163,call
270.0,0.07671232876712329,278.03,0.22919471984863282,call
275.0,0.07671232876712329,278.03,0.2127153924560547,call
280.0,0.07671232876712329,278.03,0.20172917419433595,call
285.0,0.07671232876712329,278.03,0.19330640686035155,call
290.0,0.07671232876712329,278.03,0.18805743591308594,call
295.0,0.07671232876712329,278.03,0.1901936450195313,call
300.0,0.07671232876712329,278.03,0.18738605590820312,call
305.0,0.07671232876712329,278.03,0.19117019775390626,call
310.0,0.07671232876712329,278.03,0.1948322705078125,call
315.0,0.07671232876712329,278.03,0.2036212451171875,call
320.0,0.07671232876712329,278.03,0.2148516015625,call
325.0,0.07671232876712329,278.03,0.225593681640625,call
330.0,0.07671232876712329,278.03,0.30298548583984375,call
335.0,0.07671232876712329,278.03,0.3227606787109374,call
340.0,0.07671232876712329,278.03,0.3437565625,call
345.0,0.07671232876712329,278.03,0.3618227880859375,call
350.0,0.07671232876712329,278.03,0.38233039550781245,call
370.0,0.07671232876712329,278.03,0.45508357421875,call
375.0,0.07671232876712329,278.03,0.4731497998046875,call
380.0,0.07671232876712329,278.03,0.4907277490234375,call
400.0,0.07671232876712329,278.03,0.5117236328125,call
5.0,0.0958904109589041,278.03,8.519535925292967,call
10.0,0.0958904109589041,278.03,3.50000125,call
15.0,0.0958904109589041,278.03,5.664065419921874,call
20.0,0.0958904109589041,278.03,2.92969017578125,call
25.0,0.0958904109589041,278.03,2.88281529296875,call
30.0,0.0958904109589041,278.03,2.6562533593750004,call
35.0,0.0958904109589041,278.03,1.0000000000000003e-05,call
40.0,0.0958904109589041,278.03,3.300782998046875,call
45.0,0.0958904109589041,278.03,1.0000000000000003e-05,call
50.0,0.0958904109589041,278.03,2.0937547656249995,call
55.0,0.0958904109589041,278.03,2.021489321289063,call
60.0,0.0958904109589041,278.03,1.0000000000000003e-05,call
65.0,0.0958904109589041,278.03,2.5239294714355465,call
70.0,0.0958904109589041,278.03,1.0000000000000003e-05,call
75.0,0.0958904109589041,278.03,1.0000000000000003e-05,call
80.0,0.0958904109589041,278.03,1.6875015625,call
85.0,0.0958904109589041,278.03,1.626954990234375,call
90.0,0.0958904109589041,278.03,1.5527366113281247,call
95.0,0.0958904109589041,278.03,1.8818365283203122,call
100.0,0.0958904109589041,278.03,1.4589870800781248,call
105.0,0.0958904109589041,278.03,1.3183627832031248,call
110.0,0.0958904109589041,278.03,1.3310580322265622,call
115.0,0.0958904109589041,278.03,1.272464575195312,call
120.0,0.0958904109589041,278.03,1.2148476757812499,call
125.0,0.0958904109589041,278.03,1.1923868505859376,call
130.0,0.0958904109589041,278.03,1.2202187426757813,call
135.0,0.0958904109589041,278.03,1.11328568359375,call
140.0,0.0958904109589041,278.03,1.1616252856445315,call
145.0,0.0958904109589041,278.03,0.9975586181640624,call
150.0,0.0958904109589041,278.03,1.0727585424804689,call
155.0,0.0958904109589041,278.03,0.9975586181640624,call
160.0,0.0958904109589041,278.03,0.9345709667968749,call
165.0,0.0958904109589041,278.03,0.8989267919921874,call
170.0,0.0958904109589041,278.03,0.8764660791015625,call
175.0,0.0958904109589041,278.03,0.8103046313476561,call
180.0,0.0958904109589041,278.03,0.8488784643554688,call
185.0,0.0958904109589041,278.03,0.7534204345703125,call
190.0,0.0958904109589041,278.03,0.7006865869140625,call
195.0,0.0958904109589041,278.03,0.7111845288085938,call
200.0,0.0958904109589041,278.03,0.6398961791992188,call
205.0,0.0958904109589041,278.03,0.5969278588867188,call
210.0,0.0958904109589041,278.03,0.5578657495117189,call
215.0,0.0958904109589041,278.03,0.5112353564453125,call
220.0,0.0958904109589041,278.03,0.5339402075195312,call
225.0,0.0958904109589041,278.03,0.5163622583007812,call
230.0,0.0958904109589041,278.03,0.5139208764648437,call
235.0,0.0958904109589041,278.03,0.41431249755859373,call
240.0,0.0958904109589041,278.03,0.4337214831542969,call
245.0,0.0958904109589041,278.03,0.350470362548828,call
250.0,0.0958904109589041,278.03,0.32300481689453114,call
255.0,0.0958904109589041,278.03,0.29730927307128896,call
260.0,0.0958904109589041,278.03,0.27362786926269533,call
265.0,0.0958904109589041,278.03,0.25324233093261717,call
270.0,0.0958904109589041,278.03,0.23615265808105468,call
275.0,0.0958904109589041,278.03,0.22184005706787108,call
280.0,0.0958904109589041,278.03,0.21143366699218746,call
285.0,0.0958904109589041,278.03,0.2030108996582031,call
290.0,0.0958904109589041,278.03,0.1977619287109375,call
295.0,0.0958904109589041,278.03,0.19519847778320312,call
300.0,0.0958904109589041,278.03,0.1947102014160156,call
305.0,0.0958904109589041,278.03,0.19654123779296873,call
310.0,0.0958904109589041,278.03,0.19947089599609374,call
315.0,0.0958904109589041,278.03,0.20386538330078124,call
320.0,0.0958904109589041,278.03,0.2104571142578125,call
325.0,0.0958904109589041,278.03,0.21143366699218746,call
330.0,0.0958904109589041,278.03,0.22461712890624996,call
335.0,0.0958904109589041,278.03,0.23633576171874998,call
340.0,0.0958904109589041,278.03,0.252937158203125,call
350.0,0.0958904109589041,278.03,0.257819921875,call
360.0,0.0958904109589041,278.03,0.3413151806640625,call
370.0,0.0958904109589041,278.03,0.31445998046874996,call
380.0,0.0958904109589041,278.03,0.3632876171875,call
390.0,0.0958904109589041,278.03,0.3437565625,call
400.0,0.0958904109589041,278.03,0.42578699218750005,call
410.0,0.0958904109589041,278.03,0.45898978515625005,call
420.0,0.0958904109589041,278.03,0.499028447265625,call
430.0,0.0958904109589041,278.03,0.5390671093750001,call
440.0,0.0958904109589041,278.03,0.5644574804687501,call
450.0,0.0958904109589041,278.03,0.476567734375,call
215.0,0.11506849315068493,278.03,0.6225623681640625,call
230.0,0.11506849315068493,278.03,0.4598442687988281,call
240.0,0.11506849315068493,278.03,0.4193173303222656,call
245.0,0.11506849315068493,278.03,0.3786683227539062,call
250.0,0.11506849315068493,278.03,0.32947447875976554,call
255.0,0.11506849315068493,278.03,0.30982135498046875,call
265.0,0.11506849315068493,278.03,0.2556837127685547,call
270.0,0.11506849315068493,278.03,0.23633576171874998,call
275.0,0.11506849315068493,278.03,0.2245560943603515,call
280.0,0.11506849315068493,278.03,0.21341728973388674,call
285.0,0.11506849315068493,278.03,0.20673400695800775,call
290.0,0.11506849315068493,278.03,0.2003864141845703,call
295.0,0.11506849315068493,278.03,0.19800606689453126,call
300.0,0.11506849315068493,278.03,0.204536763305664,call
305.0,0.11506849315068493,278.03,0.1977619287109375,call
310.0,0.11506849315068493,278.03,0.19995917236328126,call
100.0,0.1917808219178082,278.03,1.1206098657226562,call
105.0,0.1917808219178082,278.03,1.0971724829101563,call
110.0,0.1917808219178082,278.03,1.0424852563476565,call
115.0,0.1917808219178082,278.03,1.0297900073242188,call
120.0,0.1917808219178082,278.03,0.989257919921875,call
125.0,0.1917808219178082,278.03,0.9548344360351562,call
130.0,0.1917808219178082,278.03,0.9211433666992188,call
135.0,0.1917808219178082,278.03,0.8842785009765625,call
140.0,0.1917808219178082,278.03,0.8481460498046874,call
145.0,0.1917808219178082,278.03,0.8095722167968749,call
150.0,0.1917808219178082,278.03,0.7211941943359376,call
155.0,0.1917808219178082,278.03,0.743166630859375,call
160.0,0.1917808219178082,278.03,0.6696810375976563,call
165.0,0.1917808219178082,278.03,0.6853058813476562,call
170.0,0.1917808219178082,278.03,0.6596713720703126,call
175.0,0.1917808219178082,278.03,0.6315954809570312,call
180.0,0.1917808219178082,278.03,0.6470982556152343,call
185.0,0.1917808219178082,278.03,0.5805706005859376,call
190.0,0.1917808219178082,278.03,0.5529829858398438,call
195.0,0.1917808219178082,278.03,0.5295457202148439,call
200.0,0.1917808219178082,278.03,0.5194139855957032,call
205.0,0.1917808219178082,278.03,0.529423651123047,call
210.0,0.1917808219178082,278.03,0.49945568908691407,call
215.0,0.1917808219178082,278.03,0.4981739636230469,call
220.0,0.1917808219178082,278.03,0.469304623413086,call
225.0,0.1917808219178082,278.03,0.4563042651367188,call
230.0,0.1917808219178082,278.03,0.3975890319824219,call
235.0,0.1917808219178082,278.03,0.38013315185546875,call
240.0,0.1917808219178082,278.03,0.36249416809082036,call
245.0,0.1917808219178082,278.03,0.3443669079589844,call
250.0,0.1917808219178082,278.03,0.32672792419433594,call
255.0,0.1917808219178082,278.03,0.3117134259033203,call
260.0,0.1917808219178082,278.03,0.2970041003417968,call
265.0,0.1917808219178082,278.03,0.2818064984130859,call
270.0,0.1917808219178082,278.03,0.2708813146972656,call
275.0,0.1917808219178082,278.03,0.2639844110107422,call
280.0,0.1917808219178082,278.03,0.255164919128418,call
285.0,0.1917808219178082,278.03,0.24713887634277343,call
290.0,0.1917808219178082,278.03,0.24066921447753903,call
295.0,0.1917808219178082,278.03,0.23706817626953125,call
300.0,0.1917808219178082,278.03,0.23371127624511717,call
305.0,0.1917808219178082,278.03,0.23285679260253905,call
310.0,0.1917808219178082,278.03,0.2302933416748047,call
315.0,0.1917808219178082,278.03,0.22919471984863282,call
320.0,0.1917808219178082,278.03,0.2301712725830078,call
325.0,0.1917808219178082,278.03,0.2309647216796875,call
330.0,0.1917808219178082,278.03,0.23169713623046873,call
335.0,0.1917808219178082,278.03,0.23316196533203126,call
340.0,0.1917808219178082,278.03,0.23511507080078126,call
350.0,0.1917808219178082,278.03,0.23975369628906246,call
360.0,0.1917808219178082,278.03,0.24463645996093752,call
370.0,0.1917808219178082,278.03,0.25196060546875,call
380.0,0.1917808219178082,278.03,0.260749580078125,call
390.0,0.1917808219178082,278.03,0.3364324169921875,call
400.0,0.1917808219178082,278.03,0.31055376953124997,call
410.0,0.1917808219178082,278.03,0.28125718749999995,call
420.0,0.1917808219178082,278.03,0.4028380029296875,call
430.0,0.1917808219178082,278.03,0.39942006835937505,call
440.0,0.1917808219178082,278.03,0.43848217773437503,call
450.0,0.1917808219178082,278.03,0.45654840332031255,call
90.0,0.2684931506849315,278.03,1.0737351000976565,call
95.0,0.2684931506849315,278.03,1.0000000000000003e-05,call
100.0,0.2684931506849315,278.03,1.0241748010253908,call
105.0,0.2684931506849315,278.03,1.6660172949218752,call
110.0,0.2684931506849315,278.03,0.956055126953125,call
115.0,0.2684931506849315,278.03,0.9104012866210938,call
120.0,0.2684931506849315,278.03,0.877930908203125,call
125.0,0.2684931506849315,278.03,0.8461929443359374,call
130.0,0.2684931506849315,278.03,0.7741721801757813,call
135.0,0.2684931506849315,278.03,0.7729514892578125,call
140.0,0.2684931506849315,278.03,0.7556176782226562,call
145.0,0.2684931506849315,278.03,0.7215604016113282,call
150.0,0.2684931506849315,278.03,0.6987334814453126,call
155.0,0.2684931506849315,278.03,0.6567417138671876,call
160.0,0.2684931506849315,278.03,0.6528355029296876,call
165.0,0.2684931506849315,278.03,0.6506382592773439,call
170.0,0.2684931506849315,278.03,0.6330603100585939,call
175.0,0.2684931506849315,278.03,0.5819133605957032,call
180.0,0.2684931506849315,278.03,0.5589643713378907,call
185.0,0.2684931506849315,278.03,0.5553022985839844,call
190.0,0.2684931506849315,278.03,0.5230760583496092,call
195.0,0.2684931506849315,278.03,0.5373581420898439,call
200.0,0.2684931506849315,278.03,0.5096484582519532,call
210.0,0.2684931506849315,278.03,0.4611870288085938,call
220.0,0.2684931506849315,278.03,0.44116769775390624,call
230.0,0.2684931506849315,278.03,0.3831238446044921,call
240.0,0.2684931506849315,278.03,0.35559726440429684,call
250.0,0.2684931506849315,278.03,0.32532412963867186,call
260.0,0.2684931506849315,278.03,0.2997506549072265,call
270.0,0.2684931506849315,278.03,0.27921253021240233,call
280.0,0.2684931506849315,278.03,0.2630078582763672,call
290.0,0.2684931506849315,278.03,0.2500990518188476,call
300.0,0.2684931506849315,278.03,0.24176783630371096,call
310.0,0.2684931506849315,278.03,0.23679352081298827,call
320.0,0.2684931506849315,278.03,0.23474886352539062,call
330.0,0.2684931506849315,278.03,0.23517610534667968,call
340.0,0.2684931506849315,278.03,0.23633576171874998,call
350.0,0.2684931506849315,278.03,0.2387771435546875,call
360.0,0.2684931506849315,278.03,0.2425612854003906,call
370.0,0.2684931506849315,278.03,0.24585715087890625,call
380.0,0.2684931506849315,278.03,0.2500075,call
390.0,0.2684931506849315,278.03,0.2553785400390626,call
400.0,0.2684931506849315,278.03,0.3127510131835937,call
410.0,0.2684931506849315,278.03,0.29834686035156244,call
420.0,0.2684931506849315,278.03,0.3437565625,call
430.0,0.2684931506849315,278.03,0.31836619140624994,call
440.0,0.2684931506849315,278.03,0.340826904296875,call
450.0,0.2684931506849315,278.03,0.331061376953125,call
120.0,0.3452054794520548,278.03,0.8271501660156249,call
125.0,0.3452054794520548,278.03,1.0000000000000003e-05,call
130.0,0.3452054794520548,278.03,0.7729514892578125,call
135.0,0.3452054794520548,278.03,0.7454859436035157,call
140.0,0.3452054794520548,278.03,0.7226590234375,call
145.0,0.3452054794520548,278.03,0.6962920996093751,call
150.0,0.3452054794520548,278.03,0.672122419433594,call
155.0,0.3452054794520548,278.03,0.6579624047851562,call
160.0,0.3452054794520548,278.03,0.626102371826172,call
165.0,0.3452054794520548,278.03,0.6041299353027345,call
170.0,0.3452054794520548,278.03,0.5930216479492189,call
175.0,0.3452054794520548,278.03,0.5604902349853516,call
180.0,0.3452054794520548,278.03,0.5399826275634767,call
185.0,0.3452054794520548,278.03,0.5205126074218749,call
190.0,0.3452054794520548,278.03,0.5008594836425782,call
195.0,0.3452054794520548,278.03,0.5464522894287109,call
200.0,0.3452054794520548,278.03,0.5123950128173829,call
205.0,0.3452054794520548,278.03,0.4646049633789063,call
210.0,0.3452054794520548,278.03,0.4514825360107422,call
215.0,0.3452054794520548,278.03,0.43280596496582036,call
220.0,0.3452054794520548,278.03,0.41370215209960937,call
225.0,0.3452054794520548,278.03,0.3953307537841797,call
230.0,0.3452054794520548,278.03,0.37995004821777345,call
235.0,0.3452054794520548,278.03,0.3635012380981446,call
240.0,0.3452054794520548,278.03,0.3523624334716796,call
245.0,0.3452054794520548,278.03,0.3404606970214844,call
250.0,0.3452054794520548,278.03,0.32672792419433594,call
255.0,0.3452054794520548,278.03,0.3157417059326171,call
260.0,0.3452054794520548,278.03,0.3034127276611328,call
265.0,0.3452054794520548,278.03,0.2937692694091796,call
270.0,0.3452054794520548,278.03,0.284614087524414,call
275.0,0.3452054794520548,278.03,0.2764659756469726,call
280.0,0.3452054794520548,278.03,0.2697521755981446,call
285.0,0.3452054794520548,278.03,0.2627942373657227,call
290.0,0.3452054794520548,278.03,0.2569654382324219,call
295.0,0.3452054794520548,278.03,0.25226577819824214,call
300.0,0.3452054794520548,278.03,0.24799335998535155,call
305.0,0.3452054794520548,278.03,0.24521628814697266,call
310.0,0.3452054794520548,278.03,0.2425307681274414,call
315.0,0.3452054794520548,278.03,0.24024197265624997,call
320.0,0.3452054794520548,278.03,0.23883817810058594,call
325.0,0.3452054794520548,278.03,0.237739556274414,call
330.0,0.3452054794520548,278.03,0.242195078125,call
340.0,0.3452054794520548,278.03,0.23712921081542968,call
350.0,0.3452054794520548,278.03,0.23841093627929685,call
360.0,0.3452054794520548,278.03,0.23975369628906246,call
370.0,0.3452054794520548,278.03,0.24146266357421875,call
380.0,0.3452054794520548,278.03,0.264655791015625,call
390.0,0.3452054794520548,278.03,0.27417718017578124,call
400.0,0.3452054794520548,278.03,0.249030947265625,call
410.0,0.3452054794520548,278.03,0.2951730639648437,call
420.0,0.3452054794520548,278.03,0.25586681640625003,call
430.0,0.3452054794520548,278.03,0.32031929687499994,call
440.0,0.3452054794520548,278.03,0.3325262060546875,call
450.0,0.3452054794520548,278.03,0.30274134765625,call
5.0,0.42191780821917807,278.03,3.9541016772460935,call
10.0,0.42191780821917807,278.03,1.8281258593749998,call
15.0,0.42191780821917807,278.03,1.71875140625,call
30.0,0.42191780821917807,278.03,1.0000000000000003e-05,call
40.0,0.42191780821917807,278.03,1.3793976342773435,call
50.0,0.42191780821917807,278.03,1.2529334228515623,call
60.0,0.42191780821917807,278.03,1.0000000000000003e-05,call
70.0,0.42191780821917807,278.03,1.0043995092773437,call
80.0,0.42191780821917807,278.03,1.0312548437500002,call
85.0,0.42191780821917807,278.03,0.9975586181640624,call
90.0,0.42191780821917807,278.03,0.9621585815429687,call
95.0,0.42191780821917807,278.03,0.9282233740234375,call
100.0,0.42191780821917807,278.03,0.9116219775390625,call
105.0,0.42191780821917807,278.03,0.8193377441406249,call
115.0,0.42191780821917807,278.03,0.8044453149414061,call
120.0,0.42191780821917807,278.03,0.7866232275390624,call
125.0,0.42191780821917807,278.03,0.7545190563964843,call
130.0,0.42191780821917807,278.03,0.725588681640625,call
135.0,0.42191780821917807,278.03,0.719729365234375,call
140.0,0.42191780821917807,278.03,0.681887946777344,call
145.0,0.42191780821917807,278.03,0.6610141320800782,call
150.0,0.42191780821917807,278.03,0.6196327099609377,call
155.0,0.42191780821917807,278.03,0.6168251208496094,call
160.0,0.42191780821917807,278.03,0.5963785479736328,call
165.0,0.42191780821917807,278.03,0.5806926696777344,call
170.0,0.42191780821917807,278.03,0.556767127685547,call
175.0,0.42191780821917807,278.03,0.5385788330078126,call
180.0,0.42191780821917807,278.03,0.5201464001464844,call
185.0,0.42191780821917807,278.03,0.5025074163818359,call
190.0,0.42191780821917807,278.03,0.5311936529541017,call
195.0,0.42191780821917807,278.03,0.5214891601562499,call
200.0,0.42191780821917807,278.03,0.4700370379638672,call
210.0,0.42191780821917807,278.03,0.43707838317871095,call
220.0,0.42191780821917807,278.03,0.4068357656860352,call
230.0,0.42191780821917807,278.03,0.3809876354980468,call
240.0,0.42191780821917807,278.03,0.3546207116699218,call
250.0,0.42191780821917807,278.03,0.333563793334961,call
260.0,0.42191780821917807,278.03,0.3257513714599609,call
270.0,0.42191780821917807,278.03,0.29837737762451166,call
280.0,0.42191780821917807,278.03,0.28577374389648436,call
290.0,0.42191780821917807,278.03,0.2726513165283203,call
300.0,0.42191780821917807,278.03,0.2634656173706055,call
310.0,0.42191780821917807,278.03,0.2573316455078125,call
320.0,0.42191780821917807,278.03,0.25269302001953126,call
330.0,0.42191780821917807,278.03,0.25107560455322264,call
340.0,0.42191780821917807,278.03,0.24948870635986325,call
350.0,0.42191780821917807,278.03,0.24927508544921873,call
360.0,0.42191780821917807,278.03,0.2493971545410156,call
370.0,0.42191780821917807,278.03,0.25061784545898436,call
380.0,0.42191780821917807,278.03,0.2515943981933594,call
390.0,0.42191780821917807,278.03,0.25318129638671877,call
400.0,0.42191780821917807,278.03,0.25440198730468755,call
410.0,0.42191780821917807,278.03,0.2553785400390626,call
420.0,0.42191780821917807,278.03,0.25879647460937505,call
430.0,0.42191780821917807,278.03,0.2612378564453125,call
440.0,0.42191780821917807,278.03,0.30762411132812495,call
450.0,0.42191780821917807,278.03,0.31201859863281245,call
5.0,0.5150684931506849,278.03,1.890625546875,call
10.0,0.5150684931506849,278.03,1.0000000000000003e-05,call
15.0,0.5150684931506849,278.03,1.0000000000000003e-05,call
20.0,0.5150684931506849,278.03,1.0000000000000003e-05,call
25.0,0.5150684931506849,278.03,1.0000000000000003e-05,call
30.0,0.5150684931506849,278.03,1.0000000000000003e-05,call
35.0,0.5150684931506849,278.03,1.3066440917968747,call
40.0,0.5150684931506849,278.03,1.0000000000000003e-05,call
45.0,0.5150684931506849,278.03,1.0000000000000003e-05,call
50.0,0.5150684931506849,278.03,1.1123091259765625,call
55.0,0.5150684931506849,278.03,1.1274457690429687,call
60.0,0.5150684931506849,278.03,1.087895185546875,call
65.0,0.5150684931506849,278.03,1.0322314013671878,call
70.0,0.5150684931506849,278.03,0.9899903344726562,call
75.0,0.5150684931506849,278.03,0.9873048144531251,call
80.0,0.5150684931506849,278.03,0.9409185595703125,call
85.0,0.5150684931506849,278.03,0.92773509765625,call
90.0,0.5150684931506849,278.03,0.8630384790039063,call
95.0,0.5150684931506849,278.03,0.8591322680664062,call
100.0,0.5150684931506849,278.03,0.846559151611328,call
105.0,0.5150684931506849,278.03,0.8052997985839843,call
110.0,0.5150684931506849,278.03,0.7531762963867188,call
115.0,0.5150684931506849,278.03,0.7309597216796875,call
120.0,0.5150684931506849,278.03,0.721804539794922,call
125.0,0.5150684931506849,278.03,0.7124052197265626,call
130.0,0.5150684931506849,278.03,0.6893341613769532,call
135.0,0.5150684931506849,278.03,0.6765169067382814,call
140.0,0.5150684931506849,278.03,0.6405065246582031,call
145.0,0.5150684931506849,278.03,0.6189002954101563,call
150.0,0.5150684931506849,278.03,0.6082802844238282,call
155.0,0.5150684931506849,278.03,0.5900919897460939,call
160.0,0.5150684931506849,278.03,0.5665936895751953,call
165.0,0.5150684931506849,278.03,0.5495650512695314,call
170.0,0.5150684931506849,278.03,0.5333908966064453,call
175.0,0.5150684931506849,278.03,0.5169115692138673,call
180.0,0.5150684931506849,278.03,0.503483969116211,call
185.0,0.5150684931506849,278.03,0.5064746618652343,call
190.0,0.5150684931506849,278.03,0.5070850073242188,call
195.0,0.5150684931506849,278.03,0.4840749835205078,call
200.0,0.5150684931506849,278.03,0.4613701324462891,call
205.0,0.5150684931506849,278.03,0.44006907592773437,call
210.0,0.5150684931506849,278.03,0.4267025103759766,call
215.0,0.5150684931506849,278.03,0.4126645648193359,call
220.0,0.5150684931506849,278.03,0.4000304138183594,call
225.0,0.5150684931506849,278.03,0.3865722964477538,call
230.0,0.5150684931506849,278.03,0.37415176635742187,call
235.0,0.5150684931506849,278.03,0.3658815853881836,call
240.0,0.5150684931506849,278.03,0.35465122894287104,call
245.0,0.5150684931506849,278.03,0.34537397796630853,call
250.0,0.5150684931506849,278.03,0.3339757765197754,call
255.0,0.5150684931506849,278.03,0.32697206237792964,call
260.0,0.5150684931506849,278.03,0.31828989822387693,call
265.0,0.5150684931506849,278.03,0.31723705230712884,call
270.0,0.5150684931506849,278.03,0.3025429853820801,call
275.0,0.5150684931506849,278.03,0.302115743560791,call
280.0,0.5150684931506849,278.03,0.28897805755615225,call
285.0,0.5150684931506849,278.03,0.2819896020507812,call
290.0,0.5150684931506849,278.03,0.2766643379211425,call
300.0,0.5150684931506849,278.03,0.26770751831054684,call
310.0,0.5150684931506849,278.03,0.26108527008056637,call
320.0,0.5150684931506849,278.03,0.25641612731933594,call
330.0,0.5150684931506849,278.03,0.25284560638427733,call
340.0,0.5150684931506849,278.03,0.25144181182861325,call
350.0,0.5150684931506849,278.03,0.25354750366210943,call
360.0,0.5150684931506849,278.03,0.25202164001464844,call
370.0,0.5150684931506849,278.03,0.25623302368164064,call
380.0,0.5150684931506849,278.03,0.2505568109130859,call
390.0,0.5150684931506849,278.03,0.2514723291015625,call
400.0,0.5150684931506849,278.03,0.2651440673828125,call
410.0,0.5150684931506849,278.03,0.25318129638671877,call
420.0,0.5150684931506849,278.03,0.25489026367187506,call
430.0,0.5150684931506849,278.03,0.2551344018554688,call
440.0,0.5150684931506849,278.03,0.25928475097656256,call
450.0,0.5150684931506849,278.03,0.260749580078125,call
160.0,0.5945205479452055,278.03,0.554814022216797,call
175.0,0.5945205479452055,278.03,0.5055591436767577,call
180.0,0.5945205479452055,278.03,0.5019581054687501,call
185.0,0.5945205479452055,278.03,0.5202074346923828,call
200.0,0.5945205479452055,278.03,0.46793134613037113,call
205.0,0.5945205479452055,278.03,0.4363459686279296,call
210.0,0.5945205479452055,278.03,0.4205380212402344,call
220.0,0.5945205479452055,278.03,0.3986571365356446,call
225.0,0.5945205479452055,278.03,0.3857178128051757,call
230.0,0.5945205479452055,278.03,0.3752809054565429,call
235.0,0.5945205479452055,278.03,0.3654848608398438,call
240.0,0.5945205479452055,278.03,0.3539188143920897,call
245.0,0.5945205479452055,278.03,0.3540103662109374,call
250.0,0.5945205479452055,278.03,0.3367681069946289,call
255.0,0.5945205479452055,278.03,0.3266974069213867,call
260.0,0.5945205479452055,278.03,0.3197852445983886,call
265.0,0.5945205479452055,278.03,0.31018756225585936,call
270.0,0.5945205479452055,278.03,0.30336695175170897,call
275.0,0.5945205479452055,278.03,0.29849944671630857,call
280.0,0.5945205479452055,278.03,0.28957314437866205,call
285.0,0.5945205479452055,278.03,0.2841868457031249,call
290.0,0.5945205479452055,278.03,0.28749796981811515,call
295.0,0.5945205479452055,278.03,0.27436028381347655,call
300.0,0.5945205479452055,278.03,0.272895454711914,call
305.0,0.5945205479452055,278.03,0.26840941558837883,call
310.0,0.5945205479452055,278.03,0.26319096191406255,call
315.0,0.5945205479452055,278.03,0.2625348405456543,call
320.0,0.5945205479452055,278.03,0.27928882339477534,call
325.0,0.5945205479452055,278.03,0.25583629913330086,call
330.0,0.5945205479452055,278.03,0.25406629730224617,call
335.0,0.5945205479452055,278.03,0.25299819274902346,call
340.0,0.5945205479452055,278.03,0.25196060546875,call
345.0,0.5945205479452055,278.03,0.2511671563720703,call
350.0,0.5945205479452055,278.03,0.25086198364257806,call
355.0,0.5945205479452055,278.03,0.25354750366210943,call
360.0,0.5945205479452055,278.03,0.2528150891113281,call
365.0,0.5945205479452055,278.03,0.2532728482055664,call
370.0,0.5945205479452055,278.03,0.2550733673095704,call
380.0,0.5945205479452055,278.03,0.25629405822753903,call
390.0,0.5945205479452055,278.03,0.2506788800048828,call
400.0,0.5945205479452055,278.03,0.2514723291015625,call
410.0,0.5945205479452055,278.03,0.25318129638671877,call
110.0,0.6904109589041096,278.03,0.7211941943359376,call
115.0,0.6904109589041096,278.03,1.0000000000000003e-05,call
120.0,0.6904109589041096,278.03,0.6619906848144532,call
125.0,0.6904109589041096,278.03,0.6526523992919924,call
130.0,0.6904109589041096,278.03,0.6363561755371094,call
135.0,0.6904109589041096,278.03,0.6209754699707033,call
140.0,0.6904109589041096,278.03,0.6093178717041017,call
145.0,0.6904109589041096,278.03,0.5830730169677734,call
150.0,0.6904109589041096,278.03,0.5684247259521484,call
155.0,0.6904109589041096,278.03,0.5417526293945314,call
160.0,0.6904109589041096,278.03,0.5361374511718751,call
165.0,0.6904109589041096,278.03,0.5202684692382812,call
170.0,0.6904109589041096,278.03,0.5058032818603515,call
175.0,0.6904109589041096,278.03,0.5360764166259766,call
180.0,0.6904109589041096,278.03,0.5056812127685546,call
185.0,0.6904109589041096,278.03,0.5040027627563476,call
190.0,0.6904109589041096,278.03,0.4852346398925781,call
195.0,0.6904109589041096,278.03,0.45038391418457036,call
200.0,0.6904109589041096,278.03,0.43836010864257813,call
210.0,0.6904109589041096,278.03,0.4172421557617187,call
220.0,0.6904109589041096,278.03,0.3959105819702149,call
230.0,0.6904109589041096,278.03,0.3719240054321289,call
240.0,0.6904109589041096,278.03,0.35678743804931634,call
250.0,0.6904109589041096,278.03,0.3393925924682617,call
260.0,0.6904109589041096,278.03,0.3237372314453124,call
270.0,0.6904109589041096,278.03,0.3100654931640625,call
280.0,0.6904109589041096,278.03,0.29761444580078117,call
290.0,0.6904109589041096,278.03,0.2875284870910643,call
300.0,0.6904109589041096,278.03,0.27893787475585935,call
310.0,0.6904109589041096,278.03,0.27188838470458976,call
320.0,0.6904109589041096,278.03,0.26618165466308596,call
330.0,0.6904109589041096,278.03,0.2625500991821289,call
340.0,0.6904109589041096,278.03,0.259345785522461,call
350.0,0.6904109589041096,278.03,0.2567213000488281,call
360.0,0.6904109589041096,278.03,0.25595836822509765,call
370.0,0.6904109589041096,278.03,0.2551954364013672,call
380.0,0.6904109589041096,278.03,0.2556226782226563,call
390.0,0.6904109589041096,278.03,0.2598340618896484,call
400.0,0.6904109589041096,278.03,0.2634961346435547,call
410.0,0.6904109589041096,278.03,0.26618165466308596,call
420.0,0.6904109589041096,278.03,0.25879647460937505,call
440.0,0.6904109589041096,278.03,0.26099371826171874,call
450.0,0.6904109589041096,278.03,0.26270268554687504,call
50.0,0.7671232876712328,278.03,0.86132951171875,call
55.0,0.7671232876712328,278.03,0.993164130859375,call
60.0,0.7671232876712328,278.03,0.8535170898437501,call
65.0,0.7671232876712328,278.03,1.0000000000000003e-05,call
70.0,0.7671232876712328,278.03,1.0000000000000003e-05,call
75.0,0.7671232876712328,278.03,0.8643812390136718,call
80.0,0.7671232876712328,278.03,0.847535704345703,call
85.0,0.7671232876712328,278.03,1.0000000000000003e-05,call
90.0,0.7671232876712328,278.03,0.7977315148925781,call
95.0,0.7671232876712328,278.03,0.7656273437500001,call
100.0,0.7671232876712328,278.03,0.7506128454589844,call
105.0,0.7671232876712328,278.03,0.7308376525878906,call
110.0,0.7671232876712328,278.03,0.6787141503906251,call
115.0,0.7671232876712328,278.03,1.0000000000000003e-05,call
120.0,0.7671232876712328,278.03,0.668094139404297,call
125.0,0.7671232876712328,278.03,0.6588168884277343,call
130.0,0.7671232876712328,278.03,1.0000000000000003e-05,call
135.0,0.7671232876712328,278.03,0.6079140771484376,call
140.0,0.7671232876712328,278.03,0.5900919897460939,call
145.0,0.7671232876712328,278.03,0.5733074896240236,call
150.0,0.7671232876712328,278.03,0.558170922241211,call
155.0,0.7671232876712328,278.03,0.5421798712158206,call
160.0,0.7671232876712328,278.03,0.5276231320190431,call
165.0,0.7671232876712328,278.03,0.5129138064575195,call
170.0,0.7671232876712328,278.03,0.541966250305176,call
175.0,0.7671232876712328,278.03,0.511021735534668,call
180.0,0.7671232876712328,278.03,0.497349997253418,call
185.0,0.7671232876712328,278.03,0.47830721893310546,call
190.0,0.7671232876712328,278.03,0.47604894073486326,call
195.0,0.7671232876712328,278.03,0.44653873779296877,call
200.0,0.7671232876712328,278.03,0.4359492440795898,call
205.0,0.7671232876712328,278.03,0.42310147216796873,call
210.0,0.7671232876712328,278.03,0.4131528411865234,call
215.0,0.7671232876712328,278.03,0.4010069665527344,call
220.0,0.7671232876712328,278.03,0.39063109375,call
225.0,0.7671232876712328,278.03,0.38172005004882803,call
230.0,0.7671232876712328,278.03,0.3740907318115234,call
235.0,0.7671232876712328,278.03,0.36426416992187505,call
240.0,0.7671232876712328,278.03,0.3542850216674803,call
245.0,0.7671232876712328,278.03,0.34656415161132803,call
250.0,0.7671232876712328,278.03,0.3402165588378906,call
255.0,0.7671232876712328,278.03,0.3333501724243164,call
260.0,0.7671232876712328,278.03,0.3259649923706054,call
265.0,0.7671232876712328,278.03,0.3191291232299803,call
270.0,0.7671232876712328,278.03,0.3132698068237304,call
275.0,0.7671232876712328,278.03,0.30724264541625973,call
280.0,0.7671232876712328,278.03,0.30152065673828127,call
285.0,0.7671232876712328,278.03,0.295554529876709,call
290.0,0.7671232876712328,278.03,0.2903208175659179,call
295.0,0.7671232876712328,278.03,0.2858042611694336,call
300.0,0.7671232876712328,278.03,0.28092149749755857,call
310.0,0.7671232876712328,278.03,0.27436028381347655,call
320.0,0.7671232876712328,278.03,0.26828734649658204,call
330.0,0.7671232876712328,278.03,0.2643353596496582,call
340.0,0.7671232876712328,278.03,0.26084113189697267,call
350.0,0.7671232876712328,278.03,0.25867440551757814,call
360.0,0.7671232876712328,278.03,0.2565076791381836,call
370.0,0.7671232876712328,278.03,0.25623302368164064,call
380.0,0.7671232876712328,278.03,0.25989509643554687,call
390.0,0.7671232876712328,278.03,0.25962044097900394,call
400.0,0.7671232876712328,278.03,0.25659923095703124,call
410.0,0.7671232876712328,278.03,0.2572095764160156,call
420.0,0.7671232876712328,278.03,0.25843026733398444,call
430.0,0.7671232876712328,278.03,0.2681347601318359,call
440.0,0.7671232876712328,278.03,0.2606275109863281,call
450.0,0.7671232876712328,278.03,0.2622144091796875,call
460.0,0.7671232876712328,278.03,0.2640454455566406,call
470.0,0.7671232876712328,278.03,0.26587648193359376,call
480.0,0.7671232876712328,278.03,0.2683178637695312,call
490.0,0.7671232876712328,278.03,0.270515107421875,call
500.0,0.7671232876712328,278.03,0.27295648925781246,call
510.0,0.7671232876712328,278.03,0.2756420092773437,call
520.0,0.7671232876712328,278.03,0.27735097656249996,call
530.0,0.7671232876712328,278.03,0.2802806347656249,call
5.0,1.0164383561643835,278.03,1.64453302734375,call
10.0,1.0164383561643835,278.03,1.0000000000000003e-05,call
15.0,1.0164383561643835,278.03,1.0000000000000003e-05,call
20.0,1.0164383561643835,278.03,1.4985376635742185,call
25.0,1.0164383561643835,278.03,1.0000000000000003e-05,call
30.0,1.0164383561643835,278.03,1.0000000000000003e-05,call
35.0,1.0164383561643835,278.03,1.0000000000000003e-05,call
40.0,1.0164383561643835,278.03,1.0000000000000003e-05,call
45.0,1.0164383561643835,278.03,1.0000000000000003e-05,call
50.0,1.0164383561643835,278.03,1.0095264367675783,call
60.0,1.0164383561643835,278.03,0.8728040063476561,call
70.0,1.0164383561643835,278.03,1.2434119860839843,call
80.0,1.0164383561643835,278.03,0.7772239074707032,call
85.0,1.0164383561643835,278.03,0.7520776745605469,call
90.0,1.0164383561643835,278.03,0.7224148852539063,call
95.0,1.0164383561643835,278.03,0.7147245324707032,call
100.0,1.0164383561643835,278.03,0.7150907397460937,call
105.0,1.0164383561643835,278.03,0.6759675958251954,call
110.0,1.0164383561643835,278.03,0.6561313684082033,call
115.0,1.0164383561643835,278.03,0.6423985955810547,call
120.0,1.0164383561643835,278.03,0.6257971990966797,call
125.0,1.0164383561643835,278.03,0.6052895916748049,call
130.0,1.0164383561643835,278.03,0.5892375061035158,call
135.0,1.0164383561643835,278.03,0.5733074896240236,call
140.0,1.0164383561643835,278.03,0.5574385076904298,call
145.0,1.0164383561643835,278.03,0.5430953894042969,call
150.0,1.0164383561643835,278.03,0.5286912365722658,call
155.0,1.0164383561643835,278.03,0.5101977691650392,call
160.0,1.0164383561643835,278.03,0.5070239727783203,call
165.0,1.0164383561643835,278.03,0.5277757183837892,call
170.0,1.0164383561643835,278.03,0.49841810180664065,call
175.0,1.0164383561643835,278.03,0.49457292541503906,call
180.0,1.0164383561643835,278.03,0.4708915216064453,call
185.0,1.0164383561643835,278.03,0.45703667968750006,call
190.0,1.0164383561643835,278.03,0.446294599609375,call
195.0,1.0164383561643835,278.03,0.435979761352539,call
200.0,1.0164383561643835,278.03,0.4245357839965821,call
210.0,1.0164383561643835,278.03,0.4061643856811523,call
220.0,1.0164383561643835,278.03,0.39017333465576176,call
230.0,1.0164383561643835,278.03,0.37415176635742187,call
240.0,1.0164383561643835,278.03,0.3594424407958984,call
250.0,1.0164383561643835,278.03,0.3455875988769531,call
260.0,1.0164383561643835,278.03,0.3330907756042481,call
270.0,1.0164383561643835,278.03,0.3220282641601562,call
280.0,1.0164383561643835,278.03,0.3106605799865722,call
290.0,1.0164383561643835,278.03,0.3023598817443848,call
300.0,1.0164383561643835,278.03,0.29337254486083975,call
310.0,1.0164383561643835,278.03,0.2863077961730957,call
320.0,1.0164383561643835,278.03,0.2799144274902343,call
330.0,1.0164383561643835,278.03,0.27486381881713867,call
340.0,1.0164383561643835,278.03,0.2710796769714356,call
350.0,1.0164383561643835,278.03,0.2679516564941406,call
360.0,1.0164383561643835,278.03,0.26544924011230464,call
370.0,1.0164383561643835,278.03,0.2634656173706055,call
380.0,1.0164383561643835,278.03,0.2618482019042969,call
390.0,1.0164383561643835,278.03,0.26129889099121095,call
400.0,1.0164383561643835,278.03,0.2616956155395508,call
410.0,1.0164383561643835,278.03,0.26108527008056637,call
420.0,1.0164383561643835,278.03,0.26148199462890626,call
430.0,1.0164383561643835,278.03,0.26212285736083984,call
440.0,1.0164383561643835,278.03,0.26319096191406255,call
450.0,1.0164383561643835,278.03,0.26343510009765625,call
460.0,1.0164383561643835,278.03,0.26581544738769536,call
470.0,1.0164383561643835,278.03,0.26734131103515624,call
480.0,1.0164383561643835,278.03,0.268989243774414,call
490.0,1.0164383561643835,278.03,0.2711254528808594,call
500.0,1.0164383561643835,278.03,0.2727123510742187,call
510.0,1.0164383561643835,278.03,0.27466545654296876,call
520.0,1.0164383561643835,278.03,0.27735097656249996,call
530.0,1.0164383561643835,278.03,0.2790599438476562,call
5.0,1.093150684931507,278.03,1.82421962890625,call
10.0,1.093150684931507,278.03,2.1801803308105465,call
15.0,1.093150684931507,278.03,1.3217807348632813,call
20.0,1.093150684931507,278.03,1.4545925708007812,call
25.0,1.093150684931507,278.03,1.0000000000000003e-05,call
30.0,1.093150684931507,278.03,1.0000000000000003e-05,call
35.0,1.093150684931507,278.03,1.0000000000000003e-05,call
40.0,1.093150684931507,278.03,1.0295458679199219,call
45.0,1.093150684931507,278.03,1.0000000000000003e-05,call
50.0,1.093150684931507,278.03,0.9414068359375,call
60.0,1.093150684931507,278.03,0.8073749731445312,call
70.0,1.093150684931507,278.03,0.8276384423828124,call
80.0,1.093150684931507,278.03,0.6355016918945313,call
85.0,1.093150684931507,278.03,0.743044561767578,call
90.0,1.093150684931507,278.03,0.73437765625,call
95.0,1.093150684931507,278.03,0.7031890032958985,call
100.0,1.093150684931507,278.03,0.6843903631591797,call
105.0,1.093150684931507,278.03,0.6669344830322268,call
110.0,1.093150684931507,278.03,0.6487461883544923,call
115.0,1.093150684931507,278.03,0.6309241009521485,call
120.0,1.093150684931507,278.03,0.6134071862792969,call
125.0,1.093150684931507,278.03,0.5984537225341797,call
130.0,1.093150684931507,278.03,0.5835612933349608,call
135.0,1.093150684931507,278.03,0.5706830041503907,call
140.0,1.093150684931507,278.03,0.5512740185546876,call
145.0,1.093150684931507,278.03,0.5378769357299805,call
150.0,1.093150684931507,278.03,0.5266770965576173,call
155.0,1.093150684931507,278.03,0.513554669189453,call
160.0,1.093150684931507,278.03,0.5286912365722658,call
165.0,1.093150684931507,278.03,0.5024463818359376,call
170.0,1.093150684931507,278.03,0.49869275726318363,call
175.0,1.093150684931507,278.03,0.47696445892333983,call
180.0,1.093150684931507,278.03,0.4714408325195312,call
185.0,1.093150684931507,278.03,0.4534356414794922,call
190.0,1.093150684931507,278.03,0.44324287231445314,call
195.0,1.093150684931507,278.03,0.4334468276977539,call
200.0,1.093150684931507,278.03,0.42529871582031253,call
210.0,1.093150684931507,278.03,0.4050352465820312,call
220.0,1.093150684931507,278.03,0.3903259210205078,call
230.0,1.093150684931507,278.03,0.3744264218139648,call
240.0,1.093150684931507,278.03,0.3604189935302734,call
250.0,1.093150684931507,278.03,0.3458164784240722,call
260.0,1.093150684931507,278.03,0.33458612197875975,call
270.0,1.093150684931507,278.03,0.3234625759887695,call
280.0,1.093150684931507,278.03,0.3135139450073242,call
290.0,1.093150684931507,278.03,0.30408410766601557,call
300.0,1.093150684931507,278.03,0.29503573623657225,call
310.0,1.093150684931507,278.03,0.28801676345825183,call
320.0,1.093150684931507,278.03,0.2818064984130859,call
330.0,1.093150684931507,278.03,0.2770458038330078,call
340.0,1.093150684931507,278.03,0.2726207992553711,call
350.0,1.093150684931507,278.03,0.26937070968627924,call
360.0,1.093150684931507,278.03,0.26673096557617193,call
370.0,1.093150684931507,278.03,0.2645489805603027,call
380.0,1.093150684931507,278.03,0.263404582824707,call
390.0,1.093150684931507,278.03,0.26248906463623045,call
400.0,1.093150684931507,278.03,0.26142096008300786,call
410.0,1.093150684931507,278.03,0.26154302917480465,call
420.0,1.093150684931507,278.03,0.2611157873535156,call
430.0,1.093150684931507,278.03,0.2615735464477539,call
440.0,1.093150684931507,278.03,0.262275443725586,call
450.0,1.093150684931507,278.03,0.2630078582763672,call
460.0,1.093150684931507,278.03,0.26416751464843746,call
470.0,1.093150684931507,278.03,0.2657544128417969,call
480.0,1.093150684931507,278.03,0.26734131103515624,call
490.0,1.093150684931507,278.03,0.2688061401367187,call
500.0,1.093150684931507,278.03,0.2706371765136719,call
510.0,1.093150684931507,278.03,0.27210200561523434,call
520.0,1.093150684931507,278.03,0.27466545654296876,call
530.0,1.093150684931507,278.03,0.27637442382812494,call
550.0,1.093150684931507,278.03,0.280158565673828,call
15.0,1.5123287671232877,278.03,1.1240278173828124,call
50.0,1.5123287671232877,278.03,0.8571791625976561,call
55.0,1.5123287671232877,278.03,0.8093280786132812,call
60.0,1.5123287671232877,278.03,0.7976094458007812,call
65.0,1.5123287671232877,278.03,1.0000000000000003e-05,call
70.0,1.5123287671232877,278.03,1.0000000000000003e-05,call
75.0,1.5123287671232877,278.03,1.0000000000000003e-05,call
80.0,1.5123287671232877,278.03,0.6717562121582032,call
85.0,1.5123287671232877,278.03,0.6862824340820313,call
90.0,1.5123287671232877,278.03,1.0000000000000003e-05,call
95.0,1.5123287671232877,278.03,1.0000000000000003e-05,call
100.0,1.5123287671232877,278.03,0.6429479064941408,call
105.0,1.5123287671232877,278.03,0.628482719116211,call
110.0,1.5123287671232877,278.03,0.6040078662109377,call
115.0,1.5123287671232877,278.03,0.5890544024658204,call
120.0,1.5123287671232877,278.03,0.5754436987304687,call
125.0,1.5123287671232877,278.03,0.5697674859619142,call
130.0,1.5123287671232877,278.03,0.5463607376098634,call
135.0,1.5123287671232877,278.03,0.5330857238769531,call
140.0,1.5123287671232877,278.03,0.5223131265258788,call
145.0,1.5123287671232877,278.03,0.5109301837158204,call
150.0,1.5123287671232877,278.03,0.5015918981933594,call
155.0,1.5123287671232877,278.03,0.5167895001220704,call
160.0,1.5123287671232877,278.03,0.49860120544433595,call
165.0,1.5123287671232877,278.03,0.48813378082275394,call
170.0,1.5123287671232877,278.03,0.477544287109375,call
175.0,1.5123287671232877,278.03,0.4554192642211914,call
180.0,1.5123287671232877,278.03,0.44632511688232424,call
185.0,1.5123287671232877,278.03,0.4492547750854492,call
190.0,1.5123287671232877,278.03,0.4403742486572265,call
195.0,1.5123287671232877,278.03,0.4317988949584961,call
200.0,1.5123287671232877,278.03,0.41309180664062495,call
210.0,1.5123287671232877,278.03,0.3983214465332031,call
220.0,1.5123287671232877,278.03,0.3916381637573242,call
230.0,1.5123287671232877,278.03,0.372625902709961,call
240.0,1.5123287671232877,278.03,0.3606631317138671,call
250.0,1.5123287671232877,278.03,0.3500736380004882,call
260.0,1.5123287671232877,278.03,0.3480442393493652,call
270.0,1.5123287671232877,278.03,0.33847707427978513,call
280.0,1.5123287671232877,278.03,0.3278875805664062,call
290.0,1.5123287671232877,278.03,0.3147575238800049,call
300.0,1.5123287671232877,278.03,0.3077766976928711,call
310.0,1.5123287671232877,278.03,0.30133755310058596,call
320.0,1.5123287671232877,278.03,0.2954477194213867,call
330.0,1.5123287671232877,278.03,0.29015297256469724,call
340.0,1.5123287671232877,278.03,0.28598736480712883,call
350.0,1.5123287671232877,278.03,0.2818980502319336,call
360.0,1.5123287671232877,278.03,0.2789073574829102,call
370.0,1.5123287671232877,278.03,0.2759624406433105,call
380.0,1.5123287671232877,278.03,0.2737194210815429,call
390.0,1.5123287671232877,278.03,0.27149166015625,call
400.0,1.5123287671232877,278.03,0.2700268310546875,call
410.0,1.5123287671232877,278.03,0.2685009674072265,call
420.0,1.5123287671232877,278.03,0.2677685528564453,call
430.0,1.5123287671232877,278.03,0.2675549319458008,call
440.0,1.5123287671232877,278.03,0.2674023455810547,call
450.0,1.5123287671232877,278.03,0.2666699310302735,call
460.0,1.5123287671232877,278.03,0.2672802764892578,call
470.0,1.5123287671232877,278.03,0.26709717285156254,call
480.0,1.5123287671232877,278.03,0.26746338012695314,call
490.0,1.5123287671232877,278.03,0.3042366940307617,call
500.0,1.5123287671232877,278.03,0.268989243774414,call
510.0,1.5123287671232877,278.03,0.26978269287109374,call
520.0,1.5123287671232877,278.03,0.27521476745605467,call
530.0,1.5123287671232877,278.03,0.27826649475097653,call
540.0,1.5123287671232877,278.03,0.2799144274902343,call
550.0,1.5123287671232877,278.03,0.28174546386718746,call
5.0,0.019178082191780823,278.03,7.7500003125,put
10.0,0.019178082191780823,278.03,6.2500021875,put
15.0,0.019178082191780823,278.03,5.500003124999999,put
20.0,0.019178082191780823,278.03,5.000003749999999,put
25.0,0.019178082191780823,278.03,4.500004375,put
30.0,0.019178082191780823,278.03,4.12500484375,put
35.0,0.019178082191780823,278.03,4.406254492187499,put
40.0,0.019178082191780823,278.03,3.81250046875,put
45.0,0.019178082191780823,278.03,3.6875007812500002,put
50.0,0.019178082191780823,278.03,3.2500018749999997,put
55.0,0.019178082191780823,278.03,3.43750140625,put
60.0,0.019178082191780823,278.03,3.750000625,put
65.0,0.019178082191780823,278.03,2.750003125,put
70.0,0.019178082191780823,278.03,2.56250359375,put
75.0,0.019178082191780823,278.03,2.593753515625,put
80.0,0.019178082191780823,278.03,2.6562533593750004,put
85.0,0.019178082191780823,278.03,2.9140652148437503,put
90.0,0.019178082191780823,278.03,2.1250046874999997,put
95.0,0.019178082191780823,278.03,2.2656293359374997,put
100.0,0.019178082191780823,278.03,1.9375003125,put
105.0,0.019178082191780823,278.03,1.8437507812499998,put
110.0,0.019178082191780823,278.03,1.75000125,put
115.0,0.019178082191780823,278.03,1.6875015625,put
120.0,0.019178082191780823,278.03,1.5937520312499998,put
125.0,0.019178082191780823,278.03,1.5312523437499999,put
130.0,0.019178082191780823,278.03,1.4375028125,put
135.0,0.019178082191780823,278.03,1.3750031249999999,put
140.0,0.019178082191780823,278.03,1.5078149609375,put
145.0,0.019178082191780823,278.03,1.3750031249999999,put
150.0,0.019178082191780823,278.03,1.359378203125,put
155.0,0.019178082191780823,278.03,1.3203158984374999,put
160.0,0.019178082191780823,278.03,1.203128984375,put
165.0,0.019178082191780823,278.03,1.1875040625,put
170.0,0.019178082191780823,278.03,1.125004375,put
175.0,0.019178082191780823,278.03,0.9062509375,put
180.0,0.019178082191780823,278.03,0.8437515624999999,put
185.0,0.019178082191780823,278.03,0.8125018749999999,put
190.0,0.019178082191780823,278.03,0.7500025,put
195.0,0.019178082191780823,278.03,0.7187528125,put
200.0,0.019178082191780823,278.03,0.6562534375000001,put
205.0,0.019178082191780823,278.03,0.6093789062500001,put
210.0,0.019178082191780823,278.03,0.5625043750000001,put
215.0,0.019178082191780823,278.03,0.5312546875,put
220.0,0.019178082191780823,278.03,0.507817421875,put
222.5,0.019178082191780823,278.03,0.5429733203125001,put
225.0,0.019178082191780823,278.03,0.507817421875,put
227.5,0.019178082191780823,278.03,0.5117236328125,put
230.0,0.019178082191780823,278.03,0.44922425781249997,put
232.5,0.019178082191780823,278.03,0.46094289062500005,put
235.0,0.019178082191780823,278.03,0.42188078125,put
237.5,0.019178082191780823,278.03,0.398443515625,put
240.0,0.019178082191780823,278.03,0.38672488281249995,put
242.5,0.019178082191780823,278.03,0.3632876171875,put
245.0,0.019178082191780823,278.03,0.34766277343749996,put
247.5,0.019178082191780823,278.03,0.331061376953125,put
250.0,0.019178082191780823,278.03,0.31250687499999996,put
252.5,0.019178082191780823,278.03,0.2978585839843749,put
255.0,0.019178082191780823,278.03,0.27637442382812494,put
257.5,0.019178082191780823,278.03,0.260749580078125,put
260.0,0.019178082191780823,278.03,0.245124736328125,put
262.5,0.019178082191780823,278.03,0.22974403076171873,put
265.0,0.019178082191780823,278.03,0.2148516015625,put
267.5,0.019178082191780823,278.03,0.20215641601562498,put
270.0,0.019178082191780823,278.03,0.192390888671875,put
272.5,0.019178082191780823,278.03,0.18872881591796875,put
275.0,0.019178082191780823,278.03,0.174812939453125,put
277.5,0.019178082191780823,278.03,0.16773293212890628,put
280.0,0.019178082191780823,278.03,0.16346051391601565,put
282.5,0.019178082191780823,278.03,0.15711292114257813,put
285.0,0.019178082191780823,278.03,0.15284050292968754,put
287.5,0.019178082191780823,278.03,0.14966670654296876,put
290.0,0.019178082191780823,278.03,0.194343994140625,put
292.5,0.019178082191780823,278.03,0.26392337646484376,put
295.0,0.019178082191780823,278.03,0.26758544921875,put
300.0,0.019178082191780823,278.03,0.3232489550781249,put
305.0,0.019178082191780823,278.03,0.41748629394531245,put
310.0,0.019178082191780823,278.03,0.4631401342773438,put
315.0,0.019178082191780823,278.03,1.0000000000000003e-05,put
320.0,0.019178082191780823,278.03,0.6579624047851562,put
325.0,0.019178082191780823,278.03,0.7175321215820312,put
330.0,0.019178082191780823,278.03,0.5293015820312501,put
335.0,0.019178082191780823,278.03,0.5893595751953126,put
350.0,0.019178082191780823,278.03,0.6777375976562501,put
360.0,0.019178082191780823,278.03,6.169680022277831,put
370.0,0.019178082191780823,278.03,0.81445498046875,put
380.0,0.019178082191780823,278.03,0.877930908203125,put
390.0,0.019178082191780823,278.03,1.197269638671875,put
400.0,0.019178082191780823,278.03,1.5327171801757813,put
450.0,0.019178082191780823,278.03,1.5024438940429685,put
120.0,0.038356164383561646,278.03,1.5781271093749998,put
130.0,0.038356164383561646,278.03,1.4375028125,put
145.0,0.038356164383561646,278.03,1.2460975195312498,put
150.0,0.038356164383561646,278.03,1.185550947265625,put
155.0,0.038356164383561646,278.03,1.126957490234375,put
170.0,0.038356164383561646,278.03,0.96289099609375,put
175.0,0.038356164383561646,278.03,0.9101571484375,put
180.0,0.038356164383561646,278.03,0.86132951171875,put
185.0,0.038356164383561646,278.03,0.8105487695312499,put
190.0,0.038356164383561646,278.03,0.76367423828125,put
195.0,0.038356164383561646,278.03,0.585941640625,put
200.0,0.038356164383561646,278.03,0.500005,put
205.0,0.038356164383561646,278.03,0.6250037500000001,put
210.0,0.038356164383561646,278.03,0.56055126953125,put
215.0,0.038356164383561646,278.03,0.5195360546875,put
220.0,0.038356164383561646,278.03,0.5376022802734376,put
225.0,0.038356164383561646,278.03,0.41211525390625,put
230.0,0.038356164383561646,278.03,0.35156898437499995,put
235.0,0.038356164383561646,278.03,0.335944140625,put
240.0,0.038356164383561646,278.03,0.31153032226562494,put
245.0,0.038356164383561646,278.03,0.282233740234375,put
250.0,0.038356164383561646,278.03,0.2573316455078125,put
255.0,0.038356164383561646,278.03,0.23535920898437498,put
260.0,0.038356164383561646,278.03,0.21851367431640623,put
265.0,0.038356164383561646,278.03,0.198250205078125,put
270.0,0.038356164383561646,278.03,0.17932949584960936,put
272.5,0.038356164383561646,278.03,0.17456880126953128,put
275.0,0.038356164383561646,278.03,0.16614603393554692,put
280.0,0.038356164383561646,278.03,0.1557701611328125,put
285.0,0.038356164383561646,278.03,0.16663431030273443,put
290.0,0.038356164383561646,278.03,0.16529155029296877,put
295.0,0.038356164383561646,278.03,0.21631643066406248,put
300.0,0.038356164383561646,278.03,0.2854075366210937,put
305.0,0.038356164383561646,278.03,0.30152065673828127,put
310.0,0.038356164383561646,278.03,0.4057676611328125,put
330.0,0.038356164383561646,278.03,0.5974161352539062,put
335.0,0.038356164383561646,278.03,0.6455113574218749,put
365.0,0.038356164383561646,278.03,0.6064492480468751,put
395.0,0.038356164383561646,278.03,0.7509790527343749,put
400.0,0.038356164383561646,278.03,0.7739280419921876,put
110.0,0.057534246575342465,278.03,1.4453152734375,put
125.0,0.057534246575342465,278.03,1.2578162109375,put
130.0,0.057534246575342465,278.03,1.19922275390625,put
135.0,0.057534246575342465,278.03,1.1445355273437499,put
140.0,0.057534246575342465,278.03,1.08984830078125,put
145.0,0.057534246575342465,278.03,1.0390673046875003,put
150.0,0.057534246575342465,278.03,0.9882813671875,put
155.0,0.057534246575342465,278.03,0.93945373046875,put
175.0,0.057534246575342465,278.03,0.7597680273437502,put
180.0,0.057534246575342465,278.03,0.7216824707031251,put
190.0,0.057534246575342465,278.03,0.64062859375,put
195.0,0.057534246575342465,278.03,0.500005,put
200.0,0.057534246575342465,278.03,0.46484910156250003,put
205.0,0.057534246575342465,278.03,0.45313046875,put
210.0,0.057534246575342465,278.03,0.41797457031249996,put
215.0,0.057534246575342465,278.03,0.38672488281249995,put
220.0,0.057534246575342465,278.03,0.367193828125,put
225.0,0.057534246575342465,278.03,0.35156898437499995,put
230.0,0.057534246575342465,278.03,0.32520206054687495,put
235.0,0.057534246575342465,278.03,0.301764794921875,put
240.0,0.057534246575342465,278.03,0.28321029296874994,put
245.0,0.057534246575342465,278.03,0.2795482202148437,put
250.0,0.057534246575342465,278.03,0.242195078125,put
255.0,0.057534246575342465,278.03,0.22364057617187497,put
260.0,0.057534246575342465,278.03,0.2063067651367187,put
265.0,0.057534246575342465,278.03,0.20276676147460934,put
270.0,0.057534246575342465,278.03,0.1828084649658203,put
275.0,0.057534246575342465,278.03,0.16828224304199224,put
280.0,0.057534246575342465,278.03,0.1573570593261719,put
285.0,0.057534246575342465,278.03,0.15021601745605473,put
290.0,0.057534246575342465,278.03,0.15796740478515625,put
295.0,0.057534246575342465,278.03,0.22534954345703123,put
300.0,0.057534246575342465,278.03,0.28247787841796873,put
305.0,0.057534246575342465,278.03,0.2827220166015625,put
310.0,0.057534246575342465,278.03,0.30933307861328124,put
345.0,0.057534246575342465,278.03,0.5996133789062501,put
350.0,0.057534246575342465,278.03,0.619388571777344,put
185.0,0.07671232876712329,278.03,0.59570716796875,put
195.0,0.07671232876712329,278.03,0.437505625,put
200.0,0.07671232876712329,278.03,0.500005,put
205.0,0.07671232876712329,278.03,0.40820904296875,put
210.0,0.07671232876712329,278.03,0.47900911621093745,put
215.0,0.07671232876712329,278.03,0.366217275390625,put
220.0,0.07671232876712329,278.03,0.348639326171875,put
225.0,0.07671232876712329,278.03,0.32813171874999997,put
230.0,0.07671232876712329,278.03,0.309577216796875,put
235.0,0.07671232876712329,278.03,0.29004616210937495,put
240.0,0.07671232876712329,278.03,0.2739330419921875,put
245.0,0.07671232876712329,278.03,0.2683178637695312,put
250.0,0.07671232876712329,278.03,0.2399978344726562,put
255.0,0.07671232876712329,278.03,0.22449505981445309,put
260.0,0.07671232876712329,278.03,0.21057918334960937,put
265.0,0.07671232876712329,278.03,0.19721261779785154,put
270.0,0.07671232876712329,278.03,0.1859212268066406,put
275.0,0.07671232876712329,278.03,0.17664397583007813,put
280.0,0.07671232876712329,278.03,0.16632913757324225,put
285.0,0.07671232876712329,278.03,0.15760119750976562,put
290.0,0.07671232876712329,278.03,0.14881222290039062,put
295.0,0.07671232876712329,278.03,0.16162947753906248,put
300.0,0.07671232876712329,278.03,0.24463645996093752,put
305.0,0.07671232876712329,278.03,0.28528546752929684,put
310.0,0.07671232876712329,278.03,0.31262894409179687,put
330.0,0.07671232876712329,278.03,0.432622861328125,put
385.0,0.07671232876712329,278.03,0.7088652160644531,put
390.0,0.07671232876712329,278.03,0.7199735034179688,put
5.0,0.0958904109589041,278.03,3.8750003125,put
10.0,0.0958904109589041,278.03,3.1250021875,put
15.0,0.0958904109589041,278.03,2.8750028125,put
20.0,0.0958904109589041,278.03,2.43750390625,put
25.0,0.0958904109589041,278.03,2.2500043749999996,put
30.0,0.0958904109589041,278.03,2.5156287109374995,put
35.0,0.0958904109589041,278.03,2.3125042187499996,put
40.0,0.0958904109589041,278.03,2.16406708984375,put
45.0,0.0958904109589041,278.03,1.78125109375,put
50.0,0.0958904109589041,278.03,1.5625021874999998,put
55.0,0.0958904109589041,278.03,1.9492190039062502,put
60.0,0.0958904109589041,278.03,1.7109389453125,put
65.0,0.0958904109589041,278.03,1.6679704101562502,put
70.0,0.0958904109589041,278.03,1.6992202539062502,put
75.0,0.0958904109589041,278.03,1.3203158984374999,put
80.0,0.0958904109589041,278.03,1.21875390625,put
85.0,0.0958904109589041,278.03,1.3320345898437496,put
90.0,0.0958904109589041,278.03,1.0625046875000002,put
95.0,0.0958904109589041,278.03,1.000005,put
100.0,0.0958904109589041,278.03,0.9531254687499999,put
105.0,0.0958904109589041,278.03,1.193363408203125,put
110.0,0.0958904109589041,278.03,1.138676181640625,put
115.0,0.0958904109589041,278.03,1.087895185546875,put
120.0,0.0958904109589041,278.03,1.1240278173828124,put
125.0,0.0958904109589041,278.03,0.99023447265625,put
130.0,0.0958904109589041,278.03,0.945313046875,put
135.0,0.0958904109589041,278.03,0.8164080859374999,put
140.0,0.0958904109589041,278.03,0.85937640625,put
145.0,0.0958904109589041,278.03,0.8183611914062499,put
150.0,0.0958904109589041,278.03,0.6250037500000001,put
155.0,0.0958904109589041,278.03,0.648441015625,put
160.0,0.0958904109589041,278.03,0.7041045214843751,put
165.0,0.0958904109589041,278.03,0.5312546875,put
170.0,0.0958904109589041,278.03,0.500005,put
175.0,0.0958904109589041,278.03,0.523442265625,put
180.0,0.0958904109589041,278.03,0.507817421875,put
185.0,0.0958904109589041,278.03,0.5371140039062501,put
190.0,0.0958904109589041,278.03,0.5097705273437501,put
195.0,0.0958904109589041,278.03,0.526371923828125,put
200.0,0.0958904109589041,278.03,0.40430283203125,put
205.0,0.0958904109589041,278.03,0.37695935546875,put
210.0,0.0958904109589041,278.03,0.3632876171875,put
215.0,0.0958904109589041,278.03,0.34668622070312494,put
220.0,0.0958904109589041,278.03,0.327155166015625,put
225.0,0.0958904109589041,278.03,0.31250687499999996,put
230.0,0.0958904109589041,278.03,0.29688203124999996,put
235.0,0.0958904109589041,278.03,0.28174546386718746,put
240.0,0.0958904109589041,278.03,0.266608896484375,put
245.0,0.0958904109589041,278.03,0.2514723291015625,put
250.0,0.0958904109589041,278.03,0.23731231445312498,put
255.0,0.0958904109589041,278.03,0.22473919799804684,put
260.0,0.0958904109589041,278.03,0.21436332519531248,put
265.0,0.0958904109589041,278.03,0.20722228332519527,put
270.0,0.0958904109589041,278.03,0.18976640319824223,put
275.0,0.0958904109589041,278.03,0.1808553594970703,put
280.0,0.0958904109589041,278.03,0.179695703125,put
285.0,0.0958904109589041,278.03,0.1626060302734375,put
290.0,0.0958904109589041,278.03,0.15515981567382814,put
295.0,0.0958904109589041,278.03,0.14869015380859374,put
300.0,0.0958904109589041,278.03,0.1401453173828125,put
305.0,0.0958904109589041,278.03,0.2291336853027344,put
310.0,0.0958904109589041,278.03,0.21546194702148438,put
315.0,0.0958904109589041,278.03,0.30713583496093744,put
320.0,0.0958904109589041,278.03,0.28284408569335934,put
325.0,0.0958904109589041,278.03,0.36072416625976556,put
330.0,0.0958904109589041,278.03,0.37915659912109373,put
335.0,0.0958904109589041,278.03,0.41089456298828125,put
340.0,0.0958904109589041,278.03,0.4272518212890626,put
350.0,0.0958904109589041,278.03,1.0000000000000003e-05,put
360.0,0.0958904109589041,278.03,0.45532771240234376,put
370.0,0.0958904109589041,278.03,0.5571333349609376,put
390.0,0.0958904109589041,278.03,0.6341589318847658,put
400.0,0.0958904109589041,278.03,0.6755403540039064,put
410.0,0.0958904109589041,278.03,0.5224657128906249,put
420.0,0.0958904109589041,278.03,0.6623568920898439,put
430.0,0.0958904109589041,278.03,0.5937540625000001,put
185.0,0.11506849315068493,278.03,0.5419967675781252,put
210.0,0.11506849315068493,278.03,0.36377589355468753,put
220.0,0.11506849315068493,278.03,0.32910827148437494,put
245.0,0.11506849315068493,278.03,0.2507399145507812,put
250.0,0.11506849315068493,278.03,0.23670196899414062,put
255.0,0.11506849315068493,278.03,0.22364057617187497,put
260.0,0.11506849315068493,278.03,0.21173883972167967,put
265.0,0.11506849315068493,278.03,0.20093572509765623,put
270.0,0.11506849315068493,278.03,0.19165847412109377,put
275.0,0.11506849315068493,278.03,0.18311363769531247,put
280.0,0.11506849315068493,278.03,0.1739584558105469,put
285.0,0.11506849315068493,278.03,0.1925739923095703,put
300.0,0.11506849315068493,278.03,0.17212741943359378,put
305.0,0.11506849315068493,278.03,0.2599561309814453,put
320.0,0.11506849315068493,278.03,0.34363449340820307,put
100.0,0.1917808219178082,278.03,0.7421900781249999,put
105.0,0.1917808219178082,278.03,1.0419969775390627,put
110.0,0.1917808219178082,278.03,0.8242205078124999,put
115.0,0.1917808219178082,278.03,0.79101771484375,put
120.0,0.1917808219178082,278.03,0.6738313867187502,put
125.0,0.1917808219178082,278.03,0.7246121289062499,put
130.0,0.1917808219178082,278.03,0.6914093359375001,put
135.0,0.1917808219178082,278.03,0.6035195898437502,put
140.0,0.1917808219178082,278.03,0.5976602734375001,put
145.0,0.1917808219178082,278.03,0.7309597216796875,put
150.0,0.1917808219178082,278.03,0.5380905566406251,put
155.0,0.1917808219178082,278.03,0.5117236328125,put
160.0,0.1917808219178082,278.03,0.5019581054687501,put
165.0,0.1917808219178082,278.03,0.5117236328125,put
170.0,0.1917808219178082,278.03,0.46973186523437505,put
175.0,0.1917808219178082,278.03,0.46924358886718753,put
180.0,0.1917808219178082,278.03,0.437505625,put
185.0,0.1917808219178082,278.03,0.42139250488281255,put
190.0,0.1917808219178082,278.03,0.4062559375,put
195.0,0.1917808219178082,278.03,0.3920959228515625,put
200.0,0.1917808219178082,278.03,0.37622694091796877,put
205.0,0.1917808219178082,278.03,0.38403936279296874,put
210.0,0.1917808219178082,278.03,0.3491276025390625,put
215.0,0.1917808219178082,278.03,0.335944140625,put
220.0,0.1917808219178082,278.03,0.3227606787109374,put
225.0,0.1917808219178082,278.03,0.3110420458984374,put
230.0,0.1917808219178082,278.03,0.30054410400390624,put
235.0,0.1917808219178082,278.03,0.2926096130371093,put
240.0,0.1917808219178082,278.03,0.27893787475585935,put
245.0,0.1917808219178082,278.03,0.26868407104492187,put
250.0,0.1917808219178082,278.03,0.27307855834960937,put
255.0,0.1917808219178082,278.03,0.250434741821289,put
260.0,0.1917808219178082,278.03,0.2449721499633789,put
265.0,0.1917808219178082,278.03,0.23255161987304687,put
270.0,0.1917808219178082,278.03,0.22461712890624996,put
275.0,0.1917808219178082,278.03,0.21744556976318358,put
280.0,0.1917808219178082,278.03,0.20917538879394526,put
285.0,0.1917808219178082,278.03,0.20127141510009766,put
290.0,0.1917808219178082,278.03,0.19321485504150393,put
295.0,0.1917808219178082,278.03,0.1873250213623047,put
300.0,0.1917808219178082,278.03,0.21097590789794918,put
305.0,0.1917808219178082,278.03,0.17469087036132813,put
310.0,0.1917808219178082,278.03,0.16968603759765627,put
315.0,0.1917808219178082,278.03,0.22657023437499998,put
320.0,0.1917808219178082,278.03,0.2486647399902344,put
325.0,0.1917808219178082,278.03,0.2722851092529296,put
330.0,0.1917808219178082,278.03,0.28650615844726557,put
340.0,0.1917808219178082,278.03,0.5810588769531251,put
350.0,0.1917808219178082,278.03,0.4497125341796875,put
450.0,0.1917808219178082,278.03,0.625125819091797,put
90.0,0.2684931506849315,278.03,0.851563984375,put
95.0,0.2684931506849315,278.03,0.7148466015625,put
100.0,0.2684931506849315,278.03,0.7597680273437502,put
105.0,0.2684931506849315,278.03,0.648441015625,put
110.0,0.2684931506849315,278.03,0.7070341796875,put
115.0,0.2684931506849315,278.03,0.6171913281250001,put
120.0,0.2684931506849315,278.03,0.5898478515625001,put
125.0,0.2684931506849315,278.03,0.5996133789062501,put
130.0,0.2684931506849315,278.03,0.596683720703125,put
135.0,0.2684931506849315,278.03,0.551762294921875,put
140.0,0.2684931506849315,278.03,0.52539537109375,put
145.0,0.2684931506849315,278.03,0.5107470800781251,put
150.0,0.2684931506849315,278.03,0.4946339599609375,put
155.0,0.2684931506849315,278.03,0.5312546875,put
160.0,0.2684931506849315,278.03,0.463872548828125,put
165.0,0.2684931506849315,278.03,0.44873598144531246,put
170.0,0.2684931506849315,278.03,0.4331111376953125,put
175.0,0.2684931506849315,278.03,0.4184628466796875,put
180.0,0.2684931506849315,278.03,0.405279384765625,put
185.0,0.2684931506849315,278.03,0.3920959228515625,put
190.0,0.2684931506849315,278.03,0.3794007373046875,put
195.0,0.2684931506849315,278.03,0.36646141357421874,put
200.0,0.2684931506849315,278.03,0.35425450439453116,put
210.0,0.2684931506849315,278.03,0.3320379296875,put
220.0,0.2684931506849315,278.03,0.32141791870117187,put
230.0,0.2684931506849315,278.03,0.2916330603027343,put
240.0,0.2684931506849315,278.03,0.2732616619873046,put
250.0,0.2684931506849315,278.03,0.2574537145996094,put
260.0,0.2684931506849315,278.03,0.24149318084716798,put
270.0,0.2684931506849315,278.03,0.2269059243774414,put
280.0,0.2684931506849315,278.03,0.21628591339111325,put
290.0,0.2684931506849315,278.03,0.19849434326171872,put
300.0,0.2684931506849315,278.03,0.18476157043457028,put
310.0,0.2684931506849315,278.03,0.20600159240722654,put
320.0,0.2684931506849315,278.03,0.16053085571289064,put
330.0,0.2684931506849315,278.03,0.25269302001953126,put
340.0,0.2684931506849315,278.03,0.28351546569824215,put
350.0,0.2684931506849315,278.03,1.8132333557128906,put
360.0,0.2684931506849315,278.03,0.3402165588378906,put
370.0,0.2684931506849315,278.03,1.0000000000000003e-05,put
120.0,0.3452054794520548,278.03,0.5722699023437501,put
125.0,0.3452054794520548,278.03,0.5712933496093751,put
130.0,0.3452054794520548,278.03,0.5136767382812499,put
135.0,0.3452054794520548,278.03,0.50586431640625,put
140.0,0.3452054794520548,278.03,0.5039112109375,put
145.0,0.3452054794520548,278.03,0.5219774365234374,put
150.0,0.3452054794520548,278.03,0.45898978515625005,put
155.0,0.3452054794520548,278.03,0.459966337890625,put
160.0,0.3452054794520548,278.03,0.44482977050781247,put
165.0,0.3452054794520548,278.03,0.4489801196289062,put
170.0,0.3452054794520548,278.03,0.41797457031249996,put
175.0,0.3452054794520548,278.03,0.40405869384765625,put
180.0,0.3452054794520548,278.03,0.3918517846679687,put
185.0,0.3452054794520548,278.03,0.3794007373046875,put
190.0,0.3452054794520548,278.03,0.3845276391601562,put
195.0,0.3452054794520548,278.03,0.35657381713867187,put
200.0,0.3452054794520548,278.03,0.36804831176757813,put
205.0,0.3452054794520548,278.03,0.33484551879882807,put
210.0,0.3452054794520548,278.03,0.32434757690429683,put
215.0,0.3452054794520548,278.03,0.31464308410644526,put
220.0,0.3452054794520548,278.03,0.3036568658447265,put
225.0,0.3452054794520548,278.03,0.2940134075927734,put
230.0,0.3452054794520548,278.03,0.2876047802734374,put
235.0,0.3452054794520548,278.03,0.277778218383789,put
240.0,0.3452054794520548,278.03,0.27027096923828126,put
245.0,0.3452054794520548,278.03,0.26248906463623045,put
250.0,0.3452054794520548,278.03,0.2541578491210938,put
255.0,0.3452054794520548,278.03,0.24695577270507812,put
260.0,0.3452054794520548,278.03,0.23941800628662108,put
265.0,0.3452054794520548,278.03,0.23203282623291016,put
270.0,0.3452054794520548,278.03,0.22522747436523435,put
275.0,0.3452054794520548,278.03,0.21857470886230468,put
280.0,0.3452054794520548,278.03,0.21250177154541017,put
285.0,0.3452054794520548,278.03,0.20520814331054685,put
290.0,0.3452054794520548,278.03,0.19873848144531248,put
295.0,0.3452054794520548,278.03,0.1921772677612305,put
300.0,0.3452054794520548,278.03,0.1883015740966797,put
305.0,0.3452054794520548,278.03,0.17981777221679687,put
310.0,0.3452054794520548,278.03,0.17093724578857422,put
315.0,0.3452054794520548,278.03,0.20639831695556637,put
320.0,0.3452054794520548,278.03,0.20307193420410152,put
325.0,0.3452054794520548,278.03,0.20758849060058593,put
330.0,0.3452054794520548,278.03,0.22339643798828124,put
340.0,0.3452054794520548,278.03,0.2506788800048828,put
360.0,0.3452054794520548,278.03,0.3007882421875,put
440.0,0.3452054794520548,278.03,0.4650322052001954,put
450.0,0.3452054794520548,278.03,0.4821829125976563,put
5.0,0.42191780821917807,278.03,2.69531576171875,put
10.0,0.42191780821917807,278.03,2.050786123046875,put
15.0,0.42191780821917807,278.03,1.75000125,put
20.0,0.42191780821917807,278.03,1.5664084179687499,put
25.0,0.42191780821917807,278.03,1.4257841210937499,put
35.0,0.42191780821917807,278.03,1.22266013671875,put
40.0,0.42191780821917807,278.03,1.142582412109375,put
45.0,0.42191780821917807,278.03,0.99804689453125,put
50.0,0.42191780821917807,278.03,0.9570316796874999,put
60.0,0.42191780821917807,278.03,0.8359391406249999,put
70.0,0.42191780821917807,278.03,0.823243955078125,put
80.0,0.42191780821917807,278.03,0.69336244140625,put
85.0,0.42191780821917807,278.03,0.7070341796875,put
90.0,0.42191780821917807,278.03,0.684573466796875,put
95.0,0.42191780821917807,278.03,0.65820654296875,put
100.0,0.42191780821917807,278.03,0.63867548828125,put
105.0,0.42191780821917807,278.03,0.586918193359375,put
110.0,0.42191780821917807,278.03,0.5634809277343751,put
115.0,0.42191780821917807,278.03,0.5537154003906251,put
120.0,0.42191780821917807,278.03,0.53320779296875,put
125.0,0.42191780821917807,278.03,0.5141650146484374,put
130.0,0.42191780821917807,278.03,0.49707534179687507,put
135.0,0.42191780821917807,278.03,0.48291532714843755,put
140.0,0.42191780821917807,278.03,0.47070841796875,put
145.0,0.42191780821917807,278.03,0.45752495605468757,put
150.0,0.42191780821917807,278.03,0.4733939379882813,put
155.0,0.42191780821917807,278.03,0.4440973559570312,put
160.0,0.42191780821917807,278.03,0.4211483666992188,put
165.0,0.42191780821917807,278.03,0.42896078857421877,put
170.0,0.42191780821917807,278.03,0.40650007568359375,put
175.0,0.42191780821917807,278.03,0.3947814428710938,put
180.0,0.42191780821917807,278.03,0.3845276391601562,put
185.0,0.42191780821917807,278.03,0.37366348999023435,put
190.0,0.42191780821917807,278.03,0.3631655480957031,put
195.0,0.42191780821917807,278.03,0.34924967163085935,put
200.0,0.42191780821917807,278.03,0.3403386279296875,put
210.0,0.42191780821917807,278.03,0.32282171325683584,put
220.0,0.42191780821917807,278.03,0.30634238586425777,put
230.0,0.42191780821917807,278.03,0.2917856466674803,put
240.0,0.42191780821917807,278.03,0.28137925659179686,put
250.0,0.42191780821917807,278.03,0.26200078826904294,put
260.0,0.42191780821917807,278.03,0.24842060180664063,put
270.0,0.42191780821917807,278.03,0.2355423126220703,put
280.0,0.42191780821917807,278.03,0.22284712707519527,put
290.0,0.42191780821917807,278.03,0.21006038970947266,put
300.0,0.42191780821917807,278.03,0.19660227233886718,put
310.0,0.42191780821917807,278.03,0.188484677734375,put
320.0,0.42191780821917807,278.03,0.17475190490722659,put
330.0,0.42191780821917807,278.03,0.1656577575683594,put
340.0,0.42191780821917807,278.03,0.22711954528808592,put
350.0,0.42191780821917807,278.03,0.250434741821289,put
390.0,0.42191780821917807,278.03,0.5276536492919923,put
400.0,0.42191780821917807,278.03,0.42188078125,put
5.0,0.5150684931506849,278.03,2.2773480566406246,put
10.0,0.5150684931506849,278.03,1.8320320898437497,put
15.0,0.5150684931506849,278.03,1.5781271093749998,put
20.0,0.5150684931506849,278.03,1.4179716601562502,put
25.0,0.5150684931506849,278.03,1.29297228515625,put
30.0,0.5150684931506849,278.03,1.197269638671875,put
35.0,0.5150684931506849,278.03,0.92187578125,put
40.0,0.5150684931506849,278.03,0.9648441015625,put
45.0,0.5150684931506849,278.03,0.9062509375,put
50.0,0.5150684931506849,278.03,0.9238288867187501,put
55.0,0.5150684931506849,278.03,0.8203142968749999,put
60.0,0.5150684931506849,278.03,0.7753928710937501,put
65.0,0.5150684931506849,278.03,0.7851583984375,put
70.0,0.5150684931506849,278.03,0.7500025,put
75.0,0.5150684931506849,278.03,0.7158231542968749,put
80.0,0.5150684931506849,278.03,0.68555001953125,put
85.0,0.5150684931506849,278.03,0.6679720703125002,put
90.0,0.5150684931506849,278.03,0.5839885351562499,put
95.0,0.5150684931506849,278.03,0.56055126953125,put
100.0,0.5150684931506849,278.03,0.5488326367187502,put
105.0,0.5150684931506849,278.03,0.5371140039062501,put
110.0,0.5150684931506849,278.03,0.51758294921875,put
115.0,0.5150684931506849,278.03,0.50586431640625,put
120.0,0.5150684931506849,278.03,0.5004932763671875,put
125.0,0.5150684931506849,278.03,0.4858449853515625,put
130.0,0.5150684931506849,278.03,0.4836477416992188,put
135.0,0.5150684931506849,278.03,0.4689994506835938,put
140.0,0.5150684931506849,278.03,0.44751529052734373,put
145.0,0.5150684931506849,278.03,0.43457596679687505,put
150.0,0.5150684931506849,278.03,0.42236905761718746,put
155.0,0.5150684931506849,278.03,0.41211525390625,put
160.0,0.5150684931506849,278.03,0.4068662829589844,put
165.0,0.5150684931506849,278.03,0.39148557739257805,put
170.0,0.5150684931506849,278.03,0.38184211914062494,put
175.0,0.5150684931506849,278.03,0.3761048718261719,put
180.0,0.5150684931506849,278.03,0.36597313720703123,put
185.0,0.5150684931506849,278.03,0.3537662280273437,put
190.0,0.5150684931506849,278.03,0.3455875988769531,put
195.0,0.5150684931506849,278.03,0.33740896972656254,put
200.0,0.5150684931506849,278.03,0.32910827148437494,put
205.0,0.5150684931506849,278.03,0.32129584960937496,put
210.0,0.5150684931506849,278.03,0.31366653137207035,put
215.0,0.5150684931506849,278.03,0.3062813513183594,put
220.0,0.5150684931506849,278.03,0.2988961712646484,put
225.0,0.5150684931506849,278.03,0.2923654748535155,put
230.0,0.5150684931506849,278.03,0.28516339843749994,put
235.0,0.5150684931506849,278.03,0.2782359774780273,put
240.0,0.5150684931506849,278.03,0.27140010833740236,put
245.0,0.5150684931506849,278.03,0.2652661364746094,put
250.0,0.5150684931506849,278.03,0.2587354400634766,put
255.0,0.5150684931506849,278.03,0.2524488818359375,put
260.0,0.5150684931506849,278.03,0.24613180633544923,put
265.0,0.5150684931506849,278.03,0.24033352447509765,put
270.0,0.5150684931506849,278.03,0.23413851806640623,put
275.0,0.5150684931506849,278.03,0.22806558074951172,put
280.0,0.5150684931506849,278.03,0.22132126342773437,put
285.0,0.5150684931506849,278.03,0.21686574157714844,put
290.0,0.5150684931506849,278.03,0.21083858016967771,put
300.0,0.5150684931506849,278.03,0.19931830963134767,put
310.0,0.5150684931506849,278.03,0.20603210968017577,put
320.0,0.5150684931506849,278.03,0.1840901904296875,put
330.0,0.5150684931506849,278.03,0.16120223571777342,put
340.0,0.5150684931506849,278.03,0.20587952331542966,put
350.0,0.5150684931506849,278.03,0.22553264709472653,put
360.0,0.5150684931506849,278.03,0.24549094360351562,put
370.0,0.5150684931506849,278.03,0.9820863607788085,put
380.0,0.5150684931506849,278.03,0.48550929534912113,put
390.0,0.5150684931506849,278.03,0.3637148590087891,put
400.0,0.5150684931506849,278.03,0.316840327758789,put
160.0,0.5945205479452055,278.03,0.3966124792480469,put
165.0,0.5945205479452055,278.03,0.38611453735351553,put
170.0,0.5945205479452055,278.03,0.3761048718261719,put
175.0,0.5945205479452055,278.03,0.36694968994140625,put
180.0,0.5945205479452055,278.03,0.3573062316894531,put
185.0,0.5945205479452055,278.03,0.3487613952636719,put
190.0,0.5945205479452055,278.03,0.33991138610839844,put
200.0,0.5945205479452055,278.03,0.3237372314453124,put
205.0,0.5945205479452055,278.03,0.316840327758789,put
210.0,0.5945205479452055,278.03,0.30725790405273434,put
215.0,0.5945205479452055,278.03,0.30533531585693363,put
220.0,0.5945205479452055,278.03,0.29340306213378897,put
225.0,0.5945205479452055,278.03,0.2910837493896483,put
230.0,0.5945205479452055,278.03,0.2828746029663085,put
235.0,0.5945205479452055,278.03,0.27423821472167964,put
240.0,0.5945205479452055,278.03,0.26761596649169916,put
245.0,0.5945205479452055,278.03,0.2654187228393554,put
250.0,0.5945205479452055,278.03,0.2553785400390626,put
255.0,0.5945205479452055,278.03,0.2493971545410156,put
260.0,0.5945205479452055,278.03,0.2447890463256836,put
265.0,0.5945205479452055,278.03,0.23874662628173826,put
270.0,0.5945205479452055,278.03,0.23133092895507812,put
275.0,0.5945205479452055,278.03,0.22541057800292968,put
280.0,0.5945205479452055,278.03,0.21955126159667968,put
285.0,0.5945205479452055,278.03,0.2142717733764648,put
290.0,0.5945205479452055,278.03,0.21060970062255857,put
295.0,0.5945205479452055,278.03,0.20562012649536132,put
300.0,0.5945205479452055,278.03,0.2098467687988281,put
315.0,0.5945205479452055,278.03,0.19925727508544921,put
320.0,0.5945205479452055,278.03,0.1780477703857422,put
325.0,0.5945205479452055,278.03,0.1913838186645508,put
330.0,0.5945205479452055,278.03,0.16590189575195316,put
335.0,0.5945205479452055,278.03,0.1840901904296875,put
340.0,0.5945205479452055,278.03,0.18781329772949218,put
110.0,0.6904109589041096,278.03,0.48730981445312505,put
115.0,0.6904109589041096,278.03,0.49805189453125004,put
120.0,0.6904109589041096,278.03,0.4624077197265626,put
125.0,0.6904109589041096,278.03,0.4497125341796875,put
130.0,0.6904109589041096,278.03,0.43848217773437503,put
135.0,0.6904109589041096,278.03,0.44873598144531246,put
140.0,0.6904109589041096,278.03,0.43506424316406256,put
145.0,0.6904109589041096,278.03,0.41687594848632803,put
150.0,0.6904109589041096,278.03,0.4118711157226562,put
155.0,0.6904109589041096,278.03,0.39624627197265627,put
160.0,0.6904109589041096,278.03,0.3864807446289062,put
165.0,0.6904109589041096,278.03,0.3714662463378906,put
170.0,0.6904109589041096,278.03,0.3685976226806641,put
175.0,0.6904109589041096,278.03,0.35999175170898434,put
180.0,0.6904109589041096,278.03,0.3518131225585937,put
185.0,0.6904109589041096,278.03,0.3437565625,put
190.0,0.6904109589041096,278.03,0.33301448242187504,put
195.0,0.6904109589041096,278.03,0.3255072332763671,put
200.0,0.6904109589041096,278.03,0.3194648132324218,put
210.0,0.6904109589041096,278.03,0.30570152313232424,put
220.0,0.6904109589041096,278.03,0.2924875439453124,put
230.0,0.6904109589041096,278.03,0.2804942556762695,put
240.0,0.6904109589041096,278.03,0.2691723474121094,put
250.0,0.6904109589041096,278.03,0.2574231973266602,put
260.0,0.6904109589041096,278.03,0.25107560455322264,put
270.0,0.6904109589041096,278.03,0.23433688034057615,put
280.0,0.6904109589041096,278.03,0.22391523162841792,put
290.0,0.6904109589041096,278.03,0.21529410202026367,put
300.0,0.6904109589041096,278.03,0.20471986694335934,put
310.0,0.6904109589041096,278.03,0.1940083041381836,put
320.0,0.6904109589041096,278.03,0.1823201885986328,put
330.0,0.6904109589041096,278.03,0.18524984680175777,put
340.0,0.6904109589041096,278.03,0.18415122497558595,put
350.0,0.6904109589041096,278.03,0.20154607055664062,put
360.0,0.6904109589041096,278.03,0.21915453704833981,put
370.0,0.6904109589041096,278.03,0.23590851989746092,put
380.0,0.6904109589041096,278.03,0.2979196185302734,put
440.0,0.6904109589041096,278.03,0.3340520697021484,put
50.0,0.7671232876712328,278.03,0.6992217578125001,put
55.0,0.7671232876712328,278.03,0.6816438085937502,put
60.0,0.7671232876712328,278.03,0.6621127539062501,put
65.0,0.7671232876712328,278.03,0.6250037500000001,put
70.0,0.7671232876712328,278.03,0.6152382226562501,put
75.0,0.7671232876712328,278.03,0.5800823242187501,put
80.0,0.7671232876712328,278.03,0.5888712988281251,put
85.0,0.7671232876712328,278.03,0.5561567822265626,put
90.0,0.7671232876712328,278.03,0.51562984375,put
95.0,0.7671232876712328,278.03,0.5170946728515625,put
100.0,0.7671232876712328,278.03,0.5019581054687501,put
105.0,0.7671232876712328,278.03,0.495122236328125,put
110.0,0.7671232876712328,278.03,0.48950705810546885,put
115.0,0.7671232876712328,278.03,0.47559118164062497,put
120.0,0.7671232876712328,278.03,0.46143116699218756,put
125.0,0.7671232876712328,278.03,0.4611870288085938,put
130.0,0.7671232876712328,278.03,0.437505625,put
135.0,0.7671232876712328,278.03,0.42578699218750005,put
140.0,0.7671232876712328,278.03,0.4154111193847656,put
145.0,0.7671232876712328,278.03,0.405279384765625,put
150.0,0.7671232876712328,278.03,0.39514765014648445,put
155.0,0.7671232876712328,278.03,0.4317683776855469,put
160.0,0.7671232876712328,278.03,0.37708142456054683,put
165.0,0.7671232876712328,278.03,0.3682314154052735,put
170.0,0.7671232876712328,278.03,0.35999175170898434,put
175.0,0.7671232876712328,278.03,0.35205726074218746,put
180.0,0.7671232876712328,278.03,0.3443669079589844,put
185.0,0.7671232876712328,278.03,0.33704276245117193,put
190.0,0.7671232876712328,278.03,0.32993223785400383,put
195.0,0.7671232876712328,278.03,0.3209906768798828,put
200.0,0.7671232876712328,278.03,0.31464308410644526,put
205.0,0.7671232876712328,278.03,0.30713583496093744,put
210.0,0.7671232876712328,278.03,0.3007882421875,put
215.0,0.7671232876712328,278.03,0.29526461578369134,put
220.0,0.7671232876712328,278.03,0.28934426483154285,put
225.0,0.7671232876712328,278.03,0.28305770660400387,put
230.0,0.7671232876712328,278.03,0.2922739230346678,put
235.0,0.7671232876712328,278.03,0.2856211575317382,put
240.0,0.7671232876712328,278.03,0.26773803558349607,put
245.0,0.7671232876712328,278.03,0.2606275109863281,put
250.0,0.7671232876712328,278.03,0.2668530346679688,put
255.0,0.7671232876712328,278.03,0.25095353546142574,put
260.0,0.7671232876712328,278.03,0.24503318450927736,put
265.0,0.7671232876712328,278.03,0.24033352447509765,put
270.0,0.7671232876712328,278.03,0.23509981216430664,put
275.0,0.7671232876712328,278.03,0.2282334257507324,put
280.0,0.7671232876712328,278.03,0.22278609252929685,put
285.0,0.7671232876712328,278.03,0.21761341476440427,put
290.0,0.7671232876712328,278.03,0.2136614279174805,put
295.0,0.7671232876712328,278.03,0.20830564651489253,put
300.0,0.7671232876712328,278.03,0.20302615829467768,put
310.0,0.7671232876712328,278.03,0.1926045095825195,put
320.0,0.7671232876712328,278.03,0.1810079458618164,put
330.0,0.7671232876712328,278.03,0.1970905487060547,put
340.0,0.7671232876712328,278.03,0.1842732940673828,put
350.0,0.7671232876712328,278.03,0.1889729541015625,put
360.0,0.7671232876712328,278.03,0.20804624969482416,put
380.0,0.7671232876712328,278.03,0.2391433508300781,put
400.0,0.7671232876712328,278.03,0.26770751831054684,put
420.0,0.7671232876712328,278.03,0.2926096130371093,put
5.0,1.0164383561643835,278.03,1.5273461132812498,put
10.0,1.0164383561643835,278.03,1.23047259765625,put
15.0,1.0164383561643835,278.03,1.1962930810546877,put
20.0,1.0164383561643835,278.03,0.98437515625,put
25.0,1.0164383561643835,278.03,0.9023447265625,put
30.0,1.0164383561643835,278.03,1.1501507336425782,put
35.0,1.0164383561643835,278.03,0.7539087109375,put
40.0,1.0164383561643835,278.03,0.726565234375,put
45.0,1.0164383561643835,278.03,0.6826203613281252,put
50.0,1.0164383561643835,278.03,0.5898478515625001,put
60.0,1.0164383561643835,278.03,0.5390671093750001,put
70.0,1.0164383561643835,278.03,0.5649457568359376,put
80.0,1.0164383561643835,278.03,0.5180712255859375,put
85.0,1.0164383561643835,278.03,0.5004932763671875,put
90.0,1.0164383561643835,278.03,0.49023947265625006,put
95.0,1.0164383561643835,278.03,0.5095263891601562,put
100.0,1.0164383561643835,278.03,0.46631393066406257,put
105.0,1.0164383561643835,278.03,0.4771780798339844,put
110.0,1.0164383561643835,278.03,0.4419001123046875,put
115.0,1.0164383561643835,278.03,0.43164630859375,put
120.0,1.0164383561643835,278.03,0.4206600903320313,put
125.0,1.0164383561643835,278.03,0.4110166320800781,put
130.0,1.0164383561643835,278.03,0.4096738720703125,put
135.0,1.0164383561643835,278.03,0.4124814611816406,put
140.0,1.0164383561643835,278.03,0.39685661743164063,put
145.0,1.0164383561643835,278.03,0.3867859173583984,put
150.0,1.0164383561643835,278.03,0.3781800463867187,put
155.0,1.0164383561643835,278.03,0.3617007189941406,put
160.0,1.0164383561643835,278.03,0.35809968078613286,put
165.0,1.0164383561643835,278.03,0.3512638116455078,put
170.0,1.0164383561643835,278.03,0.34448897705078124,put
175.0,1.0164383561643835,278.03,0.3349065533447265,put
180.0,1.0164383561643835,278.03,0.32898620239257803,put
185.0,1.0164383561643835,278.03,0.34534346069335936,put
190.0,1.0164383561643835,278.03,0.3170844659423828,put
195.0,1.0164383561643835,278.03,0.3108589422607422,put
200.0,1.0164383561643835,278.03,0.305671005859375,put
210.0,1.0164383561643835,278.03,0.29407444213867184,put
220.0,1.0164383561643835,278.03,0.29724823852539056,put
230.0,1.0164383561643835,278.03,0.27327692062377923,put
240.0,1.0164383561643835,278.03,0.26273320281982426,put
250.0,1.0164383561643835,278.03,0.25287612365722656,put
260.0,1.0164383561643835,278.03,0.24407189041137695,put
270.0,1.0164383561643835,278.03,0.2347641221618652,put
280.0,1.0164383561643835,278.03,0.22415936981201168,put
290.0,1.0164383561643835,278.03,0.21451591156005856,put
300.0,1.0164383561643835,278.03,0.21790332885742186,put
310.0,1.0164383561643835,278.03,0.20420107330322262,put
320.0,1.0164383561643835,278.03,0.19944037872314452,put
330.0,1.0164383561643835,278.03,0.17542328491210937,put
340.0,1.0164383561643835,278.03,0.16379620391845706,put
350.0,1.0164383561643835,278.03,0.1875386422729492,put
360.0,1.0164383561643835,278.03,0.19117019775390626,put
370.0,1.0164383561643835,278.03,0.2054522814941406,put
380.0,1.0164383561643835,278.03,0.20813780151367184,put
390.0,1.0164383561643835,278.03,0.22083298706054685,put
400.0,1.0164383561643835,278.03,0.23297886169433596,put
410.0,1.0164383561643835,278.03,0.24469749450683598,put
440.0,1.0164383561643835,278.03,0.7462488754272462,put
450.0,1.0164383561643835,278.03,0.5074054386901854,put
5.0,1.093150684931507,278.03,1.15625421875,put
10.0,1.093150684931507,278.03,0.937500625,put
15.0,1.093150684931507,278.03,1.2294960400390624,put
20.0,1.093150684931507,278.03,0.9609378906249999,put
25.0,1.093150684931507,278.03,1.003422951660156,put
30.0,1.093150684931507,278.03,0.9238288867187501,put
35.0,1.093150684931507,278.03,0.8632826171875,put
40.0,1.093150684931507,278.03,0.7128934960937501,put
45.0,1.093150684931507,278.03,0.700198310546875,put
50.0,1.093150684931507,278.03,0.6171913281250001,put
60.0,1.093150684931507,278.03,0.5742230078125,put
70.0,1.093150684931507,278.03,0.5795940478515625,put
80.0,1.093150684931507,278.03,0.5048877636718749,put
85.0,1.093150684931507,278.03,0.5188036401367188,put
90.0,1.093150684931507,278.03,0.48071808349609374,put
95.0,1.093150684931507,278.03,0.467778759765625,put
100.0,1.093150684931507,278.03,0.45435115966796874,put
105.0,1.093150684931507,278.03,0.44360907958984375,put
110.0,1.093150684931507,278.03,0.4321345849609375,put
115.0,1.093150684931507,278.03,0.42139250488281255,put
120.0,1.093150684931507,278.03,0.4270076831054688,put
125.0,1.093150684931507,278.03,0.4162656030273437,put
130.0,1.093150684931507,278.03,0.4057676611328125,put
135.0,1.093150684931507,278.03,0.39258419921875,put
140.0,1.093150684931507,278.03,0.383795224609375,put
145.0,1.093150684931507,278.03,0.3754945263671875,put
150.0,1.093150684931507,278.03,0.36780417358398443,put
155.0,1.093150684931507,278.03,0.3601748553466796,put
160.0,1.093150684931507,278.03,0.3526065716552734,put
165.0,1.093150684931507,278.03,0.34564863342285157,put
170.0,1.093150684931507,278.03,0.334967587890625,put
175.0,1.093150684931507,278.03,0.3296270651245117,put
180.0,1.093150684931507,278.03,0.32355412780761705,put
185.0,1.093150684931507,278.03,0.3177558459472656,put
190.0,1.093150684931507,278.03,0.3111030804443359,put
195.0,1.093150684931507,278.03,0.305671005859375,put
200.0,1.093150684931507,278.03,0.3001778967285156,put
210.0,1.093150684931507,278.03,0.2898020239257812,put
220.0,1.093150684931507,278.03,0.280005979309082,put
230.0,1.093150684931507,278.03,0.2695843305969238,put
240.0,1.093150684931507,278.03,0.2599103550720215,put
250.0,1.093150684931507,278.03,0.2503737072753906,put
260.0,1.093150684931507,278.03,0.2423781817626953,put
270.0,1.093150684931507,278.03,0.23174291213989257,put
280.0,1.093150684931507,278.03,0.22266402343749997,put
290.0,1.093150684931507,278.03,0.2133867724609375,put
300.0,1.093150684931507,278.03,0.20397219375610348,put
310.0,1.093150684931507,278.03,0.20584900604248046,put
320.0,1.093150684931507,278.03,0.18563131271362304,put
330.0,1.093150684931507,278.03,0.17543854354858396,put
340.0,1.093150684931507,278.03,0.16510844665527347,put
350.0,1.093150684931507,278.03,0.15134515655517583,put
360.0,1.093150684931507,278.03,0.14136600830078128,put
370.0,1.093150684931507,278.03,0.18805743591308594,put
380.0,1.093150684931507,278.03,0.20081365600585935,put
390.0,1.093150684931507,278.03,0.21305108245849608,put
400.0,1.093150684931507,278.03,0.49123128402709965,put
410.0,1.093150684931507,278.03,0.6656680162048341,put
420.0,1.093150684931507,278.03,1.0000000000000003e-05,put
430.0,1.093150684931507,278.03,0.5954782884216308,put
440.0,1.093150684931507,278.03,0.26630372375488287,put
450.0,1.093150684931507,278.03,1.0000000000000003e-05,put
530.0,1.093150684931507,278.03,0.34497725341796875,put
5.0,1.5123287671232877,278.03,1.43359658203125,put
10.0,1.5123287671232877,278.03,1.220707021484375,put
15.0,1.5123287671232877,278.03,1.0078174609375,put
20.0,1.5123287671232877,278.03,0.9467778759765625,put
25.0,1.5123287671232877,278.03,0.8652357226562499,put
30.0,1.5123287671232877,278.03,0.799806689453125,put
35.0,1.5123287671232877,278.03,0.6718782812500002,put
50.0,1.5123287671232877,278.03,0.57617611328125,put
55.0,1.5123287671232877,278.03,0.2500075,put
60.0,1.5123287671232877,278.03,0.5361374511718751,put
65.0,1.5123287671232877,278.03,0.5131884619140624,put
70.0,1.5123287671232877,278.03,0.49609878906250005,put
75.0,1.5123287671232877,278.03,0.4809622216796875,put
80.0,1.5123287671232877,278.03,0.4672904833984375,put
85.0,1.5123287671232877,278.03,0.47827670166015623,put
90.0,1.5123287671232877,278.03,0.4426325268554688,put
95.0,1.5123287671232877,278.03,0.4309138940429688,put
100.0,1.5123287671232877,278.03,0.42090422851562503,put
105.0,1.5123287671232877,278.03,0.411138701171875,put
110.0,1.5123287671232877,278.03,0.41919526123046874,put
115.0,1.5123287671232877,278.03,0.40491317749023437,put
120.0,1.5123287671232877,278.03,0.3845276391601562,put
125.0,1.5123287671232877,278.03,0.3768983209228516,put
130.0,1.5123287671232877,278.03,0.369574175415039,put
135.0,1.5123287671232877,278.03,0.3701845208740234,put
140.0,1.5123287671232877,278.03,0.3557803680419921,put
145.0,1.5123287671232877,278.03,0.34943277526855465,put
150.0,1.5123287671232877,278.03,0.3429631134033203,put
155.0,1.5123287671232877,278.03,0.3380803497314453,put
160.0,1.5123287671232877,278.03,0.3315801705932617,put
165.0,1.5123287671232877,278.03,0.325629302368164,put
170.0,1.5123287671232877,278.03,0.32010567596435535,put
175.0,1.5123287671232877,278.03,0.31485670501708973,put
180.0,1.5123287671232877,278.03,0.3097908377075196,put
185.0,1.5123287671232877,278.03,0.3048470394897461,put
190.0,1.5123287671232877,278.03,0.29917082672119133,put
195.0,1.5123287671232877,278.03,0.29434909759521477,put
200.0,1.5123287671232877,278.03,0.28946633392333976,put
210.0,1.5123287671232877,278.03,0.2807231352233886,put
220.0,1.5123287671232877,278.03,0.2718273501586914,put
230.0,1.5123287671232877,278.03,0.26306889282226564,put
240.0,1.5123287671232877,278.03,0.2546003495788575,put
250.0,1.5123287671232877,278.03,0.24652853088378907,put
260.0,1.5123287671232877,278.03,0.2459944786071777,put
270.0,1.5123287671232877,278.03,0.2311325666809082,put
280.0,1.5123287671232877,278.03,0.2222215229797363,put
290.0,1.5123287671232877,278.03,0.2138445315551758,put
300.0,1.5123287671232877,278.03,0.20539124694824218,put
310.0,1.5123287671232877,278.03,0.19707529006958008,put
320.0,1.5123287671232877,278.03,0.18872881591796875,put
330.0,1.5123287671232877,278.03,0.18970536865234378,put
340.0,1.5123287671232877,278.03,0.16858741577148442,put
350.0,1.5123287671232877,278.03,0.1826863958740234,put
360.0,1.5123287671232877,278.03,0.14252566467285155,put
370.0,1.5123287671232877,278.03,0.17670501037597658,put
380.0,1.5123287671232877,278.03,0.18006191040039063,put
390.0,1.5123287671232877,278.03,0.19080399047851562,put
400.0,1.5123287671232877,278.03,0.2010883114624023,put
410.0,1.5123287671232877,278.03,0.7414118876647948,put
420.0,1.5123287671232877,278.03,1.0000000000000003e-05,put
430.0,1.5123287671232877,278.03,0.7755759747314455,put
440.0,1.5123287671232877,278.03,1.0000000000000003e-05,put
450.0,1.5123287671232877,278.03,0.24719991088867188,put
480.0,1.5123287671232877,278.03,0.2714611428833008,put
