{
  "BTC": {
    "position": 0,
    "entry_price": 40.16999816894531,
    "levels": {
      "1": 39.77,
      "2": 39.37,
      "3": 38.96,
      "4": 38.56,
      "5": 38.16
    },
    "drawdown": -0.01,
    "direction": "long",
    "status": "On"
  },
  "GC=F": {
    "position": 0,
    "entry_price": 4218.2998046875,
    "levels": {
      "1": 4222.52,
      "2": 4226.74,
      "3": 4230.95,
      "4": 4235.17,
      "5": 4239.39
    },
    "drawdown": 0.001,
    "direction": "long",
    "status": "On"
  }
}