{
  "BTC": {
    "kappa": 0.3017038907817873,
    "theta": 0.4192370012937937,
    "sigma": 1.3630872182680787,
    "rho": -0.08663097711691226,
    "v0": 0.37560257863799784,
    "ticker": "BTC",
    "S0_ref": 40.74,
    "rf_rate": 0.037076,
    "dividend_yield": 0.0
  }
}