{
  "BTC": {
    "kappa": 0.30279845702154723,
    "theta": 0.4064818576836971,
    "sigma": 1.3409619615190873,
    "rho": -0.2087075554369735,
    "v0": 0.3677948735000368,
    "ticker": "BTC",
    "S0_ref": 40.74,
    "rf_rate": 0.037076,
    "dividend_yield": 0.0
  }
}